rank_revised,rank_prior,rank_change_vs_prior,bucket,company,ticker,listing,domicile,region,layer,thesis_key,summary,tier,residual_alpha_score,residual_upside_score,residual_upside_label,crowding_penalty_score,bottleneck_closeness_score,focus_bonus_score,ai_n,bottleneck_n,centrality_n,hidden_n,catalyst_n,alpha_revision_note,trace,evidence_grade,tags,region_bucket
1,6,5,High-conviction residual alpha,CTS Corp,CTS,NYSE: CTS,United States,US,Passives / sensing,"Resistor networks, current sensing, data-center power sensing","Resistor networks, current sensing, data-center power sensing; bottleneck, AI-adjacent, hidden-gem, central-node.",Tier A,100.0,5,very under-owned,1,5,5.0,0.8,1.0,0.8,1.0,0.6,Direct passive/power bottleneck supplier with lower crowding and better residual upside.,1.0,A,"bottleneck, AI-adjacent, hidden-gem, central-node",US
2,7,5,High-conviction residual alpha,Vishay Intertechnology,VSH,NYSE: VSH,United States,US,Passives,"Tantalum, polymer, film, inductors, resistors, current sense","Tantalum, polymer, film, inductors, resistors, current sense; bottleneck, AI-adjacent, underfollowed, 2026-catalyst, central-node.",Tier A,79.3,3,balanced,3,5,5.0,0.8,1.0,0.8,0.8,0.8,"Direct bottleneck exposure remains attractive, though less hidden than Tier A names.",1.0,A,"bottleneck, AI-adjacent, underfollowed, 2026-catalyst, central-node",US
3,37,34,High-conviction residual alpha,Benchmark Electronics,BHE,NYSE: BHE,United States,US,EMS / industrial electronics,Complex power and control electronics manufacturing,Complex power and control electronics manufacturing; hidden-gem.,Tier A,71.0,4,underfollowed,2,3,3.5,0.6,0.6,0.6,1.0,0.6,Underfollowed integration/power proxy with more room left than headline AI winners.,0.4,C+,hidden-gem,US
4,20,16,High-conviction residual alpha,Power Integrations,POWI,NASDAQ: POWI,United States,US,Power semis,High-efficiency power conversion,"High-efficiency power conversion; tight-supply, AI-adjacent, underfollowed, central-node.",Tier A,65.6,3,balanced,3,4,3.5,0.8,0.8,0.8,0.8,0.6,"Direct bottleneck exposure remains attractive, though less hidden than Tier A names.",0.4,C+,"tight-supply, AI-adjacent, underfollowed, central-node",US
5,18,13,High-conviction residual alpha,Plexus,PLXS,NASDAQ: PLXS,United States,US,EMS,Underfollowed manufacturing proxy for complex cloud/network gear,"Underfollowed manufacturing proxy for complex cloud/network gear; tight-supply, AI-adjacent, underfollowed, central-node.",Tier A,63.4,3,balanced,3,3,3.5,0.8,0.8,0.8,0.8,0.6,"Balanced AI supply-chain exposure, but not as mispriced as the top residual-alpha names.",0.5,B,"tight-supply, AI-adjacent, underfollowed, central-node",US
6,8,2,Crowded / rerated benchmark,Vishay Precision Group,VPG,NYSE: VPG,United States,US,Current sensing,Precision measurement and current-sense leverage,"Precision measurement and current-sense leverage; tight-supply, AI-adjacent, hidden-gem, hard-to-substitute.",Tier A,58.4,2,partially rerated,4,5,5.0,0.8,0.8,1.0,1.0,0.6,"Strategically important, but the stock already rerated; no longer top residual alpha.",0.8,A-,"tight-supply, AI-adjacent, hidden-gem, hard-to-substitute",US
7,10,3,Crowded / rerated benchmark,Littelfuse,LFUS,NASDAQ: LFUS,United States,US,Protection / sensing,Power protection and current-sense exposure,"Power protection and current-sense exposure; tight-supply, AI-adjacent, underfollowed, 2026-catalyst, hard-to-substitute.",Tier A,58.4,2,partially rerated,4,5,5.0,0.8,0.8,1.0,0.8,0.8,"Strategically important, but the stock already rerated; no longer top residual alpha.",0.8,A-,"tight-supply, AI-adjacent, underfollowed, 2026-catalyst, hard-to-substitute",US
8,4,-4,Crowded / rerated benchmark,Jabil,JBL,NYSE: JBL,United States,US,Power / cooling / EMS,"Grid-to-rack power, liquid cooling, AI infra manufacturing","Grid-to-rack power, liquid cooling, AI infra manufacturing; bottleneck, direct-AI, near-term-catalyst, central-node.",Tier A,50.3,2,partially rerated,4,3,3.5,1.0,1.0,0.8,0.6,1.0,"Strategically important, but the stock already rerated; no longer top residual alpha.",0.7,A-,"bottleneck, direct-AI, near-term-catalyst, central-node",US
9,26,17,High-conviction residual alpha,Regal Rexnord,RRX,NYSE: RRX,United States,US,Magnetics / industrial,Delevan inductors and transformers proxy,"Delevan inductors and transformers proxy; tight-supply, central-node.",Tier A,49.9,2,partially rerated,4,5,5.0,0.6,0.8,0.8,0.6,0.6,"Balanced AI supply-chain exposure, but not as mispriced as the top residual-alpha names.",1.0,A,"tight-supply, central-node",US
10,11,1,Crowded / rerated benchmark,Sanmina,SANM,NASDAQ: SANM,United States,US,EMS / integration,Cluster-scale AI/cloud manufacturing and integration,"Cluster-scale AI/cloud manufacturing and integration; tight-supply, direct-AI, underfollowed, 2026-catalyst, central-node.",Tier A,46.6,2,partially rerated,4,3,3.5,1.0,0.8,0.8,0.8,0.8,"Strategically important, but the stock already rerated; no longer top residual alpha.",0.7,A-,"tight-supply, direct-AI, underfollowed, 2026-catalyst, central-node",US
11,19,8,Secondary residual alpha,Rogers Corp,ROG,NYSE: ROG,United States,US,Materials,Advanced laminates and thermal materials,"Advanced laminates and thermal materials; tight-supply, AI-adjacent, underfollowed, central-node.",Tier B,43.2,2,partially rerated,4,3,3.5,0.8,0.8,0.8,0.8,0.6,"Balanced AI supply-chain exposure, but not as mispriced as the top residual-alpha names.",0.5,B,"tight-supply, AI-adjacent, underfollowed, central-node",US
12,29,17,Secondary residual alpha,Microchip Technology,MCHP,NASDAQ: MCHP,United States,US,Power / embedded,Data-center power and embedded control leverage,"Data-center power and embedded control leverage; tight-supply, AI-adjacent, central-node.",Tier B,41.4,2,partially rerated,4,4,3.5,0.8,0.8,0.8,0.4,0.6,"Balanced AI supply-chain exposure, but not as mispriced as the top residual-alpha names.",0.4,C+,"tight-supply, AI-adjacent, central-node",US
13,30,17,Secondary residual alpha,Navitas Semiconductor,NVTS,NASDAQ: NVTS,United States,US,Power semis,GaN/SiC power exposure,"GaN/SiC power exposure; tight-supply, underfollowed.",Tier B,41.0,2,partially rerated,4,4,3.5,0.6,0.8,0.6,0.8,0.6,"Balanced AI supply-chain exposure, but not as mispriced as the top residual-alpha names.",0.4,C+,"tight-supply, underfollowed",US
14,42,28,Secondary residual alpha,ON Semiconductor,ON,NASDAQ: ON,United States,US,Power semis,Broad power semiconductor leverage,"Broad power semiconductor leverage; tight-supply, central-node.",Tier B,39.9,2,partially rerated,4,4,3.5,0.6,0.8,0.8,0.4,0.6,"Balanced AI supply-chain exposure, but not as mispriced as the top residual-alpha names.",0.4,C+,"tight-supply, central-node",US
15,44,29,Secondary residual alpha,Analog Devices,ADI,NASDAQ: ADI,United States,US,Analog / monitoring,Power monitoring and signal-chain leverage,"Power monitoring and signal-chain leverage; AI-adjacent, central-node.",Tier B,37.7,2,partially rerated,4,4,3.5,0.8,0.6,0.8,0.4,0.6,"Balanced AI supply-chain exposure, but not as mispriced as the top residual-alpha names.",0.4,C+,"AI-adjacent, central-node",US
16,1,-15,Crowded / rerated benchmark,Bel Fuse,BELFB,NASDAQ: BELFB,United States,US,Power delivery / connectivity,"AI server power supplies, magnetics, OCP racks","AI server power supplies, magnetics, OCP racks; bottleneck, direct-AI, hidden-gem, 2026-catalyst, hard-to-substitute.",Tier B,37.3,1,already rerated,5,4,3.5,1.0,1.0,1.0,1.0,0.8,"Strategically important, but the stock already rerated; no longer top residual alpha.",0.7,A-,"bottleneck, direct-AI, hidden-gem, 2026-catalyst, hard-to-substitute",US
17,12,-5,Crowded / rerated benchmark,Powell Industries,POWL,NASDAQ: POWL,United States,US,Switchgear,Switchgear and power distribution for AI buildouts,"Switchgear and power distribution for AI buildouts; bottleneck, AI-adjacent, underfollowed, central-node.",Tier B,36.9,2,partially rerated,4,2,1.5,0.8,1.0,0.8,0.8,0.6,"Strategically important, but the stock already rerated; no longer top residual alpha.",0.4,C+,"bottleneck, AI-adjacent, underfollowed, central-node",US
18,45,27,Secondary residual alpha,Texas Instruments,TXN,NASDAQ: TXN,United States,US,Analog / power,Broad analog and power exposure,"Broad analog and power exposure; AI-adjacent, central-node.",Tier B,35.7,2,partially rerated,4,4,3.5,0.8,0.6,0.8,0.2,0.6,"Balanced AI supply-chain exposure, but not as mispriced as the top residual-alpha names.",0.4,C+,"AI-adjacent, central-node",US
19,2,-17,Crowded / rerated benchmark,Vicor,VICR,NASDAQ: VICR,United States,US,Power delivery,48V-to-point-of-load power delivery for AI accelerators,"48V-to-point-of-load power delivery for AI accelerators; bottleneck, direct-AI, underfollowed, 2026-catalyst, hard-to-substitute.",Tier B,35.3,1,already rerated,5,4,3.5,1.0,1.0,1.0,0.8,0.8,"Strategically important, but the stock already rerated; no longer top residual alpha.",0.7,A-,"bottleneck, direct-AI, underfollowed, 2026-catalyst, hard-to-substitute",US
20,15,-5,Crowded / rerated benchmark,Modine,MOD,NYSE: MOD,United States,US,Thermal management,Thermal and cooling systems for high-density compute,"Thermal and cooling systems for high-density compute; tight-supply, AI-adjacent, underfollowed, 2026-catalyst, central-node.",Tier B,35.3,2,partially rerated,4,2,1.5,0.8,0.8,0.8,0.8,0.8,"Strategically important, but the stock already rerated; no longer top residual alpha.",0.5,B,"tight-supply, AI-adjacent, underfollowed, 2026-catalyst, central-node",US
21,3,-18,Crowded / rerated benchmark,Monolithic Power Systems,MPWR,NASDAQ: MPWR,United States,US,Power semis,High-current power management around accelerators,"High-current power management around accelerators; bottleneck, direct-AI, 2026-catalyst, hard-to-substitute.",Tier B,33.3,1,already rerated,5,4,3.5,1.0,1.0,1.0,0.6,0.8,"Strategically important, but the stock already rerated; no longer top residual alpha.",0.7,A-,"bottleneck, direct-AI, 2026-catalyst, hard-to-substitute",US
22,46,24,Secondary residual alpha,Corning,GLW,NYSE: GLW,United States,US,Fiber / materials,"Fiber, glass and interconnect materials","Fiber, glass and interconnect materials; AI-adjacent.",Tier B,32.5,2,partially rerated,4,3,3.5,0.8,0.6,0.6,0.4,0.6,"Balanced AI supply-chain exposure, but not as mispriced as the top residual-alpha names.",0.3,C,AI-adjacent,US
23,24,1,Secondary residual alpha,Hubbell,HUBB,NYSE: HUBB,United States,US,Power infrastructure,Electrical distribution bottleneck exposure,"Electrical distribution bottleneck exposure; tight-supply, AI-adjacent, central-node.",Tier B,31.2,2,partially rerated,4,2,1.5,0.8,0.8,0.8,0.6,0.6,"Useful AI exposure, but farther from the passive/power bottleneck stack.",0.4,C+,"tight-supply, AI-adjacent, central-node",US
24,5,-19,Crowded / rerated benchmark,TTM Technologies,TTMI,NASDAQ: TTMI,United States,US,PCB / backplane,Complex PCBs and backplanes for AI servers and networking,"Complex PCBs and backplanes for AI servers and networking; tight-supply, direct-AI, underfollowed, 2026-catalyst, hard-to-substitute.",Tier B,29.4,1,already rerated,5,3,3.5,1.0,0.8,1.0,0.8,0.8,"Strategically important, but the stock already rerated; no longer top residual alpha.",0.7,A-,"tight-supply, direct-AI, underfollowed, 2026-catalyst, hard-to-substitute",US
25,36,11,Secondary residual alpha,Carrier Global,CARR,NYSE: CARR,United States,US,Cooling / HVAC,Cooling and thermal management leverage,"Cooling and thermal management leverage; tight-supply, AI-adjacent, central-node.",Tier B,29.2,2,partially rerated,4,2,1.5,0.8,0.8,0.8,0.4,0.6,"Useful AI exposure, but farther from the passive/power bottleneck stack.",0.3,C,"tight-supply, AI-adjacent, central-node",US
26,16,-10,Monitor / benchmark,Lumentum,LITE,NASDAQ: LITE,United States,US,Optics / photonics,AI networking optics and datacom leverage,"AI networking optics and datacom leverage; direct-AI, underfollowed, 2026-catalyst, central-node.",Tier C,27.3,2,partially rerated,4,2,0.0,1.0,0.6,0.8,0.8,0.8,"Useful AI exposure, but farther from the passive/power bottleneck stack.",0.5,B,"direct-AI, underfollowed, 2026-catalyst, central-node",US
27,17,-10,Monitor / benchmark,Advanced Energy Industries,AEIS,NASDAQ: AEIS,United States,US,Power conversion,Advanced power conversion and control leverage,"Advanced power conversion and control leverage; tight-supply, AI-adjacent, hard-to-substitute.",Tier C,26.2,1,already rerated,5,4,3.5,0.8,0.8,1.0,0.6,0.6,"Balanced AI supply-chain exposure, but not as mispriced as the top residual-alpha names.",0.6,B+,"tight-supply, AI-adjacent, hard-to-substitute",US
28,21,-7,Monitor / benchmark,Coherent,COHR,NYSE: COHR,United States,US,Optics / photonics,Optics and datacenter photonics for AI scale-out,"Optics and datacenter photonics for AI scale-out; direct-AI, 2026-catalyst, central-node.",Tier C,25.3,2,partially rerated,4,2,0.0,1.0,0.6,0.8,0.6,0.8,"Useful AI exposure, but farther from the passive/power bottleneck stack.",0.5,B,"direct-AI, 2026-catalyst, central-node",US
29,25,-4,Monitor / benchmark,MACOM Technology Solutions,MTSI,NASDAQ: MTSI,United States,US,Networking analog / optical,High-speed interconnect and optical components,"High-speed interconnect and optical components; AI-adjacent, underfollowed, central-node.",Tier C,23.9,2,partially rerated,4,2,0.0,0.8,0.6,0.8,0.8,0.6,"Useful AI exposure, but farther from the passive/power bottleneck stack.",0.4,C+,"AI-adjacent, underfollowed, central-node",US
30,35,5,Monitor / benchmark,Cummins,CMI,NYSE: CMI,United States,US,Power generation,Backup and onsite power for constrained builds,"Backup and onsite power for constrained builds; tight-supply, AI-adjacent, central-node.",Tier C,23.5,2,partially rerated,4,2,0.0,0.8,0.8,0.8,0.4,0.6,"Useful AI exposure, but farther from the passive/power bottleneck stack.",0.3,C,"tight-supply, AI-adjacent, central-node",US
31,38,7,Monitor / benchmark,Rambus,RMBS,NASDAQ: RMBS,United States,US,Memory interfaces,Memory interface leverage for AI systems,"Memory interface leverage for AI systems; AI-adjacent, central-node.",Tier C,21.8,2,partially rerated,4,2,0.0,0.8,0.6,0.8,0.6,0.6,"Useful AI exposure, but farther from the passive/power bottleneck stack.",0.4,C+,"AI-adjacent, central-node",US
32,43,11,Monitor / benchmark,Caterpillar,CAT,NYSE: CAT,United States,US,Power generation,Gensets and power equipment for data-center deployment,"Gensets and power equipment for data-center deployment; tight-supply, AI-adjacent, central-node.",Tier C,21.4,2,partially rerated,4,2,0.0,0.8,0.8,0.8,0.2,0.6,"Useful AI exposure, but farther from the passive/power bottleneck stack.",0.3,C,"tight-supply, AI-adjacent, central-node",US
33,39,6,Monitor / benchmark,Micron Technology,MU,NASDAQ: MU,United States,US,Memory,HBM and memory leverage,"HBM and memory leverage; direct-AI, central-node.",Tier C,21.2,2,partially rerated,4,2,0.0,1.0,0.6,0.8,0.4,0.6,"Useful AI exposure, but farther from the passive/power bottleneck stack.",0.4,C+,"direct-AI, central-node",US
34,41,7,Monitor / benchmark,Pure Storage,PSTG,NYSE: PSTG,United States,US,Storage,AI storage and data path leverage,"AI storage and data path leverage; AI-adjacent, 2026-catalyst.",Tier C,20.8,2,partially rerated,4,2,0.0,0.8,0.6,0.6,0.6,0.8,"Useful AI exposure, but farther from the passive/power bottleneck stack.",0.4,C+,"AI-adjacent, 2026-catalyst",US
35,31,-4,Monitor / benchmark,Generac,GNRC,NYSE: GNRC,United States,US,Backup power,Power resilience and backup power,"Power resilience and backup power; tight-supply, underfollowed.",Tier C,20.8,2,partially rerated,4,1,0.0,0.6,0.8,0.6,0.8,0.6,"Useful AI exposure, but farther from the passive/power bottleneck stack.",0.3,C,"tight-supply, underfollowed",US
36,9,-27,Crowded / rerated benchmark,Vertiv,VRT,NYSE: VRT,United States,US,Facility power / cooling,Liquid cooling and power infrastructure for AI factories,"Liquid cooling and power infrastructure for AI factories; bottleneck, direct-AI, 2026-catalyst, hard-to-substitute.",Tier C,19.1,1,already rerated,5,2,1.5,1.0,1.0,1.0,0.4,0.8,"Strategically important, but the stock already rerated; no longer top residual alpha.",0.7,A-,"bottleneck, direct-AI, 2026-catalyst, hard-to-substitute",US
37,48,11,Monitor / benchmark,Dell Technologies,DELL,NYSE: DELL,United States,US,Servers,AI server beneficiary,AI server beneficiary; AI-adjacent.,Tier C,14.8,2,partially rerated,4,2,0.0,0.8,0.6,0.6,0.2,0.6,"Useful AI exposure, but farther from the passive/power bottleneck stack.",0.4,C+,AI-adjacent,US
38,47,9,Monitor / benchmark,Hewlett Packard Enterprise,HPE,NYSE: HPE,United States,US,Servers / networking,AI server and networking platform,AI server and networking platform; AI-adjacent.,Tier C,14.8,2,partially rerated,4,2,0.0,0.8,0.6,0.6,0.2,0.6,"Useful AI exposure, but farther from the passive/power bottleneck stack.",0.4,C+,AI-adjacent,US
39,49,10,Monitor / benchmark,Ciena,CIEN,NYSE: CIEN,United States,US,Transport networking,Optical transport and backbone,Optical transport and backbone; .,Tier C,13.8,2,partially rerated,4,2,0.0,0.6,0.4,0.6,0.6,0.6,"Useful AI exposure, but farther from the passive/power bottleneck stack.",0.3,C,,US
40,14,-26,Crowded / rerated benchmark,Amphenol,APH,NYSE: APH,United States,US,Connectivity,Interconnect backbone for dense AI racks,"Interconnect backbone for dense AI racks; tight-supply, direct-AI, 2026-catalyst, hard-to-substitute.",Tier C,11.9,1,already rerated,5,3,0.0,1.0,0.8,1.0,0.4,0.8,"Strategically important, but the stock already rerated; no longer top residual alpha.",0.6,B+,"tight-supply, direct-AI, 2026-catalyst, hard-to-substitute",US
41,50,9,Monitor / benchmark,Western Digital,WDC,NASDAQ: WDC,United States,US,Storage,Data-center storage capacity proxy,Data-center storage capacity proxy; .,Tier D,11.7,2,partially rerated,4,2,0.0,0.6,0.4,0.6,0.6,0.4,"Useful AI exposure, but farther from the passive/power bottleneck stack.",0.2,C,,US
42,13,-29,Crowded / rerated benchmark,Bloom Energy,BE,NYSE: BE,United States,US,Onsite power,Onsite generation as grid bottleneck workaround,"Onsite generation as grid bottleneck workaround; bottleneck, AI-adjacent, underfollowed, central-node.",Tier D,8.7,1,already rerated,5,1,0.0,0.8,1.0,0.8,0.8,0.6,"Strategically important, but the stock already rerated; no longer top residual alpha.",0.3,C,"bottleneck, AI-adjacent, underfollowed, central-node",US
43,22,-21,Monitor / benchmark,Astera Labs,ALAB,NASDAQ: ALAB,United States,US,AI connectivity,PCIe/CXL fabric leverage in AI racks,"PCIe/CXL fabric leverage in AI racks; direct-AI, 2026-catalyst, central-node.",Tier D,7.3,1,already rerated,5,3,0.0,1.0,0.6,0.8,0.6,0.8,"Balanced AI supply-chain exposure, but not as mispriced as the top residual-alpha names.",0.4,C+,"direct-AI, 2026-catalyst, central-node",US
44,23,-21,Monitor / benchmark,Super Micro Computer,SMCI,NASDAQ: SMCI,United States,US,Servers / racks,Direct AI server and rack integration,"Direct AI server and rack integration; tight-supply, direct-AI, central-node.",Tier D,4.7,1,already rerated,5,2,0.0,1.0,0.8,0.8,0.4,0.6,"Useful AI exposure, but farther from the passive/power bottleneck stack.",0.5,B,"tight-supply, direct-AI, central-node",US
45,28,-17,Monitor / benchmark,Marvell Technology,MRVL,NASDAQ: MRVL,United States,US,Networking / custom silicon,AI interconnect and custom silicon,"AI interconnect and custom silicon; direct-AI, 2026-catalyst, central-node.",Tier D,3.0,1,already rerated,5,2,0.0,1.0,0.6,0.8,0.4,0.8,"Useful AI exposure, but farther from the passive/power bottleneck stack.",0.4,C+,"direct-AI, 2026-catalyst, central-node",US
46,27,-19,Monitor / benchmark,Arista Networks,ANET,NYSE: ANET,United States,US,Networking,AI cluster networking,"AI cluster networking; direct-AI, 2026-catalyst, central-node.",Tier D,3.0,1,already rerated,5,2,0.0,1.0,0.6,0.8,0.4,0.8,"Useful AI exposure, but farther from the passive/power bottleneck stack.",0.4,C+,"direct-AI, 2026-catalyst, central-node",US
47,40,-7,Monitor / benchmark,Broadcom,AVGO,NASDAQ: AVGO,United States,US,Networking / custom silicon,Scale-up networking and custom AI ASICs,"Scale-up networking and custom AI ASICs; direct-AI, 2026-catalyst, central-node.",Tier D,1.0,1,already rerated,5,2,0.0,1.0,0.6,0.8,0.2,0.8,"Useful AI exposure, but farther from the passive/power bottleneck stack.",0.4,C+,"direct-AI, 2026-catalyst, central-node",US
48,33,-15,Monitor / benchmark,Quanta Services,PWR,NYSE: PWR,United States,US,Electrical construction,Electrical transmission/substation buildout exposure,"Electrical transmission/substation buildout exposure; tight-supply, AI-adjacent, central-node.",Tier D,1.0,1,already rerated,5,1,0.0,0.8,0.8,0.8,0.4,0.6,"Useful AI exposure, but farther from the passive/power bottleneck stack.",0.3,C,"tight-supply, AI-adjacent, central-node",US
49,34,-15,Monitor / benchmark,Comfort Systems USA,FIX,NYSE: FIX,United States,US,Mechanical / HVAC,Data-center mechanical and cooling construction leverage,"Data-center mechanical and cooling construction leverage; tight-supply, AI-adjacent.",Tier D,0.0,1,already rerated,5,1,0.0,0.8,0.8,0.6,0.6,0.6,"Useful AI exposure, but farther from the passive/power bottleneck stack.",0.3,C,"tight-supply, AI-adjacent",US
50,32,-18,Monitor / benchmark,EMCOR Group,EME,NYSE: EME,United States,US,Electrical / mechanical construction,Data-center MEP deployment leverage,"Data-center MEP deployment leverage; tight-supply, AI-adjacent.",Tier D,0.0,1,already rerated,5,1,0.0,0.8,0.8,0.6,0.6,0.6,"Useful AI exposure, but farther from the passive/power bottleneck stack.",0.3,C,"tight-supply, AI-adjacent",US
1,15,14,High-conviction residual alpha,Sumida,6817,TSE: 6817,Japan,Non-US,Inductors,Magnetics and inductors for power conversion,"Magnetics and inductors for power conversion; tight-supply, AI-adjacent, hidden-gem, central-node.",Tier A,100.0,5,very under-owned,1,5,5.0,0.8,0.8,0.8,1.0,0.6,Direct passive/power bottleneck supplier with lower crowding and better residual upside.,1.0,A,"tight-supply, AI-adjacent, hidden-gem, central-node",Non-US
2,4,2,High-conviction residual alpha,Walsin Technology,2492,TWSE: 2492,Taiwan,Non-US,Passives,Underfollowed MLCC and resistor supplier tied to AI demand,"Underfollowed MLCC and resistor supplier tied to AI demand; bottleneck, AI-adjacent, hidden-gem, 2026-catalyst, central-node.",Tier A,98.4,4,underfollowed,2,5,5.0,0.8,1.0,0.8,1.0,0.8,Direct passive/power bottleneck supplier with lower crowding and better residual upside.,1.0,A,"bottleneck, AI-adjacent, hidden-gem, 2026-catalyst, central-node",Non-US
3,14,11,High-conviction residual alpha,TT Electronics,TTG,LSE: TTG,United Kingdom,Non-US,Passives / sensing,"Current sense, thin/thick film resistor exposure","Current sense, thin/thick film resistor exposure; tight-supply, AI-adjacent, hidden-gem, central-node.",Tier A,91.9,4,underfollowed,2,5,5.0,0.8,0.8,0.8,1.0,0.6,Direct passive/power bottleneck supplier with lower crowding and better residual upside.,1.0,A,"tight-supply, AI-adjacent, hidden-gem, central-node",Non-US
4,3,-1,High-conviction residual alpha,Nippon Chemi-Con,6997,TSE: 6997,Japan,Non-US,Passives,Aluminum electrolytic and polymer caps around AI server VRMs,"Aluminum electrolytic and polymer caps around AI server VRMs; bottleneck, direct-AI, underfollowed, 2026-catalyst, central-node.",Tier A,82.1,3,balanced,3,5,5.0,1.0,1.0,0.8,0.8,0.8,"Direct bottleneck exposure remains attractive, though less hidden than Tier A names.",1.0,A,"bottleneck, direct-AI, underfollowed, 2026-catalyst, central-node",Non-US
5,47,42,High-conviction residual alpha,discoverIE Group,DSCV,LSE: DSCV,United Kingdom,Non-US,Power / connectivity,Underfollowed power and connectivity exposure,Underfollowed power and connectivity exposure; hidden-gem.,Tier A,81.6,5,very under-owned,1,4,3.5,0.6,0.6,0.6,1.0,0.6,Direct passive/power bottleneck supplier with lower crowding and better residual upside.,0.4,C+,hidden-gem,Non-US
6,16,10,High-conviction residual alpha,TDK,6762,TSE: 6762,Japan,Non-US,Passives,"MLCCs, inductors, filters and AI power topology exposure","MLCCs, inductors, filters and AI power topology exposure; bottleneck, direct-AI, 2026-catalyst, central-node.",Tier A,77.5,3,balanced,3,5,5.0,1.0,1.0,0.8,0.4,0.8,"Direct bottleneck exposure remains attractive, though less hidden than Tier A names.",1.0,A,"bottleneck, direct-AI, 2026-catalyst, central-node",Non-US
7,25,18,High-conviction residual alpha,Nichicon,6996,TSE: 6996,Japan,Non-US,Passives,Electrolytic capacitor leverage in AI/server power,"Electrolytic capacitor leverage in AI/server power; tight-supply, AI-adjacent, underfollowed, central-node.",Tier A,74.0,3,balanced,3,5,5.0,0.8,0.8,0.8,0.8,0.6,"Direct bottleneck exposure remains attractive, though less hidden than Tier A names.",1.0,A,"tight-supply, AI-adjacent, underfollowed, central-node",Non-US
8,6,-2,High-conviction residual alpha,AcBel Polytech,6282,TWSE: 6282,Taiwan,Non-US,Power supplies,Server power supplies and high-density power conversion,"Server power supplies and high-density power conversion; bottleneck, AI-adjacent, hidden-gem, 2026-catalyst, central-node.",Tier A,73.6,3,balanced,3,4,3.5,0.8,1.0,0.8,1.0,0.8,"Direct bottleneck exposure remains attractive, though less hidden than Tier A names.",0.6,B+,"bottleneck, AI-adjacent, hidden-gem, 2026-catalyst, central-node",Non-US
9,31,22,High-conviction residual alpha,Panasonic Holdings,6752,TSE: 6752,Japan,Non-US,Passives,"Polymer tantalum, electrolytics and resistor/current-sense exposure","Polymer tantalum, electrolytics and resistor/current-sense exposure; bottleneck, AI-adjacent, central-node.",Tier A,73.5,3,balanced,3,5,5.0,0.8,1.0,0.8,0.4,0.6,"Direct bottleneck exposure remains attractive, though less hidden than Tier A names.",1.0,A,"bottleneck, AI-adjacent, central-node",Non-US
10,21,11,High-conviction residual alpha,Wistron,3231,TWSE: 3231,Taiwan,Non-US,ODM / infrastructure,AI supercomputing and server manufacturing leverage,"AI supercomputing and server manufacturing leverage; tight-supply, AI-adjacent, underfollowed, 2026-catalyst, central-node.",Tier A,64.6,3,balanced,3,3,3.5,0.8,0.8,0.8,0.8,0.8,"Balanced AI supply-chain exposure, but not as mispriced as the top residual-alpha names.",0.7,A-,"tight-supply, AI-adjacent, underfollowed, 2026-catalyst, central-node",Non-US
11,22,11,Secondary residual alpha,Inventec,2356,TWSE: 2356,Taiwan,Non-US,ODM,Server and cloud hardware manufacturing,"Server and cloud hardware manufacturing; tight-supply, AI-adjacent, underfollowed, 2026-catalyst, central-node.",Tier B,64.6,3,balanced,3,3,3.5,0.8,0.8,0.8,0.8,0.8,"Balanced AI supply-chain exposure, but not as mispriced as the top residual-alpha names.",0.6,B+,"tight-supply, AI-adjacent, underfollowed, 2026-catalyst, central-node",Non-US
12,20,8,Secondary residual alpha,Quanta Computer,2382,TWSE: 2382,Taiwan,Non-US,ODM / racks,QCT rack integration and AI data-center platforms,"QCT rack integration and AI data-center platforms; tight-supply, direct-AI, 2026-catalyst, central-node.",Tier B,63.9,3,balanced,3,3,3.5,1.0,0.8,0.8,0.6,0.8,"Balanced AI supply-chain exposure, but not as mispriced as the top residual-alpha names.",0.7,A-,"tight-supply, direct-AI, 2026-catalyst, central-node",Non-US
13,29,16,Secondary residual alpha,Hon Hai Precision / Foxconn,2317,TWSE: 2317,Taiwan,Non-US,ODM / racks,"Rubin racks, modular AI data-center buildout","Rubin racks, modular AI data-center buildout; tight-supply, direct-AI, 2026-catalyst, central-node.",Tier B,61.6,3,balanced,3,3,3.5,1.0,0.8,0.8,0.4,0.8,"Balanced AI supply-chain exposure, but not as mispriced as the top residual-alpha names.",0.7,A-,"tight-supply, direct-AI, 2026-catalyst, central-node",Non-US
14,46,32,Secondary residual alpha,Infineon Technologies,IFX,XETRA: IFX,Germany,Non-US,Power semis,Power semis and energy efficiency exposure,"Power semis and energy efficiency exposure; tight-supply, AI-adjacent, central-node.",Tier B,60.2,3,balanced,3,4,3.5,0.8,0.8,0.8,0.4,0.6,"Direct bottleneck exposure remains attractive, though less hidden than Tier A names.",0.4,C+,"tight-supply, AI-adjacent, central-node",Non-US
15,45,30,Secondary residual alpha,STMicroelectronics,STM,NYSE/EPA: STM,Switzerland,Non-US,Power semis,Power and control semis for AI infrastructure,"Power and control semis for AI infrastructure; tight-supply, AI-adjacent, central-node.",Tier B,60.2,3,balanced,3,4,3.5,0.8,0.8,0.8,0.4,0.6,"Direct bottleneck exposure remains attractive, though less hidden than Tier A names.",0.4,C+,"tight-supply, AI-adjacent, central-node",Non-US
16,48,32,Secondary residual alpha,ASE Technology,3711,TWSE: 3711,Taiwan,Non-US,Advanced packaging / test,Packaging and test leverage for AI silicon,"Packaging and test leverage for AI silicon; AI-adjacent, central-node.",Tier B,55.8,3,balanced,3,3,3.5,0.8,0.6,0.8,0.6,0.6,"Balanced AI supply-chain exposure, but not as mispriced as the top residual-alpha names.",0.4,C+,"AI-adjacent, central-node",Non-US
17,49,32,Secondary residual alpha,Chroma ATE,2360,TWSE: 2360,Taiwan,Non-US,Test / power electronics,Power electronics and test infrastructure,Power electronics and test infrastructure; underfollowed.,Tier B,55.6,3,balanced,3,4,3.5,0.6,0.6,0.6,0.8,0.6,"Direct bottleneck exposure remains attractive, though less hidden than Tier A names.",0.4,C+,underfollowed,Non-US
18,2,-16,Crowded / rerated benchmark,LITEON Technology,2301,TWSE: 2301,Taiwan,Non-US,Power supplies,AI server power and 110kW power shelf at GTC 2026,"AI server power and 110kW power shelf at GTC 2026; bottleneck, direct-AI, underfollowed, near-term-catalyst, central-node.",Tier B,52.1,2,partially rerated,4,4,3.5,1.0,1.0,0.8,0.8,1.0,"Strategically important, but the stock already rerated; no longer top residual alpha.",0.6,B+,"bottleneck, direct-AI, underfollowed, near-term-catalyst, central-node",Non-US
19,30,11,Secondary residual alpha,Kyocera,6971,TSE: 6971,Japan,Non-US,Passives,"AVX-taut bottlenecks across tantalum, ceramic and specialty capacitors","AVX-taut bottlenecks across tantalum, ceramic and specialty capacitors; bottleneck, AI-adjacent, central-node.",Tier B,50.4,2,partially rerated,4,5,5.0,0.8,1.0,0.8,0.4,0.6,"Balanced AI supply-chain exposure, but not as mispriced as the top residual-alpha names.",1.0,A,"bottleneck, AI-adjacent, central-node",Non-US
20,38,18,Secondary residual alpha,Legrand,LR,EPA: LR,France,Non-US,Power distribution,"Busway, PDU and electrical distribution leverage","Busway, PDU and electrical distribution leverage; tight-supply, AI-adjacent, central-node.",Tier B,48.7,3,balanced,3,2,1.5,0.8,0.8,0.8,0.6,0.6,"Useful AI exposure, but farther from the passive/power bottleneck stack.",0.4,C+,"tight-supply, AI-adjacent, central-node",Non-US
21,8,-13,Crowded / rerated benchmark,Wiwynn,6669,TWSE: 6669,Taiwan,Non-US,ODM / racks,Direct NVIDIA Rubin AI infrastructure exposure,"Direct NVIDIA Rubin AI infrastructure exposure; tight-supply, direct-AI, underfollowed, near-term-catalyst, central-node.",Tier B,45.4,2,partially rerated,4,3,3.5,1.0,0.8,0.8,0.8,1.0,"Strategically important, but the stock already rerated; no longer top residual alpha.",0.7,A-,"tight-supply, direct-AI, underfollowed, near-term-catalyst, central-node",Non-US
22,41,19,Secondary residual alpha,Sumitomo Electric,5802,TSE: 5802,Japan,Non-US,Cables / optics,Power cable and optical interconnect leverage,"Power cable and optical interconnect leverage; tight-supply, AI-adjacent, central-node.",Tier B,42.1,3,balanced,3,2,0.0,0.8,0.8,0.8,0.6,0.6,"Useful AI exposure, but farther from the passive/power bottleneck stack.",0.3,C,"tight-supply, AI-adjacent, central-node",Non-US
23,44,21,Secondary residual alpha,Mitsubishi Electric,6503,TSE: 6503,Japan,Non-US,Factory / power,Electrical equipment and automation leverage,"Electrical equipment and automation leverage; tight-supply, AI-adjacent, central-node.",Tier B,39.8,3,balanced,3,2,0.0,0.8,0.8,0.8,0.4,0.6,"Useful AI exposure, but farther from the passive/power bottleneck stack.",0.4,C+,"tight-supply, AI-adjacent, central-node",Non-US
24,33,9,Secondary residual alpha,ROHM,6963,TSE: 6963,Japan,Non-US,Resistors / power semis,Current sense and resistor exposure,"Current sense and resistor exposure; tight-supply, AI-adjacent, central-node.",Tier B,39.4,2,partially rerated,4,4,3.5,0.8,0.8,0.8,0.6,0.6,"Balanced AI supply-chain exposure, but not as mispriced as the top residual-alpha names.",1.0,A,"tight-supply, AI-adjacent, central-node",Non-US
25,40,15,Secondary residual alpha,Fuji Electric,6504,TSE: 6504,Japan,Non-US,Power electronics,Power semis and power systems leverage,"Power semis and power systems leverage; tight-supply, AI-adjacent, central-node.",Tier B,39.4,2,partially rerated,4,4,3.5,0.8,0.8,0.8,0.6,0.6,"Balanced AI supply-chain exposure, but not as mispriced as the top residual-alpha names.",0.4,C+,"tight-supply, AI-adjacent, central-node",Non-US
26,35,9,Monitor / benchmark,Tripod Technology,3044,TWSE: 3044,Taiwan,Non-US,PCB,Server/networking PCB leverage,"Server/networking PCB leverage; tight-supply, underfollowed, central-node.",Tier C,37.6,2,partially rerated,4,3,3.5,0.6,0.8,0.8,0.8,0.6,"Balanced AI supply-chain exposure, but not as mispriced as the top residual-alpha names.",0.5,B,"tight-supply, underfollowed, central-node",Non-US
27,5,-22,Crowded / rerated benchmark,Yageo,2327,TWSE: 2327,Taiwan,Non-US,Passives,"Resistors, current sense, MLCC and KO-CAP exposure","Resistors, current sense, MLCC and KO-CAP exposure; bottleneck, direct-AI, underfollowed, 2026-catalyst, central-node.",Tier C,35.8,1,already rerated,5,5,5.0,1.0,1.0,0.8,0.8,0.8,"Strategically important, but the stock already rerated; no longer top residual alpha.",1.0,A,"bottleneck, direct-AI, underfollowed, 2026-catalyst, central-node",Non-US
28,10,-18,Crowded / rerated benchmark,Schneider Electric,SU,EPA: SU,France,Non-US,Power / cooling,AI factory power and cooling reference architecture,"AI factory power and cooling reference architecture; bottleneck, direct-AI, 2026-catalyst, hard-to-substitute.",Tier C,34.8,2,partially rerated,4,2,1.5,1.0,1.0,1.0,0.4,0.8,"Strategically important, but the stock already rerated; no longer top residual alpha.",0.7,A-,"bottleneck, direct-AI, 2026-catalyst, hard-to-substitute",Non-US
29,9,-20,Crowded / rerated benchmark,Samsung Electro-Mechanics,009150,KRX: 009150,South Korea,Non-US,Passives,High-capacitance MLCC for AI server power modules,"High-capacitance MLCC for AI server power modules; bottleneck, direct-AI, 2026-catalyst, central-node.",Tier C,33.5,1,already rerated,5,5,5.0,1.0,1.0,0.8,0.6,0.8,"Strategically important, but the stock already rerated; no longer top residual alpha.",1.0,A,"bottleneck, direct-AI, 2026-catalyst, central-node",Non-US
30,1,-29,Crowded / rerated benchmark,Delta Electronics,2308,TWSE: 2308,Taiwan,Non-US,Power delivery / racks,AI server power shelves and Rubin-era rack power,"AI server power shelves and Rubin-era rack power; bottleneck, direct-AI, underfollowed, near-term-catalyst, hard-to-substitute.",Tier C,32.5,1,already rerated,5,4,3.5,1.0,1.0,1.0,0.8,1.0,"Strategically important, but the stock already rerated; no longer top residual alpha.",0.7,A-,"bottleneck, direct-AI, underfollowed, near-term-catalyst, hard-to-substitute",Non-US
31,17,-14,Monitor / benchmark,Hyosung Heavy Industries,298040,KRX: 298040,South Korea,Non-US,Transformers / switchgear,Transformer and grid equipment leverage,"Transformer and grid equipment leverage; bottleneck, AI-adjacent, underfollowed, central-node.",Tier C,32.0,2,partially rerated,4,2,1.5,0.8,1.0,0.8,0.8,0.6,"Useful AI exposure, but farther from the passive/power bottleneck stack.",0.4,C+,"bottleneck, AI-adjacent, underfollowed, central-node",Non-US
32,18,-14,Monitor / benchmark,HD Hyundai Electric,267260,KRX: 267260,South Korea,Non-US,Transformers / switchgear,Grid bottleneck transformer exposure,"Grid bottleneck transformer exposure; bottleneck, AI-adjacent, underfollowed, central-node.",Tier C,32.0,2,partially rerated,4,2,1.5,0.8,1.0,0.8,0.8,0.6,"Useful AI exposure, but farther from the passive/power bottleneck stack.",0.4,C+,"bottleneck, AI-adjacent, underfollowed, central-node",Non-US
33,19,-14,Monitor / benchmark,LS ELECTRIC,010120,KRX: 010120,South Korea,Non-US,Switchgear / automation,Switchgear and electrical distribution exposure,"Switchgear and electrical distribution exposure; bottleneck, AI-adjacent, underfollowed, central-node.",Tier C,32.0,2,partially rerated,4,2,1.5,0.8,1.0,0.8,0.8,0.6,"Useful AI exposure, but farther from the passive/power bottleneck stack.",0.4,C+,"bottleneck, AI-adjacent, underfollowed, central-node",Non-US
34,12,-22,Crowded / rerated benchmark,TAIYO YUDEN,6976,TSE: 6976,Japan,Non-US,Passives,Inductor and MLCC leverage with rising AI server density,"Inductor and MLCC leverage with rising AI server density; bottleneck, AI-adjacent, 2026-catalyst, central-node.",Tier C,31.9,1,already rerated,5,5,5.0,0.8,1.0,0.8,0.6,0.8,"Strategically important, but the stock already rerated; no longer top residual alpha.",1.0,A,"bottleneck, AI-adjacent, 2026-catalyst, central-node",Non-US
35,13,-22,Crowded / rerated benchmark,Murata Manufacturing,6981,TSE: 6981,Japan,Non-US,Passives,"MLCCs, inductors and filters for AI server power networks","MLCCs, inductors and filters for AI server power networks; bottleneck, direct-AI, 2026-catalyst, central-node.",Tier C,31.2,1,already rerated,5,5,5.0,1.0,1.0,0.8,0.4,0.8,"Strategically important, but the stock already rerated; no longer top residual alpha.",1.0,A,"bottleneck, direct-AI, 2026-catalyst, central-node",Non-US
36,26,-10,Monitor / benchmark,Samwha Capacitor,001820,KRX: 001820,South Korea,Non-US,Passives,MLCC and passive exposure,"MLCC and passive exposure; tight-supply, AI-adjacent, underfollowed, central-node.",Tier C,27.7,1,already rerated,5,5,5.0,0.8,0.8,0.8,0.8,0.6,"Balanced AI supply-chain exposure, but not as mispriced as the top residual-alpha names.",1.0,A,"tight-supply, AI-adjacent, underfollowed, central-node",Non-US
37,34,-3,Monitor / benchmark,ABB,ABBN,SWX: ABBN,Switzerland,Non-US,Electrification,Grid and electrification bottleneck exposure,"Grid and electrification bottleneck exposure; bottleneck, AI-adjacent, central-node.",Tier C,27.4,2,partially rerated,4,2,1.5,0.8,1.0,0.8,0.4,0.6,"Useful AI exposure, but farther from the passive/power bottleneck stack.",0.4,C+,"bottleneck, AI-adjacent, central-node",Non-US
38,7,-31,Crowded / rerated benchmark,Flex,FLEX,NASDAQ: FLEX,Singapore,Non-US,Power / manufacturing,800V rack power for NVIDIA Rubin AI infrastructure,"800V rack power for NVIDIA Rubin AI infrastructure; bottleneck, direct-AI, near-term-catalyst, central-node.",Tier C,24.2,1,already rerated,5,3,3.5,1.0,1.0,0.8,0.6,1.0,"Strategically important, but the stock already rerated; no longer top residual alpha.",0.7,A-,"bottleneck, direct-AI, near-term-catalyst, central-node",Non-US
39,28,-11,Monitor / benchmark,NKT,NKT,CPH: NKT,Denmark,Non-US,Cabling,Underfollowed high-voltage cable exposure,"Underfollowed high-voltage cable exposure; bottleneck, underfollowed, central-node.",Tier C,23.8,2,partially rerated,4,2,0.0,0.6,1.0,0.8,0.8,0.6,"Useful AI exposure, but farther from the passive/power bottleneck stack.",0.3,C,"bottleneck, underfollowed, central-node",Non-US
40,37,-3,Monitor / benchmark,Nexans,NEX,EPA: NEX,France,Non-US,Cabling,Grid and data-center power cabling leverage,"Grid and data-center power cabling leverage; bottleneck, central-node.",Tier C,21.5,2,partially rerated,4,2,0.0,0.6,1.0,0.8,0.6,0.6,"Useful AI exposure, but farther from the passive/power bottleneck stack.",0.3,C,"bottleneck, central-node",Non-US
41,43,2,Monitor / benchmark,Prysmian,PRY,BIT: PRY,Italy,Non-US,Cabling,Grid and interconnect cabling for power bottlenecks,"Grid and interconnect cabling for power bottlenecks; bottleneck, central-node.",Tier D,19.2,2,partially rerated,4,2,0.0,0.6,1.0,0.8,0.4,0.6,"Useful AI exposure, but farther from the passive/power bottleneck stack.",0.3,C,"bottleneck, central-node",Non-US
42,39,-3,Monitor / benchmark,Renesas Electronics,6723,TSE: 6723,Japan,Non-US,Embedded / power,Power and embedded control leverage,"Power and embedded control leverage; tight-supply, AI-adjacent, central-node.",Tier D,19.0,2,partially rerated,4,2,0.0,0.8,0.8,0.8,0.6,0.6,"Useful AI exposure, but farther from the passive/power bottleneck stack.",0.4,C+,"tight-supply, AI-adjacent, central-node",Non-US
43,24,-19,Monitor / benchmark,Unimicron,3037,TWSE: 3037,Taiwan,Non-US,PCB / substrates,High-layer boards and substrate exposure,"High-layer boards and substrate exposure; tight-supply, AI-adjacent, underfollowed, 2026-catalyst, central-node.",Tier D,18.4,1,already rerated,5,3,3.5,0.8,0.8,0.8,0.8,0.8,"Balanced AI supply-chain exposure, but not as mispriced as the top residual-alpha names.",0.5,B,"tight-supply, AI-adjacent, underfollowed, 2026-catalyst, central-node",Non-US
44,23,-21,Monitor / benchmark,Zhen Ding Technology,4958,TWSE: 4958,Taiwan,Non-US,PCB / interconnect,Advanced PCB/interconnect leverage,"Advanced PCB/interconnect leverage; tight-supply, AI-adjacent, underfollowed, 2026-catalyst, central-node.",Tier D,18.4,1,already rerated,5,3,3.5,0.8,0.8,0.8,0.8,0.8,"Balanced AI supply-chain exposure, but not as mispriced as the top residual-alpha names.",0.5,B,"tight-supply, AI-adjacent, underfollowed, 2026-catalyst, central-node",Non-US
45,42,-3,Monitor / benchmark,Fabrinet,FN,NYSE: FN,Cayman Islands / Thailand,Non-US,Optics manufacturing,Optics manufacturing leverage for AI networking,"Optics manufacturing leverage for AI networking; AI-adjacent, 2026-catalyst, central-node.",Tier D,17.1,2,partially rerated,4,2,0.0,0.8,0.6,0.8,0.6,0.8,"Useful AI exposure, but farther from the passive/power bottleneck stack.",0.4,C+,"AI-adjacent, 2026-catalyst, central-node",Non-US
46,32,-14,Monitor / benchmark,Ibiden,4062,TSE: 4062,Japan,Non-US,Substrates / packaging,High-end package substrate leverage,"High-end package substrate leverage; tight-supply, AI-adjacent, 2026-catalyst, central-node.",Tier D,16.1,1,already rerated,5,3,3.5,0.8,0.8,0.8,0.6,0.8,"Balanced AI supply-chain exposure, but not as mispriced as the top residual-alpha names.",0.5,B,"tight-supply, AI-adjacent, 2026-catalyst, central-node",Non-US
47,50,3,Monitor / benchmark,TE Connectivity,TEL,NYSE/SWX: TEL,Switzerland,Non-US,Connectivity,High-reliability connectors and sensing,"High-reliability connectors and sensing; AI-adjacent, central-node.",Tier D,15.0,2,partially rerated,4,3,0.0,0.8,0.6,0.8,0.4,0.6,"Balanced AI supply-chain exposure, but not as mispriced as the top residual-alpha names.",0.4,C+,"AI-adjacent, central-node",Non-US
48,36,-12,Monitor / benchmark,Compeq Manufacturing,2313,TWSE: 2313,Taiwan,Non-US,PCB,AI server and networking PCB leverage,"AI server and networking PCB leverage; tight-supply, underfollowed, central-node.",Tier D,14.5,1,already rerated,5,3,3.5,0.6,0.8,0.8,0.8,0.6,"Balanced AI supply-chain exposure, but not as mispriced as the top residual-alpha names.",0.5,B,"tight-supply, underfollowed, central-node",Non-US
49,11,-38,Crowded / rerated benchmark,Celestica,CLS,TSX/NYSE: CLS,Canada,Non-US,Networking / integration,Helios rack-scale AI and 1.6T switch exposure,"Helios rack-scale AI and 1.6T switch exposure; tight-supply, direct-AI, near-term-catalyst, central-node.",Tier D,2.1,1,already rerated,5,2,0.0,1.0,0.8,0.8,0.6,1.0,"Strategically important, but the stock already rerated; no longer top residual alpha.",0.7,A-,"tight-supply, direct-AI, near-term-catalyst, central-node",Non-US
50,27,-23,Monitor / benchmark,Siemens Energy,ENR,XETRA: ENR,Germany,Non-US,Power generation / grid,Utility and power bottleneck exposure,"Utility and power bottleneck exposure; bottleneck, AI-adjacent, central-node.",Tier D,0.0,1,already rerated,5,2,0.0,0.8,1.0,0.8,0.6,0.6,"Useful AI exposure, but farther from the passive/power bottleneck stack.",0.4,C+,"bottleneck, AI-adjacent, central-node",Non-US
