rank,symbol,name,region,country,exchange,tier,alpha_score,component_score,alpha_bucket,price,market_cap,market_cap_usd_bn,pe,ai_demand_score,bottleneck_score,valuation_torque_score,crowd_discovery_score,evidence_score,pricing_power_score,direct_connection_count,mapped_public_connection_count,revenue_streams,cash_in_summary,cash_out_summary,valuation_alpha_summary,alpha_reason,market_data_note,public_status,is_named_focus
1,CRDO,Credo Technology,US,United States,NASDAQ,custom ASIC / interconnect,91,80.8,top alpha,184.38,35405200740.0,35.40520074,101.31,90,84,76,71.0,78,76,32,79,"Custom AI accelerators, SerDes/DSP, Ethernet/PCIe/CXL/optical connectivity, merchant data-center silicon.","Cash in from hyperscaler custom programs, data-center networking/optical connectivity and platform attach.","Cash out to foundries, OSATs, IP/EDA, substrates, inventory and R&D.","Alpha 91/100: AI demand 90, bottleneck 84, valuation torque 76, discovery 71.0; cap≈$35.4B","picks-and-shovels exposure to AI connectivity, HBM/advanced packaging, metrology, or ASIC ramps with smaller market visibility than the megacaps.",,Public common equity / ADR or local ordinary share,False
2,ALAB,Astera Labs,US,United States,NASDAQ,custom ASIC / interconnect,88,80.8,top alpha,202.68,36610291080.0,36.61029108,92.13,90,84,76,70.8,78,76,32,77,"Custom AI accelerators, SerDes/DSP, Ethernet/PCIe/CXL/optical connectivity, merchant data-center silicon.","Cash in from hyperscaler custom programs, data-center networking/optical connectivity and platform attach.","Cash out to foundries, OSATs, IP/EDA, substrates, inventory and R&D.","Alpha 88/100: AI demand 90, bottleneck 84, valuation torque 76, discovery 70.8; cap≈$36.6B","picks-and-shovels exposure to AI connectivity, HBM/advanced packaging, metrology, or ASIC ramps with smaller market visibility than the megacaps.",,Public common equity / ADR or local ordinary share,False
3,042700.KQ,Hanmi Semiconductor,Non-US,South Korea,KOSDAQ,OSAT / packaging,87,79.1,top alpha,,,,,87,95,67,62.0,77,74,25,68,"Assembly, test, burn-in, chiplet packaging, HBM-adjacent packaging equipment/services, backend capacity.","Cash in from wafer sort, final test, packaging, burn-in, advanced packaging and equipment shipments/services.","Cash out to bonding/test/inspection equipment, substrates, labor, facilities and working capital.","Alpha 87/100: AI demand 87, bottleneck 95; live market cap should be verified","picks-and-shovels exposure to AI connectivity, HBM/advanced packaging, metrology, or ASIC ramps with smaller market visibility than the megacaps.",,Public common equity / ADR or local ordinary share,False
4,CAMT,Camtek,Non-US,Israel,NASDAQ,wafer fab equipment,86,82.6,top alpha,186.62,8424651417.0,8.424651417,,82,88,84,80.4,78,76,20,28,"Lithography, etch, deposition, process control, test/metrology tools, spares and service for fab capex.","Cash in from fab capex orders, tool shipments, spares, service contracts and installed-base upgrades.","Cash out to components, precision subsystems, supply chain, R&D and manufacturing operations.","Alpha 86/100: AI demand 82, bottleneck 88, valuation torque 84, discovery 80.4; cap≈$8.4B","picks-and-shovels exposure to AI connectivity, HBM/advanced packaging, metrology, or ASIC ramps with smaller market visibility than the megacaps.",,Public common equity / ADR or local ordinary share,False
5,NVMI,Nova,Non-US,Israel,NASDAQ,wafer fab equipment,84,80.6,very high,494.49,14349933157.0,14.349933157,,82,88,76,77.0,78,76,20,28,"Lithography, etch, deposition, process control, test/metrology tools, spares and service for fab capex.","Cash in from fab capex orders, tool shipments, spares, service contracts and installed-base upgrades.","Cash out to components, precision subsystems, supply chain, R&D and manufacturing operations.","Alpha 84/100: AI demand 82, bottleneck 88, valuation torque 76, discovery 77.0; cap≈$14.3B","picks-and-shovels exposure to AI connectivity, HBM/advanced packaging, metrology, or ASIC ramps with smaller market visibility than the megacaps.",,Public common equity / ADR or local ordinary share,False
6,MRVL,Marvell Technology,US,United States,NASDAQ,custom ASIC / interconnect,83,77.4,very high,164.95,142467315000.0,142.467315,57.88,90,84,66,61.5,78,76,32,79,"Custom AI accelerators, SerDes/DSP, Ethernet/PCIe/CXL/optical connectivity, merchant data-center silicon.","Cash in from hyperscaler custom programs, data-center networking/optical connectivity and platform attach.","Cash out to foundries, OSATs, IP/EDA, substrates, inventory and R&D.","Alpha 83/100: AI demand 90, bottleneck 84, valuation torque 66, discovery 61.5; cap≈$142.5B","picks-and-shovels exposure to AI connectivity, HBM/advanced packaging, metrology, or ASIC ramps with smaller market visibility than the megacaps.",,Public common equity / ADR or local ordinary share,False
7,BESI.AS,BE Semiconductor Industries,Non-US,Netherlands,Euronext Amsterdam,OSAT / packaging,82,79.1,very high,,,,,87,95,67,62.0,77,74,25,68,"Assembly, test, burn-in, chiplet packaging, HBM-adjacent packaging equipment/services, backend capacity.","Cash in from wafer sort, final test, packaging, burn-in, advanced packaging and equipment shipments/services.","Cash out to bonding/test/inspection equipment, substrates, labor, facilities and working capital.","Alpha 82/100: AI demand 87, bottleneck 95; live market cap should be verified","picks-and-shovels exposure to AI connectivity, HBM/advanced packaging, metrology, or ASIC ramps with smaller market visibility than the megacaps.",,Public common equity / ADR or local ordinary share,False
8,AMKR,Amkor Technology,US,United States,NASDAQ,OSAT / packaging,81,82.9,very high,71.09,17741931300.0,17.7419313,40.86,87,95,76,75.6,77,74,25,68,"Assembly, test, burn-in, chiplet packaging, HBM-adjacent packaging equipment/services, backend capacity.","Cash in from wafer sort, final test, packaging, burn-in, advanced packaging and equipment shipments/services.","Cash out to bonding/test/inspection equipment, substrates, labor, facilities and working capital.","Alpha 81/100: AI demand 87, bottleneck 95, valuation torque 76, discovery 75.6; cap≈$17.7B","picks-and-shovels exposure to AI connectivity, HBM/advanced packaging, metrology, or ASIC ramps with smaller market visibility than the megacaps.",,Public common equity / ADR or local ordinary share,False
9,ASMI.AS,ASM International,Non-US,Netherlands,Euronext Amsterdam,wafer fab equipment,80,76.4,very high,,,,,82,88,67,62.0,78,76,20,21,"Lithography, etch, deposition, process control, test/metrology tools, spares and service for fab capex.","Cash in from fab capex orders, tool shipments, spares, service contracts and installed-base upgrades.","Cash out to components, precision subsystems, supply chain, R&D and manufacturing operations.","Alpha 80/100: AI demand 82, bottleneck 88; live market cap should be verified","picks-and-shovels exposure to AI connectivity, HBM/advanced packaging, metrology, or ASIC ramps with smaller market visibility than the megacaps.",,Public common equity / ADR or local ordinary share,False
10,3661.TW,Alchip Technologies,Non-US,Taiwan,TWSE,custom ASIC / interconnect,79,77.6,very high,,,,,90,84,67,62.0,78,76,32,43,"Custom AI accelerators, SerDes/DSP, Ethernet/PCIe/CXL/optical connectivity, merchant data-center silicon.","Cash in from hyperscaler custom programs, data-center networking/optical connectivity and platform attach.","Cash out to foundries, OSATs, IP/EDA, substrates, inventory and R&D.","Alpha 79/100: AI demand 90, bottleneck 84; live market cap should be verified","selective AI/edge/power exposure; less direct than HBM, advanced packaging and AI networking names.",,Public common equity / ADR or local ordinary share,False
11,FORM,FormFactor,US,United States,NASDAQ,wafer fab equipment,78,80.9,very high,137.37,10678319580.0,10.67831958,264.17,82,88,76,78.9,78,76,20,39,"Lithography, etch, deposition, process control, test/metrology tools, spares and service for fab capex.","Cash in from fab capex orders, tool shipments, spares, service contracts and installed-base upgrades.","Cash out to components, precision subsystems, supply chain, R&D and manufacturing operations.","Alpha 78/100: AI demand 82, bottleneck 88, valuation torque 76, discovery 78.9; cap≈$10.7B","picks-and-shovels exposure to AI connectivity, HBM/advanced packaging, metrology, or ASIC ramps with smaller market visibility than the megacaps.",,Public common equity / ADR or local ordinary share,False
12,000660.KS,SK hynix,Non-US,South Korea,KRX,memory,78,78.3,very high,1447000.0,717000000000.0,717.0,,98,94,48,50.3,90,85,34,51,"HBM, server DRAM, eSSD/NAND and specialty memory sold to cloud, OEM and accelerator supply chains.","Cash in from HBM/server DRAM/eSSD contracts, spot/contract pricing and OEM/cloud module demand.","Cash out to equipment makers, materials/wafer suppliers, fab construction, EUV/process tools and R&D.","Alpha 78/100: AI demand 98, bottleneck 94, valuation torque 48, discovery 50.3; cap≈$717.0B","HBM/server DRAM/eSSD leader with record profits and AI-led pricing power. Strong alpha, though recent share-price records mean the crowd is catching on.","Reuters report: SK hynix record share price around KRW 1,447,000, value estimated from quoted USD price",Public common equity / ADR or local ordinary share,True
13,COHR,Coherent,US,United States,NASDAQ,analog / power / RF,77,57.5,very high,329.5,61775270234.0,61.775270234,319.9,54,50,66,67.2,52,56,20,20,"Power management, analog, RF, sensors, embedded/edge semiconductors for servers, autos, industrial and devices.","Cash in from component shipments to OEMs/distributors across industrial, auto, data-center and device channels.","Cash out to foundries/IDM fabs, OSATs, distributors, inventory and R&D.","Alpha 77/100: AI demand 54, bottleneck 50, valuation torque 66, discovery 67.2; cap≈$61.8B","selective AI/edge/power exposure; less direct than HBM, advanced packaging and AI networking names.",,Public common equity / ADR or local ordinary share,False
14,MU,Micron Technology,US,United States,NASDAQ,memory,76,75.8,very high,640.2,731108400000.0,731.1084,30.2266,98,94,48,35.0,90,85,34,52,"HBM, server DRAM, eSSD/NAND and specialty memory sold to cloud, OEM and accelerator supply chains.","Cash in from HBM/server DRAM/eSSD contracts, spot/contract pricing and OEM/cloud module demand.","Cash out to equipment makers, materials/wafer suppliers, fab construction, EUV/process tools and R&D.","Alpha 76/100: AI demand 98, bottleneck 94, valuation torque 48, discovery 35.0; cap≈$731.1B",HBM and data-center memory cash flow with public revenue/margin acceleration and contracted HBM supply visibility; less crowded than GPU leaders but increasingly discovered.,finance tool: latest trade May 6 2026 UTC,Public common equity / ADR or local ordinary share,True
15,ONTO,Onto Innovation,US,United States,NASDAQ,wafer fab equipment,74,80.6,high potential,292.92,14384129520.0,14.38412952,82.75,82,88,76,77.0,78,76,20,39,"Lithography, etch, deposition, process control, test/metrology tools, spares and service for fab capex.","Cash in from fab capex orders, tool shipments, spares, service contracts and installed-base upgrades.","Cash out to components, precision subsystems, supply chain, R&D and manufacturing operations.","Alpha 74/100: AI demand 82, bottleneck 88, valuation torque 76, discovery 77.0; cap≈$14.4B",levered to AI-driven fab and HBM capacity additions; upside depends on order timing and export-control risk.,,Public common equity / ADR or local ordinary share,False
16,6266.T,TOWA,Non-US,Japan,TSE,OSAT / packaging,73,79.1,high potential,,,,,87,95,67,62.0,77,74,25,36,"Assembly, test, burn-in, chiplet packaging, HBM-adjacent packaging equipment/services, backend capacity.","Cash in from wafer sort, final test, packaging, burn-in, advanced packaging and equipment shipments/services.","Cash out to bonding/test/inspection equipment, substrates, labor, facilities and working capital.","Alpha 73/100: AI demand 87, bottleneck 95; live market cap should be verified","selective AI/edge/power exposure; less direct than HBM, advanced packaging and AI networking names.",,Public common equity / ADR or local ordinary share,False
17,3443.TW,Global Unichip,Non-US,Taiwan,TWSE,custom ASIC / interconnect,72,77.6,high potential,,,,,90,84,67,62.0,78,76,32,43,"Custom AI accelerators, SerDes/DSP, Ethernet/PCIe/CXL/optical connectivity, merchant data-center silicon.","Cash in from hyperscaler custom programs, data-center networking/optical connectivity and platform attach.","Cash out to foundries, OSATs, IP/EDA, substrates, inventory and R&D.","Alpha 72/100: AI demand 90, bottleneck 84; live market cap should be verified","selective AI/edge/power exposure; less direct than HBM, advanced packaging and AI networking names.",,Public common equity / ADR or local ordinary share,False
18,5274.TW,ASPEED Technology,Non-US,Taiwan,TWSE,analog / power / RF,71,56.8,high potential,,,,,54,50,67,62.0,52,56,20,22,"Power management, analog, RF, sensors, embedded/edge semiconductors for servers, autos, industrial and devices.","Cash in from component shipments to OEMs/distributors across industrial, auto, data-center and device channels.","Cash out to foundries/IDM fabs, OSATs, distributors, inventory and R&D.","Alpha 71/100: AI demand 54, bottleneck 50; live market cap should be verified","selective AI/edge/power exposure; less direct than HBM, advanced packaging and AI networking names.",,Public common equity / ADR or local ordinary share,False
19,ACMR,ACM Research,US,United States,NASDAQ,wafer fab equipment,70,83.4,high potential,52.15,3567806423.0,3.567806423,30.14,82,88,84,85.4,78,76,20,21,"Lithography, etch, deposition, process control, test/metrology tools, spares and service for fab capex.","Cash in from fab capex orders, tool shipments, spares, service contracts and installed-base upgrades.","Cash out to components, precision subsystems, supply chain, R&D and manufacturing operations.","Alpha 70/100: AI demand 82, bottleneck 88, valuation torque 84, discovery 85.4; cap≈$3.6B",levered to AI-driven fab and HBM capacity additions; upside depends on order timing and export-control risk.,,Public common equity / ADR or local ordinary share,False
20,GFS,GlobalFoundries,US,United States,NASDAQ,foundry,69,84.5,high potential,64.91,35802041829.0,35.802041829,,94,91,76,70.9,85,82,24,78,"Wafer fabrication, specialty processes, advanced-node capacity and sometimes advanced packaging/base dies.","Cash in from wafer starts, long-term capacity agreements, advanced-node wafer pricing and specialty-node volume.","Cash out to equipment/material suppliers, fab construction, utilities, labor and process R&D.","Alpha 69/100: AI demand 94, bottleneck 91, valuation torque 76, discovery 70.9; cap≈$35.8B","manufacturing tollgate in AI supply, with score influenced by pricing power, technology node, and geopolitical risk.",,Public common equity / ADR or local ordinary share,False
21,6857.T,Advantest,Non-US,Japan,TSE,wafer fab equipment,69,76.4,high potential,,,,,82,88,67,62.0,78,76,20,39,"Lithography, etch, deposition, process control, test/metrology tools, spares and service for fab capex.","Cash in from fab capex orders, tool shipments, spares, service contracts and installed-base upgrades.","Cash out to components, precision subsystems, supply chain, R&D and manufacturing operations.","Alpha 69/100: AI demand 82, bottleneck 88; live market cap should be verified",levered to AI-driven fab and HBM capacity additions; upside depends on order timing and export-control risk.,,Public common equity / ADR or local ordinary share,False
22,005930.KS,Samsung Electronics,Non-US,South Korea,KRX,memory,69,71.9,high potential,,1000000000000.0,1000.0,,98,94,38,22.0,90,85,35,87,"HBM, server DRAM, eSSD/NAND and specialty memory sold to cloud, OEM and accelerator supply chains.","Cash in from HBM/server DRAM/eSSD contracts, spot/contract pricing and OEM/cloud module demand.","Cash out to equipment makers, materials/wafer suppliers, fab construction, EUV/process tools and R&D.","Alpha 69/100: AI demand 98, bottleneck 94, valuation torque 38, discovery 22.0; cap≈$1000.0B",Memory rebound plus HBM4/SOCAMM2/NVIDIA Vera Rubin evidence and foundry optionality. Size and conglomerate complexity cap alpha despite improving AI linkage.,Reuters reported Samsung market capitalization exceeded $1T on May 6 2026,Public common equity / ADR or local ordinary share,True
23,TSEM,Tower Semiconductor,Non-US,Israel,NASDAQ,foundry,68,84.9,high potential,218.01,24214340179.0,24.214340179,,94,91,76,73.6,85,82,24,78,"Wafer fabrication, specialty processes, advanced-node capacity and sometimes advanced packaging/base dies.","Cash in from wafer starts, long-term capacity agreements, advanced-node wafer pricing and specialty-node volume.","Cash out to equipment/material suppliers, fab construction, utilities, labor and process R&D.","Alpha 68/100: AI demand 94, bottleneck 91, valuation torque 76, discovery 73.6; cap≈$24.2B","manufacturing tollgate in AI supply, with score influenced by pricing power, technology node, and geopolitical risk.",,Public common equity / ADR or local ordinary share,False
24,ARM,Arm Holdings,Non-US,United Kingdom,NASDAQ ADR,custom ASIC / interconnect,68,75.2,high potential,211.18,221281845983.0,221.281845983,,90,84,57,58.4,78,76,32,43,"Custom AI accelerators, SerDes/DSP, Ethernet/PCIe/CXL/optical connectivity, merchant data-center silicon.","Cash in from hyperscaler custom programs, data-center networking/optical connectivity and platform attach.","Cash out to foundries, OSATs, IP/EDA, substrates, inventory and R&D.","Alpha 68/100: AI demand 90, bottleneck 84, valuation torque 57, discovery 58.4; cap≈$221.3B","selective AI/edge/power exposure; less direct than HBM, advanced packaging and AI networking names.",,Public common equity / ADR or local ordinary share,False
25,2449.TW,King Yuan Electronics,Non-US,Taiwan,TWSE,OSAT / packaging,67,85.7,high potential,,5000000000.0,5.0,,87,95,84,83.5,77,74,20,25,"Assembly, test, burn-in, chiplet packaging, HBM-adjacent packaging equipment/services, backend capacity.","Cash in from wafer sort, final test, packaging, burn-in, advanced packaging and equipment shipments/services.","Cash out to bonding/test/inspection equipment, substrates, labor, facilities and working capital.","Alpha 67/100: AI demand 87, bottleneck 95, valuation torque 84, discovery 83.5; cap≈$5.0B","public semiconductor test-services provider added because AMD filings identify KYEC as an outsourced assembly/test partner; AI upside depends on utilization, test intensity and advanced packaging pull-through.",market cap placeholder; verify live quote before trading,Public common equity / ADR or local ordinary share,False
26,6488.TWO,GlobalWafers,Non-US,Taiwan,TPEx,materials / wafers,67,71.5,high potential,,,,,72,84,67,62.0,70,66,20,61,"Silicon wafers, substrates, photoresists, gases, chemicals and process materials consumed by fabs/packaging.",Cash in from recurring consumables and wafer/material volumes tied to fab utilization.,"Cash out to raw materials, energy, specialty chemicals, capex and process engineering.","Alpha 67/100: AI demand 72, bottleneck 84; live market cap should be verified",levered to AI-driven fab and HBM capacity additions; upside depends on order timing and export-control risk.,,Public common equity / ADR or local ordinary share,False
27,6146.T,Disco,Non-US,Japan,TSE,OSAT / packaging,66,79.1,high potential,,,,,87,95,67,62.0,77,74,25,25,"Assembly, test, burn-in, chiplet packaging, HBM-adjacent packaging equipment/services, backend capacity.","Cash in from wafer sort, final test, packaging, burn-in, advanced packaging and equipment shipments/services.","Cash out to bonding/test/inspection equipment, substrates, labor, facilities and working capital.","Alpha 66/100: AI demand 87, bottleneck 95; live market cap should be verified","selective AI/edge/power exposure; less direct than HBM, advanced packaging and AI networking names.",,Public common equity / ADR or local ordinary share,False
28,NVTS,Navitas Semiconductor,US,United States,NASDAQ,analog / power / RF,66,63.8,high potential,17.45,3711283450.0,3.71128345,-26.85,54,50,84,85.2,52,56,20,20,"Power management, analog, RF, sensors, embedded/edge semiconductors for servers, autos, industrial and devices.","Cash in from component shipments to OEMs/distributors across industrial, auto, data-center and device channels.","Cash out to foundries/IDM fabs, OSATs, distributors, inventory and R&D.","Alpha 66/100: AI demand 54, bottleneck 50, valuation torque 84, discovery 85.2; cap≈$3.7B","selective AI/edge/power exposure; less direct than HBM, advanced packaging and AI networking names.",,Public common equity / ADR or local ordinary share,False
29,ICHR,Ichor Holdings,US,United States,NASDAQ,wafer fab equipment,65,83.8,high potential,64.42,2212580400.0,2.2125804,-54.13,82,88,84,87.9,78,76,20,20,"Lithography, etch, deposition, process control, test/metrology tools, spares and service for fab capex.","Cash in from fab capex orders, tool shipments, spares, service contracts and installed-base upgrades.","Cash out to components, precision subsystems, supply chain, R&D and manufacturing operations.","Alpha 65/100: AI demand 82, bottleneck 88, valuation torque 84, discovery 87.9; cap≈$2.2B",levered to AI-driven fab and HBM capacity additions; upside depends on order timing and export-control risk.,,Public common equity / ADR or local ordinary share,False
30,UCTT,Ultra Clean Holdings,US,United States,NASDAQ,wafer fab equipment,65,83.5,high potential,74.61,3379833000.0,3.379833,-17.39,82,88,84,85.7,78,76,20,20,"Lithography, etch, deposition, process control, test/metrology tools, spares and service for fab capex.","Cash in from fab capex orders, tool shipments, spares, service contracts and installed-base upgrades.","Cash out to components, precision subsystems, supply chain, R&D and manufacturing operations.","Alpha 65/100: AI demand 82, bottleneck 88, valuation torque 84, discovery 85.7; cap≈$3.4B",levered to AI-driven fab and HBM capacity additions; upside depends on order timing and export-control risk.,,Public common equity / ADR or local ordinary share,False
31,ENTG,Entegris,US,United States,NASDAQ,materials / wafers,65,75.1,high potential,142.29,21798828000.0,21.798828,81.78,72,84,76,74.3,70,66,20,61,"Silicon wafers, substrates, photoresists, gases, chemicals and process materials consumed by fabs/packaging.",Cash in from recurring consumables and wafer/material volumes tied to fab utilization.,"Cash out to raw materials, energy, specialty chemicals, capex and process engineering.","Alpha 65/100: AI demand 72, bottleneck 84, valuation torque 76, discovery 74.3; cap≈$21.8B",levered to AI-driven fab and HBM capacity additions; upside depends on order timing and export-control risk.,,Public common equity / ADR or local ordinary share,False
32,AVGO,Broadcom,US,United States,NASDAQ,custom ASIC / interconnect,65,63.7,high potential,427.36,2076969600000.0,2076.9696,106.3085,90,84,27,22.0,78,76,34,82,"Custom AI accelerators, SerDes/DSP, Ethernet/PCIe/CXL/optical connectivity, merchant data-center silicon.","Cash in from hyperscaler custom programs, data-center networking/optical connectivity and platform attach.","Cash out to foundries, OSATs, IP/EDA, substrates, inventory and R&D.","Alpha 65/100: AI demand 90, bottleneck 84, valuation torque 27, discovery 22.0; cap≈$2077.0B","Custom AI accelerators, Ethernet networking and infrastructure software cash flow. Strong platform, but high market cap, customer concentration and visibility reduce early-alpha score.",finance tool: latest trade May 6 2026 UTC,Public common equity / ADR or local ordinary share,True
33,002156.SZ,Tongfu Microelectronics,Non-US,China,SZSE,OSAT / packaging,64,83.4,watchlist,,10900000000.0,10.9,,87,95,76,78.8,77,74,20,20,"Assembly, test, burn-in, chiplet packaging, HBM-adjacent packaging equipment/services, backend capacity.","Cash in from wafer sort, final test, packaging, burn-in, advanced packaging and equipment shipments/services.","Cash out to bonding/test/inspection equipment, substrates, labor, facilities and working capital.","Alpha 64/100: AI demand 87, bottleneck 95, valuation torque 76, discovery 78.8; cap≈$10.9B",public outsourced semiconductor assembly/test provider added because AMD filings identify the ATMP joint ventures with Tongfu; upside linked to AMD compute demand and packaging/test capacity.,AlphaSpread/market snapshot converted from roughly CNY 78.6B; verify live quote before trading,Public common equity / ADR or local ordinary share,False
34,MKSI,MKS Instruments,US,United States,NASDAQ,wafer fab equipment,64,80.3,watchlist,279.38,18886088000.0,18.886088,67.65,82,88,76,75.2,78,76,20,20,"Lithography, etch, deposition, process control, test/metrology tools, spares and service for fab capex.","Cash in from fab capex orders, tool shipments, spares, service contracts and installed-base upgrades.","Cash out to components, precision subsystems, supply chain, R&D and manufacturing operations.","Alpha 64/100: AI demand 82, bottleneck 88, valuation torque 76, discovery 75.2; cap≈$18.9B",levered to AI-driven fab and HBM capacity additions; upside depends on order timing and export-control risk.,,Public common equity / ADR or local ordinary share,False
35,6590.T,Shibaura Mechatronics,Non-US,Japan,TSE,OSAT / packaging,64,79.1,watchlist,,,,,87,95,67,62.0,77,74,25,25,"Assembly, test, burn-in, chiplet packaging, HBM-adjacent packaging equipment/services, backend capacity.","Cash in from wafer sort, final test, packaging, burn-in, advanced packaging and equipment shipments/services.","Cash out to bonding/test/inspection equipment, substrates, labor, facilities and working capital.","Alpha 64/100: AI demand 87, bottleneck 95; live market cap should be verified","selective AI/edge/power exposure; less direct than HBM, advanced packaging and AI networking names.",,Public common equity / ADR or local ordinary share,False
36,6920.T,Lasertec,Non-US,Japan,TSE,wafer fab equipment,64,76.4,watchlist,,,,,82,88,67,62.0,78,76,20,20,"Lithography, etch, deposition, process control, test/metrology tools, spares and service for fab capex.","Cash in from fab capex orders, tool shipments, spares, service contracts and installed-base upgrades.","Cash out to components, precision subsystems, supply chain, R&D and manufacturing operations.","Alpha 64/100: AI demand 82, bottleneck 88; live market cap should be verified",levered to AI-driven fab and HBM capacity additions; upside depends on order timing and export-control risk.,,Public common equity / ADR or local ordinary share,False
37,AMD,Advanced Micro Devices,US,United States,NASDAQ,AI accelerator,63,73.7,watchlist,355.26,582981660000.0,582.98166,175.0049,98,82,48,35.0,92,90,28,75,"Data-center GPUs/accelerators, systems, networking/software attach; revenue from hyperscalers/OEMs/cloud providers.","Cash in from hyperscalers, cloud providers, OEM/ODM server channels and enterprise AI system demand.","Cash out to foundries, memory suppliers, OSATs, substrates, ODMs, inventory commitments and R&D.","Alpha 63/100: AI demand 98, bottleneck 82, valuation torque 48, discovery 35.0; cap≈$583.0B",Second-source AI accelerator and EPYC exposure with Meta/AWS/Google/Microsoft/Tencent deployments and Samsung HBM collaboration. Alpha depends on closing the software/platform gap and converting MI demand into margin.,finance tool: latest trade May 6 2026 UTC,Public common equity / ADR or local ordinary share,True
38,SOI.PA,Soitec,Non-US,France,Euronext Paris,materials / wafers,63,71.5,watchlist,,,,,72,84,67,62.0,70,66,20,21,"Silicon wafers, substrates, photoresists, gases, chemicals and process materials consumed by fabs/packaging.",Cash in from recurring consumables and wafer/material volumes tied to fab utilization.,"Cash out to raw materials, energy, specialty chemicals, capex and process engineering.","Alpha 63/100: AI demand 72, bottleneck 84; live market cap should be verified",levered to AI-driven fab and HBM capacity additions; upside depends on order timing and export-control risk.,,Public common equity / ADR or local ordinary share,False
39,ASML,ASML Holding,Non-US,Netherlands,NASDAQ ADR,wafer fab equipment,63,66.4,watchlist,1427.02,561420664301.0,561.420664301,,82,88,48,22.0,78,76,20,38,"Lithography, etch, deposition, process control, test/metrology tools, spares and service for fab capex.","Cash in from fab capex orders, tool shipments, spares, service contracts and installed-base upgrades.","Cash out to components, precision subsystems, supply chain, R&D and manufacturing operations.","Alpha 63/100: AI demand 82, bottleneck 88, valuation torque 48, discovery 22.0; cap≈$561.4B","core AI winner, but already highly owned; score is capped by crowding and valuation discovery.",,Public common equity / ADR or local ordinary share,False
40,6526.T,Socionext,Non-US,Japan,TSE,custom ASIC / interconnect,62,77.6,watchlist,,,,,90,84,67,62.0,78,76,32,43,"Custom AI accelerators, SerDes/DSP, Ethernet/PCIe/CXL/optical connectivity, merchant data-center silicon.","Cash in from hyperscaler custom programs, data-center networking/optical connectivity and platform attach.","Cash out to foundries, OSATs, IP/EDA, substrates, inventory and R&D.","Alpha 62/100: AI demand 90, bottleneck 84; live market cap should be verified","selective AI/edge/power exposure; less direct than HBM, advanced packaging and AI networking names.",,Public common equity / ADR or local ordinary share,False
41,084370.KQ,Eugene Technology,Non-US,South Korea,KOSDAQ,wafer fab equipment,62,76.4,watchlist,,,,,82,88,67,62.0,78,76,20,20,"Lithography, etch, deposition, process control, test/metrology tools, spares and service for fab capex.","Cash in from fab capex orders, tool shipments, spares, service contracts and installed-base upgrades.","Cash out to components, precision subsystems, supply chain, R&D and manufacturing operations.","Alpha 62/100: AI demand 82, bottleneck 88; live market cap should be verified",levered to AI-driven fab and HBM capacity additions; upside depends on order timing and export-control risk.,,Public common equity / ADR or local ordinary share,False
42,NVDA,NVIDIA,US,United States,NASDAQ,AI accelerator,62,67.7,watchlist,196.5,4810909500000.0,4810.9095,48.1617,98,82,27,22.0,92,90,27,79,"Data-center GPUs/accelerators, systems, networking/software attach; revenue from hyperscalers/OEMs/cloud providers.","Cash in from hyperscalers, cloud providers, OEM/ODM server channels and enterprise AI system demand.","Cash out to foundries, memory suppliers, OSATs, substrates, ODMs, inventory commitments and R&D.","Alpha 62/100: AI demand 98, bottleneck 82, valuation torque 27, discovery 22.0; cap≈$4810.9B","AI cash-flow king with disclosed dependencies on TSMC/Samsung foundries and SK hynix/Micron/Samsung memory. Alpha is capped by megacap crowding, ETF ownership and very visible expectations.",finance tool: latest trade May 6 2026 UTC,Public common equity / ADR or local ordinary share,True
43,TSM,Taiwan Semiconductor Manufacturing,Non-US,Taiwan,NYSE ADR,foundry,62,67.4,watchlist,397.67,10313026244430.0,10313.02624443,,94,91,27,22.0,85,82,24,78,"Wafer fabrication, specialty processes, advanced-node capacity and sometimes advanced packaging/base dies.","Cash in from wafer starts, long-term capacity agreements, advanced-node wafer pricing and specialty-node volume.","Cash out to equipment/material suppliers, fab construction, utilities, labor and process R&D.","Alpha 62/100: AI demand 94, bottleneck 91, valuation torque 27, discovery 22.0; cap≈$10313.0B","core AI winner, but already highly owned; score is capped by crowding and valuation discovery.",,Public common equity / ADR or local ordinary share,False
44,8035.T,Tokyo Electron,Non-US,Japan,TSE,wafer fab equipment,61,76.4,watchlist,,,,,82,88,67,62.0,78,76,20,37,"Lithography, etch, deposition, process control, test/metrology tools, spares and service for fab capex.","Cash in from fab capex orders, tool shipments, spares, service contracts and installed-base upgrades.","Cash out to components, precision subsystems, supply chain, R&D and manufacturing operations.","Alpha 61/100: AI demand 82, bottleneck 88; live market cap should be verified",levered to AI-driven fab and HBM capacity additions; upside depends on order timing and export-control risk.,,Public common equity / ADR or local ordinary share,False
45,4966.TW,Parade Technologies,Non-US,Taiwan,TWSE,analog / power / RF,61,56.8,watchlist,,,,,54,50,67,62.0,52,56,20,20,"Power management, analog, RF, sensors, embedded/edge semiconductors for servers, autos, industrial and devices.","Cash in from component shipments to OEMs/distributors across industrial, auto, data-center and device channels.","Cash out to foundries/IDM fabs, OSATs, distributors, inventory and R&D.","Alpha 61/100: AI demand 54, bottleneck 50; live market cap should be verified","selective AI/edge/power exposure; less direct than HBM, advanced packaging and AI networking names.",,Public common equity / ADR or local ordinary share,False
46,3436.T,SUMCO,Non-US,Japan,TSE,materials / wafers,60,71.5,watchlist,,,,,72,84,67,62.0,70,66,20,61,"Silicon wafers, substrates, photoresists, gases, chemicals and process materials consumed by fabs/packaging.",Cash in from recurring consumables and wafer/material volumes tied to fab utilization.,"Cash out to raw materials, energy, specialty chemicals, capex and process engineering.","Alpha 60/100: AI demand 72, bottleneck 84; live market cap should be verified",levered to AI-driven fab and HBM capacity additions; upside depends on order timing and export-control risk.,,Public common equity / ADR or local ordinary share,False
47,WAF.DE,Siltronic,Non-US,Germany,XETRA,materials / wafers,60,71.5,watchlist,,,,,72,84,67,62.0,70,66,20,21,"Silicon wafers, substrates, photoresists, gases, chemicals and process materials consumed by fabs/packaging.",Cash in from recurring consumables and wafer/material volumes tied to fab utilization.,"Cash out to raw materials, energy, specialty chemicals, capex and process engineering.","Alpha 60/100: AI demand 72, bottleneck 84; live market cap should be verified",levered to AI-driven fab and HBM capacity additions; upside depends on order timing and export-control risk.,,Public common equity / ADR or local ordinary share,False
48,4063.T,Shin-Etsu Chemical,Non-US,Japan,TSE,materials / wafers,59,71.5,watchlist,,,,,72,84,67,62.0,70,66,20,28,"Silicon wafers, substrates, photoresists, gases, chemicals and process materials consumed by fabs/packaging.",Cash in from recurring consumables and wafer/material volumes tied to fab utilization.,"Cash out to raw materials, energy, specialty chemicals, capex and process engineering.","Alpha 59/100: AI demand 72, bottleneck 84; live market cap should be verified",levered to AI-driven fab and HBM capacity additions; upside depends on order timing and export-control risk.,,Public common equity / ADR or local ordinary share,False
49,4186.T,Tokyo Ohka Kogyo,Non-US,Japan,TSE,materials / wafers,59,71.5,watchlist,,,,,72,84,67,62.0,70,66,20,21,"Silicon wafers, substrates, photoresists, gases, chemicals and process materials consumed by fabs/packaging.",Cash in from recurring consumables and wafer/material volumes tied to fab utilization.,"Cash out to raw materials, energy, specialty chemicals, capex and process engineering.","Alpha 59/100: AI demand 72, bottleneck 84; live market cap should be verified",levered to AI-driven fab and HBM capacity additions; upside depends on order timing and export-control risk.,,Public common equity / ADR or local ordinary share,False
50,NXPI,NXP Semiconductors,Non-US,Netherlands,NASDAQ,analog / power / RF,59,57.2,watchlist,295.24,74850721000.0,74.850721,28.23,54,50,66,65.9,52,56,20,20,"Power management, analog, RF, sensors, embedded/edge semiconductors for servers, autos, industrial and devices.","Cash in from component shipments to OEMs/distributors across industrial, auto, data-center and device channels.","Cash out to foundries/IDM fabs, OSATs, distributors, inventory and R&D.","Alpha 59/100: AI demand 54, bottleneck 50, valuation torque 66, discovery 65.9; cap≈$74.9B","selective AI/edge/power exposure; less direct than HBM, advanced packaging and AI networking names.",,Public common equity / ADR or local ordinary share,False
51,QCOM,Qualcomm,US,United States,NASDAQ,analog / power / RF,59,50.6,watchlist,177.01,189754720000.0,189.75472,18.99,54,50,57,35.0,52,56,20,25,"Power management, analog, RF, sensors, embedded/edge semiconductors for servers, autos, industrial and devices.","Cash in from component shipments to OEMs/distributors across industrial, auto, data-center and device channels.","Cash out to foundries/IDM fabs, OSATs, distributors, inventory and R&D.","Alpha 59/100: AI demand 54, bottleneck 50, valuation torque 57, discovery 35.0; cap≈$189.8B","selective AI/edge/power exposure; less direct than HBM, advanced packaging and AI networking names.",,Public common equity / ADR or local ordinary share,False
52,7735.T,SCREEN Holdings,Non-US,Japan,TSE,wafer fab equipment,58,76.4,watchlist,,,,,82,88,67,62.0,78,76,20,21,"Lithography, etch, deposition, process control, test/metrology tools, spares and service for fab capex.","Cash in from fab capex orders, tool shipments, spares, service contracts and installed-base upgrades.","Cash out to components, precision subsystems, supply chain, R&D and manufacturing operations.","Alpha 58/100: AI demand 82, bottleneck 88; live market cap should be verified",levered to AI-driven fab and HBM capacity additions; upside depends on order timing and export-control risk.,,Public common equity / ADR or local ordinary share,False
53,STM,STMicroelectronics,Non-US,Switzerland/France/Italy,NYSE,analog / power / RF,58,57.7,watchlist,55.75,50364967010.0,50.36496701,,54,50,66,68.6,52,56,20,20,"Power management, analog, RF, sensors, embedded/edge semiconductors for servers, autos, industrial and devices.","Cash in from component shipments to OEMs/distributors across industrial, auto, data-center and device channels.","Cash out to foundries/IDM fabs, OSATs, distributors, inventory and R&D.","Alpha 58/100: AI demand 54, bottleneck 50, valuation torque 66, discovery 68.6; cap≈$50.4B","selective AI/edge/power exposure; less direct than HBM, advanced packaging and AI networking names.",,Public common equity / ADR or local ordinary share,False
54,2454.TW,MediaTek,Non-US,Taiwan,TWSE,analog / power / RF,58,56.8,watchlist,,,,,54,50,67,62.0,52,56,20,25,"Power management, analog, RF, sensors, embedded/edge semiconductors for servers, autos, industrial and devices.","Cash in from component shipments to OEMs/distributors across industrial, auto, data-center and device channels.","Cash out to foundries/IDM fabs, OSATs, distributors, inventory and R&D.","Alpha 58/100: AI demand 54, bottleneck 50; live market cap should be verified","selective AI/edge/power exposure; less direct than HBM, advanced packaging and AI networking names.",,Public common equity / ADR or local ordinary share,False
55,IFX.DE,Infineon Technologies,Non-US,Germany,XETRA,analog / power / RF,58,56.8,watchlist,,,,,54,50,67,62.0,52,56,20,20,"Power management, analog, RF, sensors, embedded/edge semiconductors for servers, autos, industrial and devices.","Cash in from component shipments to OEMs/distributors across industrial, auto, data-center and device channels.","Cash out to foundries/IDM fabs, OSATs, distributors, inventory and R&D.","Alpha 58/100: AI demand 54, bottleneck 50; live market cap should be verified","selective AI/edge/power exposure; less direct than HBM, advanced packaging and AI networking names.",,Public common equity / ADR or local ordinary share,False
56,ASX,ASE Technology Holding,Non-US,Taiwan,NYSE ADR,OSAT / packaging,57,78.8,watchlist,31.59,136468262970.0,136.46826297,,87,95,66,61.8,77,74,25,64,"Assembly, test, burn-in, chiplet packaging, HBM-adjacent packaging equipment/services, backend capacity.","Cash in from wafer sort, final test, packaging, burn-in, advanced packaging and equipment shipments/services.","Cash out to bonding/test/inspection equipment, substrates, labor, facilities and working capital.","Alpha 57/100: AI demand 87, bottleneck 95, valuation torque 66, discovery 61.8; cap≈$136.5B","selective AI/edge/power exposure; less direct than HBM, advanced packaging and AI networking names.",,Public common equity / ADR or local ordinary share,False
57,AIXA.DE,Aixtron,Non-US,Germany,XETRA,analog / power / RF,57,56.8,watchlist,,,,,54,50,67,62.0,52,56,20,20,"Power management, analog, RF, sensors, embedded/edge semiconductors for servers, autos, industrial and devices.","Cash in from component shipments to OEMs/distributors across industrial, auto, data-center and device channels.","Cash out to foundries/IDM fabs, OSATs, distributors, inventory and R&D.","Alpha 57/100: AI demand 54, bottleneck 50; live market cap should be verified","selective AI/edge/power exposure; less direct than HBM, advanced packaging and AI networking names.",,Public common equity / ADR or local ordinary share,False
58,UMC,United Microelectronics,Non-US,Taiwan,NYSE ADR,foundry,56,79.2,watchlist,13.05,163503893700.0,163.5038937,,94,91,57,60.5,85,82,24,76,"Wafer fabrication, specialty processes, advanced-node capacity and sometimes advanced packaging/base dies.","Cash in from wafer starts, long-term capacity agreements, advanced-node wafer pricing and specialty-node volume.","Cash out to equipment/material suppliers, fab construction, utilities, labor and process R&D.","Alpha 56/100: AI demand 94, bottleneck 91, valuation torque 57, discovery 60.5; cap≈$163.5B","manufacturing tollgate in AI supply, with score influenced by pricing power, technology node, and geopolitical risk.",,Public common equity / ADR or local ordinary share,False
59,3105.TWO,WIN Semiconductors,Non-US,Taiwan,TPEx,foundry,55,81.4,watchlist,,,,,94,91,67,62.0,85,82,24,38,"Wafer fabrication, specialty processes, advanced-node capacity and sometimes advanced packaging/base dies.","Cash in from wafer starts, long-term capacity agreements, advanced-node wafer pricing and specialty-node volume.","Cash out to equipment/material suppliers, fab construction, utilities, labor and process R&D.","Alpha 55/100: AI demand 94, bottleneck 91; live market cap should be verified","manufacturing tollgate in AI supply, with score influenced by pricing power, technology node, and geopolitical risk.",,Public common equity / ADR or local ordinary share,False
60,SMTC,Semtech,US,United States,NASDAQ,analog / power / RF,55,62.9,watchlist,107.81,9452996420.0,9.45299642,156.25,54,50,84,79.7,52,56,20,20,"Power management, analog, RF, sensors, embedded/edge semiconductors for servers, autos, industrial and devices.","Cash in from component shipments to OEMs/distributors across industrial, auto, data-center and device channels.","Cash out to foundries/IDM fabs, OSATs, distributors, inventory and R&D.","Alpha 55/100: AI demand 54, bottleneck 50, valuation torque 84, discovery 79.7; cap≈$9.5B","selective AI/edge/power exposure; less direct than HBM, advanced packaging and AI networking names.",,Public common equity / ADR or local ordinary share,False
61,MTSI,MACOM Technology Solutions,US,United States,NASDAQ,analog / power / RF,55,60.5,watchlist,284.18,21801721240.0,21.80172124,128.59,54,50,76,74.3,52,56,20,20,"Power management, analog, RF, sensors, embedded/edge semiconductors for servers, autos, industrial and devices.","Cash in from component shipments to OEMs/distributors across industrial, auto, data-center and device channels.","Cash out to foundries/IDM fabs, OSATs, distributors, inventory and R&D.","Alpha 55/100: AI demand 54, bottleneck 50, valuation torque 76, discovery 74.3; cap≈$21.8B","selective AI/edge/power exposure; less direct than HBM, advanced packaging and AI networking names.",,Public common equity / ADR or local ordinary share,False
62,5347.TWO,Vanguard International Semiconductor,Non-US,Taiwan,TPEx,foundry,54,81.4,watchlist,,,,,94,91,67,62.0,85,82,24,44,"Wafer fabrication, specialty processes, advanced-node capacity and sometimes advanced packaging/base dies.","Cash in from wafer starts, long-term capacity agreements, advanced-node wafer pricing and specialty-node volume.","Cash out to equipment/material suppliers, fab construction, utilities, labor and process R&D.","Alpha 54/100: AI demand 94, bottleneck 91; live market cap should be verified","manufacturing tollgate in AI supply, with score influenced by pricing power, technology node, and geopolitical risk.",,Public common equity / ADR or local ordinary share,False
63,KLAC,KLA,US,United States,NASDAQ,wafer fab equipment,54,70.7,watchlist,1726.26,227434755000.0,227.434755,48.89,82,88,57,38.0,78,76,20,37,"Lithography, etch, deposition, process control, test/metrology tools, spares and service for fab capex.","Cash in from fab capex orders, tool shipments, spares, service contracts and installed-base upgrades.","Cash out to components, precision subsystems, supply chain, R&D and manufacturing operations.","Alpha 54/100: AI demand 82, bottleneck 88, valuation torque 57, discovery 38.0; cap≈$227.4B",levered to AI-driven fab and HBM capacity additions; upside depends on order timing and export-control risk.,,Public common equity / ADR or local ordinary share,False
64,MPWR,Monolithic Power Systems,US,United States,NASDAQ,analog / power / RF,54,57.2,watchlist,1583.48,76073546160.0,76.07354616,40.62,54,50,66,65.8,52,56,20,20,"Power management, analog, RF, sensors, embedded/edge semiconductors for servers, autos, industrial and devices.","Cash in from component shipments to OEMs/distributors across industrial, auto, data-center and device channels.","Cash out to foundries/IDM fabs, OSATs, distributors, inventory and R&D.","Alpha 54/100: AI demand 54, bottleneck 50, valuation torque 66, discovery 65.8; cap≈$76.1B","selective AI/edge/power exposure; less direct than HBM, advanced packaging and AI networking names.",,Public common equity / ADR or local ordinary share,False
65,2379.TW,Realtek Semiconductor,Non-US,Taiwan,TWSE,analog / power / RF,54,56.8,watchlist,,,,,54,50,67,62.0,52,56,20,20,"Power management, analog, RF, sensors, embedded/edge semiconductors for servers, autos, industrial and devices.","Cash in from component shipments to OEMs/distributors across industrial, auto, data-center and device channels.","Cash out to foundries/IDM fabs, OSATs, distributors, inventory and R&D.","Alpha 54/100: AI demand 54, bottleneck 50; live market cap should be verified","selective AI/edge/power exposure; less direct than HBM, advanced packaging and AI networking names.",,Public common equity / ADR or local ordinary share,False
66,3034.TW,Novatek Microelectronics,Non-US,Taiwan,TWSE,analog / power / RF,54,56.8,watchlist,,,,,54,50,67,62.0,52,56,20,20,"Power management, analog, RF, sensors, embedded/edge semiconductors for servers, autos, industrial and devices.","Cash in from component shipments to OEMs/distributors across industrial, auto, data-center and device channels.","Cash out to foundries/IDM fabs, OSATs, distributors, inventory and R&D.","Alpha 54/100: AI demand 54, bottleneck 50; live market cap should be verified","selective AI/edge/power exposure; less direct than HBM, advanced packaging and AI networking names.",,Public common equity / ADR or local ordinary share,False
67,KLIC,Kulicke & Soffa,US,United States,NASDAQ,OSAT / packaging,53,85.8,watchlist,86.33,4534137930.0,4.53413793,-72.55,87,95,84,84.1,77,74,25,63,"Assembly, test, burn-in, chiplet packaging, HBM-adjacent packaging equipment/services, backend capacity.","Cash in from wafer sort, final test, packaging, burn-in, advanced packaging and equipment shipments/services.","Cash out to bonding/test/inspection equipment, substrates, labor, facilities and working capital.","Alpha 53/100: AI demand 87, bottleneck 95, valuation torque 84, discovery 84.1; cap≈$4.5B","selective AI/edge/power exposure; less direct than HBM, advanced packaging and AI networking names.",,Public common equity / ADR or local ordinary share,False
68,TER,Teradyne,US,United States,NASDAQ,wafer fab equipment,53,77.2,watchlist,345.42,54450627120.0,54.45062712,64.09,82,88,66,68.1,78,76,20,39,"Lithography, etch, deposition, process control, test/metrology tools, spares and service for fab capex.","Cash in from fab capex orders, tool shipments, spares, service contracts and installed-base upgrades.","Cash out to components, precision subsystems, supply chain, R&D and manufacturing operations.","Alpha 53/100: AI demand 82, bottleneck 88, valuation torque 66, discovery 68.1; cap≈$54.5B",levered to AI-driven fab and HBM capacity additions; upside depends on order timing and export-control risk.,,Public common equity / ADR or local ordinary share,False
69,AMAT,Applied Materials,US,United States,NASDAQ,wafer fab equipment,53,70.7,watchlist,389.08,310874920000.0,310.87492,39.91,82,88,57,38.0,78,76,20,37,"Lithography, etch, deposition, process control, test/metrology tools, spares and service for fab capex.","Cash in from fab capex orders, tool shipments, spares, service contracts and installed-base upgrades.","Cash out to components, precision subsystems, supply chain, R&D and manufacturing operations.","Alpha 53/100: AI demand 82, bottleneck 88, valuation torque 57, discovery 38.0; cap≈$310.9B",levered to AI-driven fab and HBM capacity additions; upside depends on order timing and export-control risk.,,Public common equity / ADR or local ordinary share,False
70,LRCX,Lam Research,US,United States,NASDAQ,wafer fab equipment,53,70.7,watchlist,256.72,322780474000.0,322.780474,47.81,82,88,57,38.0,78,76,20,37,"Lithography, etch, deposition, process control, test/metrology tools, spares and service for fab capex.","Cash in from fab capex orders, tool shipments, spares, service contracts and installed-base upgrades.","Cash out to components, precision subsystems, supply chain, R&D and manufacturing operations.","Alpha 53/100: AI demand 82, bottleneck 88, valuation torque 57, discovery 38.0; cap≈$322.8B",levered to AI-driven fab and HBM capacity additions; upside depends on order timing and export-control risk.,,Public common equity / ADR or local ordinary share,False
71,ACLS,Axcelis Technologies,US,United States,NASDAQ,wafer fab equipment,52,83.2,watchlist,139.99,4402685500.0,4.4026855,33.09,82,88,84,84.3,78,76,20,21,"Lithography, etch, deposition, process control, test/metrology tools, spares and service for fab capex.","Cash in from fab capex orders, tool shipments, spares, service contracts and installed-base upgrades.","Cash out to components, precision subsystems, supply chain, R&D and manufacturing operations.","Alpha 52/100: AI demand 82, bottleneck 88, valuation torque 84, discovery 84.3; cap≈$4.4B",levered to AI-driven fab and HBM capacity additions; upside depends on order timing and export-control risk.,,Public common equity / ADR or local ordinary share,False
72,PLAB,Photronics,US,United States,NASDAQ,materials / wafers,52,78.6,watchlist,50.16,2928842400.0,2.9288424,21.44,72,84,84,86.5,70,66,20,61,"Silicon wafers, substrates, photoresists, gases, chemicals and process materials consumed by fabs/packaging.",Cash in from recurring consumables and wafer/material volumes tied to fab utilization.,"Cash out to raw materials, energy, specialty chemicals, capex and process engineering.","Alpha 52/100: AI demand 72, bottleneck 84, valuation torque 84, discovery 86.5; cap≈$2.9B",levered to AI-driven fab and HBM capacity additions; upside depends on order timing and export-control risk.,,Public common equity / ADR or local ordinary share,False
73,AOSL,Alpha and Omega Semiconductor,US,United States,NASDAQ,analog / power / RF,52,66.1,watchlist,43.08,1284473280.0,1.28447328,-12.31,54,50,92,90.3,52,56,20,20,"Power management, analog, RF, sensors, embedded/edge semiconductors for servers, autos, industrial and devices.","Cash in from component shipments to OEMs/distributors across industrial, auto, data-center and device channels.","Cash out to foundries/IDM fabs, OSATs, distributors, inventory and R&D.","Alpha 52/100: AI demand 54, bottleneck 50, valuation torque 92, discovery 90.3; cap≈$1.3B","selective AI/edge/power exposure; less direct than HBM, advanced packaging and AI networking names.",,Public common equity / ADR or local ordinary share,False
74,COHU,Cohu,US,United States,NASDAQ,wafer fab equipment,51,83.8,watchlist,45.59,2142547640.0,2.14254764,-38.31,82,88,84,88.0,78,76,20,28,"Lithography, etch, deposition, process control, test/metrology tools, spares and service for fab capex.","Cash in from fab capex orders, tool shipments, spares, service contracts and installed-base upgrades.","Cash out to components, precision subsystems, supply chain, R&D and manufacturing operations.","Alpha 51/100: AI demand 82, bottleneck 88, valuation torque 84, discovery 88.0; cap≈$2.1B",levered to AI-driven fab and HBM capacity additions; upside depends on order timing and export-control risk.,,Public common equity / ADR or local ordinary share,False
75,AMBA,Ambarella,US,United States,NASDAQ,analog / power / RF,51,64.0,watchlist,71.56,2932902701.0,2.932902701,,54,50,84,86.5,52,56,20,20,"Power management, analog, RF, sensors, embedded/edge semiconductors for servers, autos, industrial and devices.","Cash in from component shipments to OEMs/distributors across industrial, auto, data-center and device channels.","Cash out to foundries/IDM fabs, OSATs, distributors, inventory and R&D.","Alpha 51/100: AI demand 54, bottleneck 50, valuation torque 84, discovery 86.5; cap≈$2.9B","selective AI/edge/power exposure; less direct than HBM, advanced packaging and AI networking names.",,Public common equity / ADR or local ordinary share,False
76,SYNA,Synaptics,US,United States,NASDAQ,analog / power / RF,51,63.8,watchlist,96.5,3753850000.0,3.75385,-60.31,54,50,84,85.2,52,56,20,20,"Power management, analog, RF, sensors, embedded/edge semiconductors for servers, autos, industrial and devices.","Cash in from component shipments to OEMs/distributors across industrial, auto, data-center and device channels.","Cash out to foundries/IDM fabs, OSATs, distributors, inventory and R&D.","Alpha 51/100: AI demand 54, bottleneck 50, valuation torque 84, discovery 85.2; cap≈$3.8B","selective AI/edge/power exposure; less direct than HBM, advanced packaging and AI networking names.",,Public common equity / ADR or local ordinary share,False
77,RMBS,Rambus,US,United States,NASDAQ,custom ASIC / interconnect,50,81.9,watchlist,111.93,12280511880.0,12.28051188,53.3,90,84,76,78.0,78,76,25,27,"Custom AI accelerators, SerDes/DSP, Ethernet/PCIe/CXL/optical connectivity, merchant data-center silicon.","Cash in from hyperscaler custom programs, data-center networking/optical connectivity and platform attach.","Cash out to foundries, OSATs, IP/EDA, substrates, inventory and R&D.","Alpha 50/100: AI demand 90, bottleneck 84, valuation torque 76, discovery 78.0; cap≈$12.3B","selective AI/edge/power exposure; less direct than HBM, advanced packaging and AI networking names.",,Public common equity / ADR or local ordinary share,False
78,000990.KS,DB HiTek,Non-US,South Korea,KRX,foundry,50,81.4,watchlist,,,,,94,91,67,62.0,85,82,24,37,"Wafer fabrication, specialty processes, advanced-node capacity and sometimes advanced packaging/base dies.","Cash in from wafer starts, long-term capacity agreements, advanced-node wafer pricing and specialty-node volume.","Cash out to equipment/material suppliers, fab construction, utilities, labor and process R&D.","Alpha 50/100: AI demand 94, bottleneck 91; live market cap should be verified","manufacturing tollgate in AI supply, with score influenced by pricing power, technology node, and geopolitical risk.",,Public common equity / ADR or local ordinary share,False
79,LSCC,Lattice Semiconductor,US,United States,NASDAQ,semiconductor ecosystem,50,67.1,watchlist,120.96,16704938880.0,16.70493888,604.8,64,62,76,76.0,60,60,20,20,IP/licensing/design ecosystem royalties and platform fees attached to semiconductor design activity.,"Cash in from royalties, licensing, IP enablement and ecosystem services.","Cash out to R&D, ecosystem support, sales and engineering talent.","Alpha 50/100: AI demand 64, bottleneck 62, valuation torque 76, discovery 76.0; cap≈$16.7B","selective AI/edge/power exposure; less direct than HBM, advanced packaging and AI networking names.",,Public common equity / ADR or local ordinary share,False
80,6723.T,Renesas Electronics,Non-US,Japan,TSE,analog / power / RF,50,56.8,watchlist,,,,,54,50,67,62.0,52,56,20,20,"Power management, analog, RF, sensors, embedded/edge semiconductors for servers, autos, industrial and devices.","Cash in from component shipments to OEMs/distributors across industrial, auto, data-center and device channels.","Cash out to foundries/IDM fabs, OSATs, distributors, inventory and R&D.","Alpha 50/100: AI demand 54, bottleneck 50; live market cap should be verified","selective AI/edge/power exposure; less direct than HBM, advanced packaging and AI networking names.",,Public common equity / ADR or local ordinary share,False
81,6963.T,Rohm,Non-US,Japan,TSE,analog / power / RF,50,56.8,watchlist,,,,,54,50,67,62.0,52,56,20,20,"Power management, analog, RF, sensors, embedded/edge semiconductors for servers, autos, industrial and devices.","Cash in from component shipments to OEMs/distributors across industrial, auto, data-center and device channels.","Cash out to foundries/IDM fabs, OSATs, distributors, inventory and R&D.","Alpha 50/100: AI demand 54, bottleneck 50; live market cap should be verified","selective AI/edge/power exposure; less direct than HBM, advanced packaging and AI networking names.",,Public common equity / ADR or local ordinary share,False
82,2408.TW,Nanya Technology,Non-US,Taiwan,TWSE,memory,49,83.8,turnaround/speculative,,,,,98,94,67,62.0,90,85,30,48,"HBM, server DRAM, eSSD/NAND and specialty memory sold to cloud, OEM and accelerator supply chains.","Cash in from HBM/server DRAM/eSSD contracts, spot/contract pricing and OEM/cloud module demand.","Cash out to equipment makers, materials/wafer suppliers, fab construction, EUV/process tools and R&D.","Alpha 49/100: AI demand 98, bottleneck 94; live market cap should be verified","HBM/DRAM tightness links directly to AI accelerator supply, but memory cycles and capex timing are major risks.",,Public common equity / ADR or local ordinary share,False
83,ADI,Analog Devices,US,United States,NASDAQ,analog / power / RF,49,54.5,turnaround/speculative,397.69,195526674640.0,195.52667464,72.7,54,50,57,59.3,52,56,20,20,"Power management, analog, RF, sensors, embedded/edge semiconductors for servers, autos, industrial and devices.","Cash in from component shipments to OEMs/distributors across industrial, auto, data-center and device channels.","Cash out to foundries/IDM fabs, OSATs, distributors, inventory and R&D.","Alpha 49/100: AI demand 54, bottleneck 50, valuation torque 57, discovery 59.3; cap≈$195.5B","selective AI/edge/power exposure; less direct than HBM, advanced packaging and AI networking names.",,Public common equity / ADR or local ordinary share,False
84,TXN,Texas Instruments,US,United States,NASDAQ,analog / power / RF,49,50.6,turnaround/speculative,281.02,256852280000.0,256.85228,48.04,54,50,57,35.0,52,56,20,20,"Power management, analog, RF, sensors, embedded/edge semiconductors for servers, autos, industrial and devices.","Cash in from component shipments to OEMs/distributors across industrial, auto, data-center and device channels.","Cash out to foundries/IDM fabs, OSATs, distributors, inventory and R&D.","Alpha 49/100: AI demand 54, bottleneck 50, valuation torque 57, discovery 35.0; cap≈$256.9B","selective AI/edge/power exposure; less direct than HBM, advanced packaging and AI networking names.",,Public common equity / ADR or local ordinary share,False
85,2344.TW,Winbond Electronics,Non-US,Taiwan,TWSE,memory,48,83.8,turnaround/speculative,,,,,98,94,67,62.0,90,85,30,43,"HBM, server DRAM, eSSD/NAND and specialty memory sold to cloud, OEM and accelerator supply chains.","Cash in from HBM/server DRAM/eSSD contracts, spot/contract pricing and OEM/cloud module demand.","Cash out to equipment makers, materials/wafer suppliers, fab construction, EUV/process tools and R&D.","Alpha 48/100: AI demand 98, bottleneck 94; live market cap should be verified","HBM/DRAM tightness links directly to AI accelerator supply, but memory cycles and capex timing are major risks.",,Public common equity / ADR or local ordinary share,False
86,POWI,Power Integrations,US,United States,NASDAQ,analog / power / RF,48,63.7,turnaround/speculative,73.32,4090962720.0,4.09096272,244.4,54,50,84,84.7,52,56,20,20,"Power management, analog, RF, sensors, embedded/edge semiconductors for servers, autos, industrial and devices.","Cash in from component shipments to OEMs/distributors across industrial, auto, data-center and device channels.","Cash out to foundries/IDM fabs, OSATs, distributors, inventory and R&D.","Alpha 48/100: AI demand 54, bottleneck 50, valuation torque 84, discovery 84.7; cap≈$4.1B","selective AI/edge/power exposure; less direct than HBM, advanced packaging and AI networking names.",,Public common equity / ADR or local ordinary share,False
87,6770.TW,Powerchip Semiconductor Manufacturing,Non-US,Taiwan,TWSE,memory,47,83.8,turnaround/speculative,,,,,98,94,67,62.0,90,85,20,47,"HBM, server DRAM, eSSD/NAND and specialty memory sold to cloud, OEM and accelerator supply chains.","Cash in from HBM/server DRAM/eSSD contracts, spot/contract pricing and OEM/cloud module demand.","Cash out to equipment makers, materials/wafer suppliers, fab construction, EUV/process tools and R&D.","Alpha 47/100: AI demand 98, bottleneck 94; live market cap should be verified","HBM/DRAM tightness links directly to AI accelerator supply, but memory cycles and capex timing are major risks.",,Public common equity / ADR or local ordinary share,False
88,MXL,MaxLinear,US,United States,NASDAQ,analog / power / RF,47,63.2,turnaround/speculative,77.18,6760582100.0,6.7605821,-50.78,54,50,84,81.8,52,56,20,20,"Power management, analog, RF, sensors, embedded/edge semiconductors for servers, autos, industrial and devices.","Cash in from component shipments to OEMs/distributors across industrial, auto, data-center and device channels.","Cash out to foundries/IDM fabs, OSATs, distributors, inventory and R&D.","Alpha 47/100: AI demand 54, bottleneck 50, valuation torque 84, discovery 81.8; cap≈$6.8B","selective AI/edge/power exposure; less direct than HBM, advanced packaging and AI networking names.",,Public common equity / ADR or local ordinary share,False
89,ON,ON Semiconductor,US,United States,NASDAQ,analog / power / RF,47,59.8,turnaround/speculative,103.03,42036240000.0,42.03624,133.81,54,50,76,69.9,52,56,20,20,"Power management, analog, RF, sensors, embedded/edge semiconductors for servers, autos, industrial and devices.","Cash in from component shipments to OEMs/distributors across industrial, auto, data-center and device channels.","Cash out to foundries/IDM fabs, OSATs, distributors, inventory and R&D.","Alpha 47/100: AI demand 54, bottleneck 50, valuation torque 76, discovery 69.9; cap≈$42.0B","selective AI/edge/power exposure; less direct than HBM, advanced packaging and AI networking names.",,Public common equity / ADR or local ordinary share,False
90,2337.TW,Macronix International,Non-US,Taiwan,TWSE,memory,46,83.8,turnaround/speculative,,,,,98,94,67,62.0,90,85,30,43,"HBM, server DRAM, eSSD/NAND and specialty memory sold to cloud, OEM and accelerator supply chains.","Cash in from HBM/server DRAM/eSSD contracts, spot/contract pricing and OEM/cloud module demand.","Cash out to equipment makers, materials/wafer suppliers, fab construction, EUV/process tools and R&D.","Alpha 46/100: AI demand 98, bottleneck 94; live market cap should be verified","HBM/DRAM tightness links directly to AI accelerator supply, but memory cycles and capex timing are major risks.",,Public common equity / ADR or local ordinary share,False
91,SLAB,Silicon Labs,US,United States,NASDAQ,analog / power / RF,46,63.1,turnaround/speculative,218.24,7165910400.0,7.1659104,-82.98,54,50,84,81.4,52,56,20,20,"Power management, analog, RF, sensors, embedded/edge semiconductors for servers, autos, industrial and devices.","Cash in from component shipments to OEMs/distributors across industrial, auto, data-center and device channels.","Cash out to foundries/IDM fabs, OSATs, distributors, inventory and R&D.","Alpha 46/100: AI demand 54, bottleneck 50, valuation torque 84, discovery 81.4; cap≈$7.2B","selective AI/edge/power exposure; less direct than HBM, advanced packaging and AI networking names.",,Public common equity / ADR or local ordinary share,False
92,MCHP,Microchip Technology,US,United States,NASDAQ,analog / power / RF,46,57.7,turnaround/speculative,93.95,51249725000.0,51.249725,-323.97,54,50,66,68.5,52,56,20,20,"Power management, analog, RF, sensors, embedded/edge semiconductors for servers, autos, industrial and devices.","Cash in from component shipments to OEMs/distributors across industrial, auto, data-center and device channels.","Cash out to foundries/IDM fabs, OSATs, distributors, inventory and R&D.","Alpha 46/100: AI demand 54, bottleneck 50, valuation torque 66, discovery 68.5; cap≈$51.2B","selective AI/edge/power exposure; less direct than HBM, advanced packaging and AI networking names.",,Public common equity / ADR or local ordinary share,False
93,AEHR,Aehr Test Systems,US,United States,NASDAQ,wafer fab equipment,45,83.6,turnaround/speculative,93.07,2856783650.0,2.85678365,-244.92,82,88,84,86.6,78,76,20,39,"Lithography, etch, deposition, process control, test/metrology tools, spares and service for fab capex.","Cash in from fab capex orders, tool shipments, spares, service contracts and installed-base upgrades.","Cash out to components, precision subsystems, supply chain, R&D and manufacturing operations.","Alpha 45/100: AI demand 82, bottleneck 88, valuation torque 84, discovery 86.6; cap≈$2.9B",levered to AI-driven fab and HBM capacity additions; upside depends on order timing and export-control risk.,,Public common equity / ADR or local ordinary share,False
94,INTC,Intel,US,United States,NASDAQ,foundry,45,73.4,turnaround/speculative,108.15,549726450000.0,549.72645,-180.25,94,91,48,35.0,85,82,29,46,"Wafer fabrication, specialty processes, advanced-node capacity and sometimes advanced packaging/base dies.","Cash in from wafer starts, long-term capacity agreements, advanced-node wafer pricing and specialty-node volume.","Cash out to equipment/material suppliers, fab construction, utilities, labor and process R&D.","Alpha 45/100: AI demand 94, bottleneck 91, valuation torque 48, discovery 35.0; cap≈$549.7B","Foundry and advanced-packaging option value, but external foundry revenue is still small and the segment is loss-making; alpha is turnaround rather than clean AI bottleneck exposure.",finance tool: latest trade May 6 2026 UTC,Public common equity / ADR or local ordinary share,True
95,DIOD,Diodes Inc.,US,United States,NASDAQ,analog / power / RF,45,63.5,turnaround/speculative,108.24,5026340880.0,5.02634088,78.43,54,50,84,83.5,52,56,20,20,"Power management, analog, RF, sensors, embedded/edge semiconductors for servers, autos, industrial and devices.","Cash in from component shipments to OEMs/distributors across industrial, auto, data-center and device channels.","Cash out to foundries/IDM fabs, OSATs, distributors, inventory and R&D.","Alpha 45/100: AI demand 54, bottleneck 50, valuation torque 84, discovery 83.5; cap≈$5.0B","selective AI/edge/power exposure; less direct than HBM, advanced packaging and AI networking names.",,Public common equity / ADR or local ordinary share,False
96,QRVO,Qorvo,US,United States,NASDAQ,analog / power / RF,44,63.0,turnaround/speculative,93.5,8748888500.0,8.7488885,25.76,54,50,84,80.2,52,56,20,20,"Power management, analog, RF, sensors, embedded/edge semiconductors for servers, autos, industrial and devices.","Cash in from component shipments to OEMs/distributors across industrial, auto, data-center and device channels.","Cash out to foundries/IDM fabs, OSATs, distributors, inventory and R&D.","Alpha 44/100: AI demand 54, bottleneck 50, valuation torque 84, discovery 80.2; cap≈$8.7B","selective AI/edge/power exposure; less direct than HBM, advanced packaging and AI networking names.",,Public common equity / ADR or local ordinary share,False
97,ALGM,Allegro MicroSystems,US,United States,NASDAQ,analog / power / RF,43,62.9,turnaround/speculative,48.98,9489783407.0,9.489783407,,54,50,84,79.7,52,56,20,20,"Power management, analog, RF, sensors, embedded/edge semiconductors for servers, autos, industrial and devices.","Cash in from component shipments to OEMs/distributors across industrial, auto, data-center and device channels.","Cash out to foundries/IDM fabs, OSATs, distributors, inventory and R&D.","Alpha 43/100: AI demand 54, bottleneck 50, valuation torque 84, discovery 79.7; cap≈$9.5B","selective AI/edge/power exposure; less direct than HBM, advanced packaging and AI networking names.",,Public common equity / ADR or local ordinary share,False
98,SWKS,Skyworks Solutions,US,United States,NASDAQ,analog / power / RF,43,61.3,turnaround/speculative,69.4,10444700000.0,10.4447,26.59,54,50,76,79.1,52,56,20,20,"Power management, analog, RF, sensors, embedded/edge semiconductors for servers, autos, industrial and devices.","Cash in from component shipments to OEMs/distributors across industrial, auto, data-center and device channels.","Cash out to foundries/IDM fabs, OSATs, distributors, inventory and R&D.","Alpha 43/100: AI demand 54, bottleneck 50, valuation torque 76, discovery 79.1; cap≈$10.4B","selective AI/edge/power exposure; less direct than HBM, advanced packaging and AI networking names.",,Public common equity / ADR or local ordinary share,False
99,CRUS,Cirrus Logic,US,United States,NASDAQ,analog / power / RF,42,63.0,turnaround/speculative,164.24,8655119520.0,8.65511952,21.67,54,50,84,80.2,52,56,20,20,"Power management, analog, RF, sensors, embedded/edge semiconductors for servers, autos, industrial and devices.","Cash in from component shipments to OEMs/distributors across industrial, auto, data-center and device channels.","Cash out to foundries/IDM fabs, OSATs, distributors, inventory and R&D.","Alpha 42/100: AI demand 54, bottleneck 50, valuation torque 84, discovery 80.2; cap≈$8.7B","selective AI/edge/power exposure; less direct than HBM, advanced packaging and AI networking names.",,Public common equity / ADR or local ordinary share,False
100,INDI,indie Semiconductor,US,United States,NASDAQ,analog / power / RF,41,66.3,turnaround/speculative,4.39,875041777.0,0.875041777,-5.85,54,50,92,91.6,52,56,20,20,"Power management, analog, RF, sensors, embedded/edge semiconductors for servers, autos, industrial and devices.","Cash in from component shipments to OEMs/distributors across industrial, auto, data-center and device channels.","Cash out to foundries/IDM fabs, OSATs, distributors, inventory and R&D.","Alpha 41/100: AI demand 54, bottleneck 50, valuation torque 92, discovery 91.6; cap≈$0.9B","selective AI/edge/power exposure; less direct than HBM, advanced packaging and AI networking names.",,Public common equity / ADR or local ordinary share,False
