company,ticker_display,yf_symbol,country,category,confidence,evidence,x_signal,position,risk,hormuz,ai_sensitivity,thesis,bear,drop,30d,90d,120d,180d,evidence_titles,evidence_urls,confidence_note,price,ret_90,vol_90,market_cap,category_label
NVIDIA,NVDA,NVDA,United States,compute_silicon,A,"['z_cpo', 'j_huawei_nvidia', 'j_hbm4', 'a_amzn_trainium', 'a_sive_jbl_mrvl', 'i_lite_isscc', 'i_ofc_recap']","Nvidia remains the system center, but the revised set adds more nuance: Alea treats Nvidia's ecosystem as the reference architecture other stacks rerate against, while Insane uses Nvidia's own optical disclosures to argue certain suppliers like Lumentum are still underappreciated.",dominant AI accelerator vendor,7,3,10,"Nvidia is still the highest-quality direct AI compute expression in the report, but the revised page is more careful about where the upside migrates next. The bull case is no longer just more GPU-hours; it is the whole architecture around Nvidia, including optics, packaging, and memory, continuing to clear at premium prices.","Bear case: NVIDIA gets hit if hyperscaler capex rotates away, export controls bite, or custom-silicon mix shifts against it. That matters because the current buildout has pulled forward a lot of expectations.","Drop thesis trigger: sell or de-risk if a product slip, weak attach rates, or a sustained capex digestion cycle.",Bullish,Bullish,Moderately bullish,Moderately bullish,"Zephyr on Rubin CPX, prefill, caching, and CPO risk; Jukan on DeepSeek, Huawei, and Nvidia training workloads; Jukan on Samsung's HBM4 push versus SK hynix; Alea on Anthropic Mythos, Trainium, and the Amazon optical ecosystem; Alea on Sivers as the light-source chokepoint for Jabil and Marvell programs; Insane Analyst on Nvidia ISSCC disclosures being bullish for Lumentum; Insane Analyst OFC 2026 recap",https://x.com/zephyr_z9/status/2022756480374509644; https://x.com/jukan05/status/2012360246128431428; https://x.com/jukan05/status/2035294342961823782; https://x.com/aleabitoreddit/status/2042335200110322131; https://x.com/aleabitoreddit/status/2041774512904294595; https://ww.twstalker.com/shantaram83; https://twstalker.com/insane_analyst,Direct in-range mention or direct quote-tweet recovery.,183.66000366210938,-0.028819189522776956,0.3671301810074672,4463856713728.0,Compute Silicon
TSMC,2330.TW,2330.TW,Taiwan,foundry_packaging,A,"['j_cpu_bottleneck', 'j_onto', 'tsmc_official', 'a_top30', 'a_soi_bottleneck']","TSMC still anchors the report as the advanced-node and advanced-packaging tollbooth, but Alea's additions make the photonics and silicon-photonics dependency on foundry capacity more explicit.",dominant foundry and CoWoS bottleneck capture,5,5,10,"TSMC is a dominant foundry and CoWoS bottleneck capture. The X thesis is that it captures the AI bottleneck because advanced-node logic and packaging capacity are still scarce, and both accounts kept coming back to tsmc as the foundry and advanced-packaging bottleneck that matters most.",Bear case: TSMC gets hurt if CoWoS / hybrid-bonding utilization drops or if customer capex plans slip. That matters because the current buildout has pulled forward a lot of expectations.,Drop thesis trigger: sell or de-risk if a multi-quarter packaging digestion phase or geopolitical disruption to Asian manufacturing.,Bullish,Bullish,Moderately bullish,Moderately bullish,"Jukan on the 2026 server-CPU bottleneck; Jukan on Samsung validating Onto's hybrid-bonding inspection tools; TSMC Q4 2025 conference call; Alea on 30 U.S.-available names she likes right now; Alea on AXTI, Tower, Sivers, Coherent, and Soitec in the bottleneck hierarchy",https://x.com/jukan05/status/2011429601344678241; https://x.com/jukan05/status/2038929887386362165; https://investor.tsmc.com/english/quarterly-results/2025/q4; https://x.com/aleabitoreddit/status/2042187668931616964; https://x.com/aleabitoreddit/status/2041521462075633945,Direct in-range mention or direct quote-tweet recovery.,1950.0,0.30434782608695654,0.34123872667540217,50698083368960.0,Foundry Packaging
Samsung Electronics,005930.KS,005930.KS,South Korea,memory,A,"['j_samsung_lta', 'j_hbm4', 'j_onto', 'a_thesis_posts']","Samsung stays because the original Jukan memory / HBM evidence still matters, and Alea continued to reference Samsung and SK hynix as the large-cap memory leaders even while rotating into photonics bottlenecks.",DRAM/HBM incumbent trying to re-rate on LTAs and HBM4,6,5,9,"Samsung Electronics is a DRAM/HBM incumbent trying to re-rate on LTAs and HBM4. The X thesis is that it benefits from HBM/DRAM tightness, higher blended ASPs, and hyperscaler willingness to sign LTAs, and jukan repeatedly framed samsung as the swing supplier in hbm4, long-term memory contracts, and hybrid-bonding inspection.","Bear case: Samsung Electronics suffers if the pricing spike reverses, qualification slips, or HBM supply normalizes faster than expected. That matters because the current buildout has pulled forward a lot of expectations.",Drop thesis trigger: sell or de-risk if a sharp turn lower in contract pricing or a credible roadmap miss in HBM4/HBM5.,Bullish,Bullish,Moderately bullish,Moderately bullish,Jukan on Samsung memory LTAs with Google and Microsoft; Jukan on Samsung's HBM4 push versus SK hynix; Jukan on Samsung validating Onto's hybrid-bonding inspection tools; Alea's recent five-thesis slate,https://x.com/jukan05/status/2034824046987419851; https://x.com/jukan05/status/2035294342961823782; https://x.com/jukan05/status/2038929887386362165; https://x.com/aleabitoreddit/status/2041716775663055142,Direct in-range mention or direct quote-tweet recovery.,210500.0,0.5242577842143374,0.7535178588911069,1346060198871040.0,Memory
SK hynix,000660.KS,000660.KS,South Korea,memory,A,"['z_nand', 'j_hbm4', 'j_hbm5_bonding', 'a_thesis_posts']","SK hynix still screens as the cleanest memory winner, and Alea's own thesis recap kept SK hynix inside the positive add-list even as her feed shifted toward optics.",HBM share leader and roadmap setter,6,5,10,"SK hynix is a HBM share leader and roadmap setter. The X thesis is that it benefits from HBM/DRAM tightness, higher blended ASPs, and hyperscaler willingness to sign LTAs, and jukan and zephyr both treated sk hynix as core to the hbm/nand stack, with hbm5 hybrid bonding as the next step.","Bear case: SK hynix suffers if the pricing spike reverses, qualification slips, or HBM supply normalizes faster than expected. That matters because the current buildout has pulled forward a lot of expectations.",Drop thesis trigger: sell or de-risk if a sharp turn lower in contract pricing or a credible roadmap miss in HBM4/HBM5.,Bullish,Bullish,Moderately bullish,Moderately bullish,"Zephyr on SIMO, Phison, NAND pricing, and customer exposure; Jukan on Samsung's HBM4 push versus SK hynix; Jukan on SK hynix using BESI and AMAT for HBM5 hybrid bonding; Alea's recent five-thesis slate",https://x.com/zephyr_z9/status/2024157861027405978; https://x.com/jukan05/status/2035294342961823782; https://x.com/jukan05/status/2041002619553149384; https://x.com/aleabitoreddit/status/2041716775663055142,Direct in-range mention or direct quote-tweet recovery.,1033000.0,0.4841954022988506,0.8843603788061748,706880414416896.0,Memory
Micron,MU,MU,United States,memory,A,"['z_nand', 'z_memory_contracts', 'j_memory_forecast', 'a_thesis_posts']","Micron remains the clean U.S. memory expression; the revised feed mix does not break that view, but it does move optics closer to memory in the bottleneck hierarchy.",HBM and DRAM challenger with pricing leverage,6,4,9,"Micron is a HBM and DRAM challenger with pricing leverage. The X thesis is that it benefits from HBM/DRAM tightness, higher blended ASPs, and hyperscaler willingness to sign LTAs, and zephyr explicitly used mu as the public memory expression in the q2 2026 contract-pricing debate.","Bear case: Micron suffers if the pricing spike reverses, qualification slips, or HBM supply normalizes faster than expected. That matters because the current buildout has pulled forward a lot of expectations.",Drop thesis trigger: sell or de-risk if a sharp turn lower in contract pricing or a credible roadmap miss in HBM4/HBM5.,Bullish,Bullish,Moderately bullish,Moderately bullish,"Zephyr on SIMO, Phison, NAND pricing, and customer exposure; Zephyr on spot memory versus hyperscaler/OEM contract pricing; Jukan on TrendForce's higher DRAM and NAND price forecasts; Alea's recent five-thesis slate",https://x.com/zephyr_z9/status/2024157861027405978; https://x.com/zephyr_z9/status/2038020529266078104; https://x.com/jukan05/status/2037769643629396194; https://x.com/aleabitoreddit/status/2041716775663055142,Direct in-range mention or direct quote-tweet recovery.,413.0050048828125,0.21633049545161787,0.7092890676286976,465641373696.0,Memory
Applied Materials,AMAT,AMAT,United States,equipment,A,['j_hbm5_bonding'],Jukan explicitly named AMAT as a likely tool supplier in SK hynix's HBM5 hybrid-bonding path.,hybrid-bonding and wafer-fab equipment supplier,5,4,8,"Applied Materials is a hybrid-bonding and wafer-fab equipment supplier. The X thesis is that it wins if AI capex continues to pull forward tool demand in memory, hybrid bonding, inspection, and test, and jukan explicitly named amat as a likely tool supplier in sk hynix's hbm5 hybrid-bonding path.",Bear case: Applied Materials loses momentum quickly if customers pause orders after the current buildout wave. That matters because the current buildout has pulled forward a lot of expectations.,Drop thesis trigger: sell or de-risk if wafer-fab-equipment digestion or a delayed transition to the next packaging/memory node.,Moderately bullish,Moderately bullish,Moderately bullish,Neutral,Jukan on SK hynix using BESI and AMAT for HBM5 hybrid bonding,https://x.com/jukan05/status/2041002619553149384,Direct in-range mention or direct quote-tweet recovery.,396.6199951171875,0.35735790057452843,0.5635645647910833,314761543680.0,Equipment
ASML,ASML,ASML,Netherlands,equipment,B,"['tsmc_official', 'trend_ai_models']",First-order EUV/lithography expansion from the same advanced-node bottleneck both accounts repeatedly centered.,EUV lithography tollbooth,5,3,8,"ASML is a EUV lithography tollbooth. The X thesis is that it wins if AI capex continues to pull forward tool demand in memory, hybrid bonding, inspection, and test, and first-order euv/lithography expansion from the same advanced-node bottleneck both accounts repeatedly centered.",Bear case: ASML loses momentum quickly if customers pause orders after the current buildout wave. That matters because the current buildout has pulled forward a lot of expectations.,Drop thesis trigger: sell or de-risk if wafer-fab-equipment digestion or a delayed transition to the next packaging/memory node.,Moderately bullish,Moderately bullish,Moderately bullish,Neutral,TSMC Q4 2025 conference call; SemiAnalysis on large-scale inference economics,https://investor.tsmc.com/english/quarterly-results/2025/q4; https://semianalysis.com/,"Named in the same in-range tweet thread, attached note, or public quote of the thread.",1450.0,0.18033003213752186,0.4678489334690048,569355075584.0,Equipment
BE Semiconductor,BESI.AS,BESI.AS,Netherlands,equipment,A,['j_hbm5_bonding'],Directly named by Jukan as part of the likely HBM5 hybrid-bonding toolset for SK hynix.,hybrid-bonding assembly tool leader,7,4,9,"BE Semiconductor is a hybrid-bonding assembly tool leader. The X thesis is that it wins if AI capex continues to pull forward tool demand in memory, hybrid bonding, inspection, and test, and directly named by jukan as part of the likely hbm5 hybrid-bonding toolset for sk hynix.",Bear case: BE Semiconductor loses momentum quickly if customers pause orders after the current buildout wave. That matters because the current buildout has pulled forward a lot of expectations.,Drop thesis trigger: sell or de-risk if wafer-fab-equipment digestion or a delayed transition to the next packaging/memory node.,Moderately bullish,Moderately bullish,Moderately bullish,Neutral,Jukan on SK hynix using BESI and AMAT for HBM5 hybrid bonding,https://x.com/jukan05/status/2041002619553149384,Direct in-range mention or direct quote-tweet recovery.,206.10000610351562,0.36399733804325973,0.6289247962418371,16229505024.0,Equipment
Tokyo Electron,8035.T,8035.T,Japan,equipment,B,"['j_china_wafers', 'tsmc_official']",First-order wafer-fab equipment beneficiary in the same advanced-wafer and packaging buildout threads.,broad semicap supplier to foundry and memory ramps,5,4,7,"Tokyo Electron is a broad semicap supplier to foundry and memory ramps. The X thesis is that it wins if AI capex continues to pull forward tool demand in memory, hybrid bonding, inspection, and test, and first-order wafer-fab equipment beneficiary in the same advanced-wafer and packaging buildout threads.",Bear case: Tokyo Electron loses momentum quickly if customers pause orders after the current buildout wave. That matters because the current buildout has pulled forward a lot of expectations.,Drop thesis trigger: sell or de-risk if wafer-fab-equipment digestion or a delayed transition to the next packaging/memory node.,Moderately bullish,Moderately bullish,Moderately bullish,Neutral,Jukan on China expanding advanced wafer output; TSMC Q4 2025 conference call,https://x.com/jukan05/status/2026474804380053579; https://investor.tsmc.com/english/quarterly-results/2025/q4,"Named in the same in-range tweet thread, attached note, or public quote of the thread.",42410.0,0.14838884375846195,0.5066528670028339,19273116286976.0,Equipment
Disco,6146.T,6146.T,Japan,equipment,B,"['j_hbm5_bonding', 'tsmc_official']",Back-end and advanced-packaging tool beneficiary of the same node transitions discussed by Jukan.,dicing and grinding tool leader,6,4,7,"Disco is a dicing and grinding tool leader. The X thesis is that it wins if AI capex continues to pull forward tool demand in memory, hybrid bonding, inspection, and test, and back-end and advanced-packaging tool beneficiary of the same node transitions discussed by jukan.",Bear case: Disco loses momentum quickly if customers pause orders after the current buildout wave. That matters because the current buildout has pulled forward a lot of expectations.,Drop thesis trigger: sell or de-risk if wafer-fab-equipment digestion or a delayed transition to the next packaging/memory node.,Moderately bullish,Moderately bullish,Moderately bullish,Neutral,Jukan on SK hynix using BESI and AMAT for HBM5 hybrid bonding; TSMC Q4 2025 conference call,https://x.com/jukan05/status/2041002619553149384; https://investor.tsmc.com/english/quarterly-results/2025/q4,"Named in the same in-range tweet thread, attached note, or public quote of the thread.",67450.0,0.3199608610567515,0.698998942297304,7004611936256.0,Equipment
Lasertec,6920.T,6920.T,Japan,equipment,B,"['tsmc_official', 'trend_ai_models']",Monopoly-like inspection exposure at the EUV / advanced-node edge of the same buildout.,EUV mask-inspection bottleneck name,7,4,7,"Lasertec is a EUV mask-inspection bottleneck name. The X thesis is that it wins if AI capex continues to pull forward tool demand in memory, hybrid bonding, inspection, and test, and monopoly-like inspection exposure at the euv / advanced-node edge of the same buildout.",Bear case: Lasertec loses momentum quickly if customers pause orders after the current buildout wave. That matters because the current buildout has pulled forward a lot of expectations.,Drop thesis trigger: sell or de-risk if wafer-fab-equipment digestion or a delayed transition to the next packaging/memory node.,Moderately bullish,Moderately bullish,Moderately bullish,Neutral,TSMC Q4 2025 conference call; SemiAnalysis on large-scale inference economics,https://investor.tsmc.com/english/quarterly-results/2025/q4; https://semianalysis.com/,"Named in the same in-range tweet thread, attached note, or public quote of the thread.",39940.0,0.25953957742037215,0.7274020290496619,3468706971648.0,Equipment
Advantest,6857.T,6857.T,Japan,equipment,B,"['j_hbm5_bonding', 'tsmc_official']",First-order test beneficiary as HBM and advanced packaging raise test intensity per module.,memory and AI test-equipment leader,6,4,8,"Advantest is a memory and AI test-equipment leader. The X thesis is that it wins if AI capex continues to pull forward tool demand in memory, hybrid bonding, inspection, and test, and first-order test beneficiary as hbm and advanced packaging raise test intensity per module.",Bear case: Advantest loses momentum quickly if customers pause orders after the current buildout wave. That matters because the current buildout has pulled forward a lot of expectations.,Drop thesis trigger: sell or de-risk if wafer-fab-equipment digestion or a delayed transition to the next packaging/memory node.,Moderately bullish,Moderately bullish,Moderately bullish,Neutral,Jukan on SK hynix using BESI and AMAT for HBM5 hybrid bonding; TSMC Q4 2025 conference call,https://x.com/jukan05/status/2041002619553149384; https://investor.tsmc.com/english/quarterly-results/2025/q4,"Named in the same in-range tweet thread, attached note, or public quote of the thread.",25220.0,0.19102715466351827,0.7527880020709389,18005157216256.0,Equipment
Onto Innovation,ONTO,ONTO,United States,equipment,A,['j_onto'],Jukan explicitly said Samsung was validating Onto's hybrid-bonding inspection tools.,inspection and metrology specialist for advanced packaging,6,4,8,"Onto Innovation is a inspection and metrology specialist for advanced packaging. The X thesis is that it wins if AI capex continues to pull forward tool demand in memory, hybrid bonding, inspection, and test, and jukan explicitly said samsung was validating onto's hybrid-bonding inspection tools.",Bear case: Onto Innovation loses momentum quickly if customers pause orders after the current buildout wave. That matters because the current buildout has pulled forward a lot of expectations.,Drop thesis trigger: sell or de-risk if wafer-fab-equipment digestion or a delayed transition to the next packaging/memory node.,Moderately bullish,Moderately bullish,Moderately bullish,Neutral,Jukan on Samsung validating Onto's hybrid-bonding inspection tools,https://x.com/jukan05/status/2038929887386362165,Direct in-range mention or direct quote-tweet recovery.,248.82000732421875,0.35228264850118896,0.630301694273915,12366941184.0,Equipment
FormFactor,FORM,FORM,United States,equipment,B,['a_testing_bottleneck'],Alea explicitly named FormFactor as one of the cleaner testing bottleneck names for the CPO and silicon-photonics transition.,probe-card and test exposure to SiPh / CPO,7,2,7,"FormFactor makes the final 50 because the revised set pushes testing from a footnote into a real gating factor. If CPO and SiPh move from engineering curiosity toward production volume, probe and measurement names can monetize that transition before the revenue is obvious elsewhere.",Bear case: testing names can remain too early and too indirect if optical ramps slip. Investors may prefer the flashier optical suppliers unless evidence of real production bottlenecks keeps compounding.,"Drop thesis trigger: de-risk if SiPh/CPO test demand fails to tighten, if customers delay production conversion, or if FormFactor's AI-linked mix fails to become material.",Neutral,Moderately bullish,Moderately bullish,Moderately bullish,Alea on Taiwan's CPO and silicon-photonics test bottlenecks,https://x.com/aleabitoreddit/status/2040842953883840770,"Single direct Alea bottleneck post, but it is highly on-theme and fits the broader test / alignment constraint map.",128.27999877929688,0.7040382685895552,0.7446437689951956,9999995468.040771,Equipment / test
Teradyne,TER,TER,United States,equipment,A,['z_kyocera_analog'],Zephyr said he was watching the Teradyne call for a confirmation that would imply more upside.,test equipment beneficiary of memory and advanced packaging complexity,6,3,7,"Teradyne is a test equipment beneficiary of memory and advanced packaging complexity. The X thesis is that it wins if AI capex continues to pull forward tool demand in memory, hybrid bonding, inspection, and test, and zephyr said he was watching the teradyne call for a confirmation that would imply more upside.",Bear case: Teradyne loses momentum quickly if customers pause orders after the current buildout wave. That matters because the current buildout has pulled forward a lot of expectations.,Drop thesis trigger: sell or de-risk if wafer-fab-equipment digestion or a delayed transition to the next packaging/memory node.,Moderately bullish,Moderately bullish,Moderately bullish,Neutral,Zephyr / Collyer Bridge on analog and ceramic bottlenecks,https://www.collyerbridge.com/post/apac-wrap-kyocera-6971-t-micron-mu-teradyne-ter-intel-intc-apple-aapl-and-more,Direct in-range mention or direct quote-tweet recovery.,363.4100036621094,0.6334502455994324,0.6970209028046617,56895262720.0,Equipment
AMD,AMD,AMD,United States,compute_silicon,A,"['j_cpu_bottleneck', 'j_custom_asic_quote']",Named in Jukan's CPU-bottleneck and custom-ASIC thread clusters.,CPU and accelerator challenger,7,3,8,"AMD is a CPU and accelerator challenger. The X thesis is that it wins if AI training and inference budgets stay elevated and the architecture remains on the critical path, and named in jukan's cpu-bottleneck and custom-asic thread clusters.","Bear case: AMD gets hit if hyperscaler capex rotates away, export controls bite, or custom-silicon mix shifts against it. That matters because the current buildout has pulled forward a lot of expectations.","Drop thesis trigger: sell or de-risk if a product slip, weak attach rates, or a sustained capex digestion cycle.",Moderately bullish,Moderately bullish,Moderately bullish,Neutral,Jukan on the 2026 server-CPU bottleneck; Public quote of Jukan's custom ASIC / TPU thread,https://x.com/jukan05/status/2011429601344678241; https://x.com/muhzuhair/status/2032484686228361482,Direct in-range mention or direct quote-tweet recovery.,234.3000030517578,0.11560802916563229,0.6436842619779538,381988962304.0,Compute Silicon
Arm,ARM,ARM,United States / UK origin,compute_silicon,A,"['j_cpu_bottleneck', 'a_thesis_posts', 'a_top30']","Alea explicitly kept ARM in her recent thesis slate as the AI CPU ramp expression, which reinforces Jukan's CPU-bottleneck framing.",CPU-IP tollbooth for custom silicon,7,2,8,"Arm is a CPU-IP tollbooth for custom silicon. The X thesis is that it wins if AI training and inference budgets stay elevated and the architecture remains on the critical path, and named in jukan's server-cpu bottleneck thread as the ip layer that matters if cpu scarcity persists.","Bear case: Arm gets hit if hyperscaler capex rotates away, export controls bite, or custom-silicon mix shifts against it. That matters because the current buildout has pulled forward a lot of expectations.","Drop thesis trigger: sell or de-risk if a product slip, weak attach rates, or a sustained capex digestion cycle.",Moderately bullish,Moderately bullish,Moderately bullish,Neutral,Jukan on the 2026 server-CPU bottleneck; Alea's recent five-thesis slate; Alea on 30 U.S.-available names she likes right now,https://x.com/jukan05/status/2011429601344678241; https://x.com/aleabitoreddit/status/2041716775663055142; https://x.com/aleabitoreddit/status/2042187668931616964,Direct in-range mention or direct quote-tweet recovery.,149.72000122070312,0.29426003480053864,0.6281891866703911,159002427392.0,Compute Silicon
Intel,INTC,INTC,United States,compute_silicon,A,"['z_intc', 'j_cpu_bottleneck', 'j_custom_asic_quote', 'a_top30', 'a_thesis_posts']","Intel is no longer just a cautionary Zephyr post in the revised set. Alea explicitly elevated it as America's hope for foundry and national-security manufacturing, while Jukan still places it inside the CPU bottleneck debate.",national-security foundry and CPU turnaround,8,3,6,"Intel survives the cut because all four-account logic still says domestic foundry capacity matters strategically, even if execution is messy. The bull case is not that Intel suddenly wins everything, but that U.S. government support, packaging relevance, and AI-adjacent CPU demand can keep repricing the stock if the foundry roadmap stabilizes.","Bear case: Intel remains one of the highest-execution-risk large caps in the set. Any slippage in process, yield, or customer acquisition can quickly reopen the credibility gap that Zephyr originally highlighted.","Drop thesis trigger: cut or materially de-risk if foundry milestones slip again, if external customers fail to materialize, or if the CPU bottleneck proves less monetizable than current bulls assume.",Neutral,Moderately bullish,Moderately bullish,Neutral,Zephyr on Intel's strategic miss; Jukan on the 2026 server-CPU bottleneck; Public quote of Jukan's custom ASIC / TPU thread; Alea on 30 U.S.-available names she likes right now; Alea's recent five-thesis slate,https://x.com/zephyr_z9/status/1965455729944658305; https://x.com/jukan05/status/2011429601344678241; https://x.com/muhzuhair/status/2032484686228361482; https://x.com/aleabitoreddit/status/2042187668931616964; https://x.com/aleabitoreddit/status/2041716775663055142,Direct in-range mention or direct quote-tweet recovery.,60.779998779296875,0.4257564451424982,0.810443535522776,305202102272.0,Compute Silicon
Broadcom,AVGO,AVGO,United States,compute_silicon,B,"['j_custom_asic_quote', 'a_photonics_tierlist', 'a_top30', 'i_ofc_recap']",Broadcom's case strengthens in the revised set because Alea repeatedly treats it as both a safer photonics / ASIC exposure and the obvious strategic acquirer when smaller chokepoint suppliers trade too cheaply.,custom-ASIC tollbooth,6,3,9,"Broadcom stays as one of the cleanest lower-beta ways to play AI networking, custom ASICs, and optical architecture shifts. The added Alea work improves the thesis because Broadcom repeatedly shows up as the buyer or consolidator that can absorb the small, critical suppliers everyone else depends on.","Bear case: Broadcom gets hit if hyperscaler capex rotates away, export controls bite, or custom-silicon mix shifts against it. That matters because the current buildout has pulled forward a lot of expectations.","Drop thesis trigger: sell or de-risk if a product slip, weak attach rates, or a sustained capex digestion cycle.",Moderately bullish,Moderately bullish,Moderately bullish,Neutral,Public quote of Jukan's custom ASIC / TPU thread; Alea's CW laser and photonics exposure tier list; Alea on 30 U.S.-available names she likes right now; Insane Analyst OFC 2026 recap,https://x.com/muhzuhair/status/2032484686228361482; https://x.com/aleabitoreddit/status/2041545598164443378; https://x.com/aleabitoreddit/status/2042187668931616964; https://twstalker.com/insane_analyst,"Named in the same in-range tweet thread, attached note, or public quote of the thread.",357.2699890136719,0.04008730426105345,0.4262980617427964,1694246633472.0,Compute Silicon
Marvell,MRVL,MRVL,United States,compute_silicon,B,"['j_custom_asic_quote', 'trend_ai_models', 'a_top30', 'a_cohr_mrvl', 'a_sive_jbl_mrvl', 'a_amzn_trainium', 'i_ofc_recap']","The revised set pushes Marvell higher because Alea repeatedly tied it to Maia, Trainium, Celestial, and the light-source chokepoint around Sivers and Jabil, while the earlier Jukan custom-ASIC work still stands.",merchant custom-silicon and optical-networking platform,7,3,8,"Marvell remains one of the cleaner merchant ways to play the custom-silicon and optical scale-out stack. The bullish read is that cloud ASIC ramps plus add-ons like CPO, electro-optics, retimers, and system connectivity keep broadening Marvell's revenue surface area even as the market still struggles to bucket exactly what the company does.","Bear case: Marvell is exposed to customer concentration, architectural transitions, and any scenario where a chokepoint supplier or a vertically integrated rival captures more of the value pool than expected.","Drop thesis trigger: de-risk if Celestial / CPO ramps are delayed, if cloud-ASIC attach rates miss, or if a rival secures the photonics layer Marvell needs to keep its roadmap on schedule.",Moderately bullish,Bullish,Bullish,Moderately bullish,"Public quote of Jukan's custom ASIC / TPU thread; SemiAnalysis on large-scale inference economics; Alea on 30 U.S.-available names she likes right now; Alea on Coherent and Marvell as 'they do everything' longs; Alea on Sivers as the light-source chokepoint for Jabil and Marvell programs; Alea on Anthropic Mythos, Trainium, and the Amazon optical ecosystem; Insane Analyst OFC 2026 recap",https://x.com/muhzuhair/status/2032484686228361482; https://semianalysis.com/; https://x.com/aleabitoreddit/status/2042187668931616964; https://x.com/aleabitoreddit/status/2041963517071519963; https://x.com/aleabitoreddit/status/2041774512904294595; https://x.com/aleabitoreddit/status/2042335200110322131; https://twstalker.com/insane_analyst,"Named in the same in-range tweet thread, attached note, or public quote of the thread.",119.37000274658203,0.41032612957675796,0.6363943541903985,104357847040.0,Compute Silicon
Credo,CRDO,CRDO,United States,networking_optics,A,"['z_lite_crdo', 'i_ofc_recap']","Credo remains in the mix, but the new evidence set is more careful because both Zephyr and the recent OFC chatter imply that CPO architecture changes can re-route value away from the obvious pluggable winners.",AEC and connectivity specialist with architecture risk,8,4,8,"Credo is a AEC and connectivity specialist with architecture risk. The X thesis is that it benefits from denser clusters, more optical content, and scale-out networking intensity, and zephyr explicitly flagged crdo as exposed if rubin ultra moves more aggressively toward cpo.","Bear case: Credo gets pressured if inventory builds, copper solutions hold share longer, or CPO gets internally integrated elsewhere. That matters because the current buildout has pulled forward a lot of expectations.",Drop thesis trigger: sell or de-risk if a clear architecture shift that bypasses its layer of the interconnect stack.,Moderately bullish,Moderately bullish,Neutral,Neutral,Zephyr on Lumentum earnings and Credo/CPO risk; Insane Analyst OFC 2026 recap,https://x.com/zephyr_z9/status/2019066607583084550; https://twstalker.com/insane_analyst,Direct in-range mention or direct quote-tweet recovery.,107.6449966430664,-0.2365603074959829,0.8890544375182247,19855112192.0,Networking Optics
Alphabet,GOOGL,GOOGL,United States,hyperscaler,A,"['j_samsung_lta', 'j_samsung_lta_quote', 'a_top30', 'a_amzn_trainium']","Google remains relevant not just through Jukan's memory-prepayment framing, but because Alea explicitly pointed to the earlier TPU ecosystem rerating as the template for what Trainium is now doing to Amazon-linked names.",TPU and hyperscaler capex platform,4,2,8,"Alphabet's AI value is increasingly tied to ecosystem economics rather than only to model headlines. The revised read is that TPU, serving efficiency, and hyperscaler-controlled optical / memory supply can create second-order equity upside in both Google and its suppliers.",Bear case: Alphabet trades poorly if spending outruns monetization or regulators/geopolitics impede deployment. That matters because the current buildout has pulled forward a lot of expectations.,Drop thesis trigger: sell or de-risk if evidence that AI monetization cannot support the capex intensity.,Neutral,Moderately bullish,Bullish,Bullish,"Jukan on Samsung memory LTAs with Google and Microsoft; Jukan follow-up on upfront memory prepayments; Alea on 30 U.S.-available names she likes right now; Alea on Anthropic Mythos, Trainium, and the Amazon optical ecosystem",https://x.com/jukan05/status/2034824046987419851; https://x.com/jukan05/status/2034824813160931672; https://x.com/aleabitoreddit/status/2042187668931616964; https://x.com/aleabitoreddit/status/2042335200110322131,Direct in-range mention or direct quote-tweet recovery.,319.39990234375,-0.008013257203993596,0.2752636655188341,3863449174016.0,Hyperscaler
Microsoft,MSFT,MSFT,United States,hyperscaler,A,"['j_samsung_lta', 'j_samsung_lta_quote', 'a_riber_msft']",Microsoft now shows up through both memory prepayments and the new quantum / MBE angle. Alea's Riber work adds a second derivative call option on how aggressively Microsoft is funding frontier hardware ecosystems around its AI stack.,Azure / enterprise AI distribution leader,4,2,8,Microsoft stays core because the balance sheet can fund both AI software monetization and strategic hardware dependencies. The incremental bull case from the revised set is that Microsoft is not just consuming AI infrastructure; it may also be seeding niche bottlenecks such as quantum and photonics tooling earlier than the broader market recognizes.,Bear case: Microsoft trades poorly if spending outruns monetization or regulators/geopolitics impede deployment. That matters because the current buildout has pulled forward a lot of expectations.,Drop thesis trigger: sell or de-risk if evidence that AI monetization cannot support the capex intensity.,Neutral,Moderately bullish,Bullish,Bullish,Jukan on Samsung memory LTAs with Google and Microsoft; Jukan follow-up on upfront memory prepayments; Alea on Microsoft Quantum and Riber,https://x.com/jukan05/status/2034824046987419851; https://x.com/jukan05/status/2034824813160931672; https://x.com/aleabitoreddit/status/2042161215968051652,Direct in-range mention or direct quote-tweet recovery.,372.3699951171875,-0.2297971039009692,0.3215787122183025,2767594455040.0,Hyperscaler
Amazon,AMZN,AMZN,United States,hyperscaler,A,"['j_huawei_nvidia', 'j_custom_asic_quote', 'a_amzn_trainium']","Amazon's role is clearer in the revised set: Alea tied Anthropic's latest models to Trainium and then mapped the ecosystem pull-through into Marvell, AAOI, and Lumentum.",AWS custom-silicon and hyperscaler capex leader,5,2,8,"Amazon remains one of the most important non-obvious beneficiaries of AI capex because Trainium and custom infrastructure now have visible ecosystem effects beyond AWS itself. If Anthropic and Amazon keep proving model capability on in-house silicon, the market may start paying for the entire Amazon hardware stack more explicitly.",Bear case: Amazon trades poorly if spending outruns monetization or regulators/geopolitics impede deployment. That matters because the current buildout has pulled forward a lot of expectations.,Drop thesis trigger: sell or de-risk if evidence that AI monetization cannot support the capex intensity.,Moderately bullish,Bullish,Bullish,Bullish,"Jukan on DeepSeek, Huawei, and Nvidia training workloads; Public quote of Jukan's custom ASIC / TPU thread; Alea on Anthropic Mythos, Trainium, and the Amazon optical ecosystem",https://x.com/jukan05/status/2012360246128431428; https://x.com/muhzuhair/status/2032484686228361482; https://x.com/aleabitoreddit/status/2042335200110322131,Direct in-range mention or direct quote-tweet recovery.,231.17990112304688,-0.04297109016582534,0.322527983580252,2481591681024.0,Hyperscaler
Nebius Group,NBIS,NBIS,Netherlands,hyperscaler,B,"['a_nbis', 'a_thesis_posts', 'a_top30']","Alea kept circling back to NBIS as a neocloud winner and amplified Jensen Huang's direct shout-out, making it the cleanest non-hyperscaler cloud inclusion in the new top 50.",AI neocloud and GPU-tenant platform,8,2,7,"NBIS is in the final 50 because the revised feed says supply-chain winners are not just component vendors. If enterprise and sovereign AI workloads keep leasing rather than owning infrastructure, neocloud names can benefit from the same scarcity without manufacturing the hardware themselves.","Bear case: NBIS still sits downstream from the core bottlenecks. If GPU availability improves faster than utilization or if neocloud economics deteriorate, the equity can lose scarcity premium quickly.","Drop thesis trigger: de-risk if utilization, pricing, or access to frontier GPUs worsens, or if funding / dilution becomes the main reason the stock trades.",Moderately bullish,Bullish,Moderately bullish,Neutral,Alea on Nebius and Jensen's nod to NBIS; Alea's recent five-thesis slate; Alea on 30 U.S.-available names she likes right now,https://x.com/aleabitoreddit/status/2041553933664145620; https://x.com/aleabitoreddit/status/2041716775663055142; https://x.com/aleabitoreddit/status/2042187668931616964,"Direct Alea references plus the Jensen quote made the stock too frequent to ignore, even though it is a different style of AI exposure than the hardware tollbooths.",161.94000244140625,0.5588390923749018,1.0859740971184615,40973568901.457214,AI cloud / neocloud
Lumentum,LITE,LITE,United States,networking_optics,A,"['z_lite_crdo', 'a_amzn_trainium', 'a_photonics_tierlist', 'i_lite_isscc', 'i_ofc_recap']","The new four-account read makes Lumentum one of the clearest photonics bottleneck names: Zephyr on CPO architecture, Alea on TPU/Trainium optical demand, and Insane on laser noise specs from Nvidia's ISSCC disclosures.","laser, EML, and optical-module supplier for AI networking",8,4,8,"Lumentum now sits at the center of the revised research set because it is exposed to both merchant-GPU networking and the custom-silicon optical ramp. The bull case is that CPO, EML, OCS, and laser-content complexity all rise together, while Lumentum remains one of the few vendors with the power, reliability, and linewidth profile needed for the next optical architecture.","Bear case: optical demand is still cyclical, hyperscalers can push architecture shifts faster than the supply chain expects, and Lumentum has to execute through a period where CPO enthusiasm can outrun actual shipment timing.","Drop thesis trigger: cut or materially de-risk if hyperscaler optical ramps flatten, if Nvidia / ASIC customers design around Lumentum's layer, or if evidence mounts that CPO timing is slipping well past current expectations.",Bullish,Bullish,Bullish,Moderately bullish,"Zephyr on Lumentum earnings and Credo/CPO risk; Alea on Anthropic Mythos, Trainium, and the Amazon optical ecosystem; Alea's CW laser and photonics exposure tier list; Insane Analyst on Nvidia ISSCC disclosures being bullish for Lumentum; Insane Analyst OFC 2026 recap",https://x.com/zephyr_z9/status/2019066607583084550; https://x.com/aleabitoreddit/status/2042335200110322131; https://x.com/aleabitoreddit/status/2041545598164443378; https://ww.twstalker.com/shantaram83; https://twstalker.com/insane_analyst,"Now backed by direct Zephyr evidence, multiple Alea posts, and recent public Insane captures. One of the strongest four-account overlaps in the report.",884.1599731445312,1.2504580588372187,1.046720499244883,63058337792.0,Networking Optics
Coherent,COHR,COHR,United States,networking_optics,A,"['a_top30', 'a_cohr_mrvl', 'a_photonics_tierlist']",Alea repeatedly called Coherent one of the 'they do everything' longs and one of the broadest ways to own the optical cycle without going all the way down-cap into the smallest names.,vertically integrated photonics and optical-components supplier,7,3,9,Coherent enters the final 50 because the revised feed moves optical content from a side theme to a first-order bottleneck. The bull case is that Coherent's vertical integration and broad device portfolio make it one of the few names that can monetize both the current transceiver cycle and the next CPO / SiPh step-up.,"Bear case: Coherent is broad enough that execution can blur the equity story. If optical demand weakens before newer architectures scale, the market may stop paying a premium for breadth.","Drop thesis trigger: de-risk if optical bookings flatten, if the company loses share in high-value device categories, or if transceiver strength fails to broaden into the next architecture.",Moderately bullish,Bullish,Bullish,Moderately bullish,Alea on 30 U.S.-available names she likes right now; Alea on Coherent and Marvell as 'they do everything' longs; Alea's CW laser and photonics exposure tier list,https://x.com/aleabitoreddit/status/2042187668931616964; https://x.com/aleabitoreddit/status/2041963517071519963; https://x.com/aleabitoreddit/status/2041545598164443378,"Direct Alea coverage across multiple posts, plus cross-checks from the wider optical supply-chain discussion.",313.4200134277344,0.5994080561824919,0.83982535592134,58760564571.29651,Networking / optics
Applied Optoelectronics,AAOI,AAOI,United States,networking_optics,A,"['a_top30', 'a_amzn_trainium', 'a_photonics_tierlist']","Alea repeatedly framed AAOI as the purest U.S. optical bottleneck for Amazon Trainium, Microsoft-linked optical ramps, and the move from 800G into 1.6T.",vertically integrated transceiver and laser supplier,9,3,8,AAOI is the biggest single addition to the report because Alea talks about it constantly as a real bottleneck rather than a momentum trade. The bull case is that AAOI's laser-to-design-to-assembly integration lets it capture more value than the market expects if hyperscaler optical demand stays supply constrained into 2027.,"Bear case: AAOI is still a high-beta execution story. If 1.6T conversion slips, if one large customer changes sourcing, or if management leans too hard on financing, the stock can derate violently.","Drop thesis trigger: de-risk if 800G and 1.6T ramps stop converting into visible booked volume, if customer mix narrows further, or if the company reopens a meaningful dilution cycle.",Bullish,Bullish,Moderately bullish,Moderately bullish,"Alea on 30 U.S.-available names she likes right now; Alea on Anthropic Mythos, Trainium, and the Amazon optical ecosystem; Alea's CW laser and photonics exposure tier list",https://x.com/aleabitoreddit/status/2042187668931616964; https://x.com/aleabitoreddit/status/2042335200110322131; https://x.com/aleabitoreddit/status/2041545598164443378,Direct multi-post Alea reconstruction from public X status pages and Buzzberg summaries. One of the highest-frequency names in the revised 90-day set.,146.38999938964844,2.9564864699904985,1.8374562514495134,11370861501.340866,Networking / optics
Aehr Test Systems,AEHR,AEHR,United States,equipment,A,"['a_top30', 'a_testing_bottleneck', 'a_aehr_volume', 'a_thesis_posts']","Alea treats AEHR as a forward-looking qualification story tied to hyperscaler optical ramps, not as a stock that should be valued on today's income statement.",silicon-photonics and optical test bottleneck,9,2,7,"AEHR makes the final 50 because the revised feed argues the value inflection is in qualification converting to volume, especially for silicon photonics and optical transceiver programs. If that conversion happens, the market can rerate the name before the financials fully catch up.","Bear case: the whole thesis depends on future qualification turning into mass production. If that timeline drifts or the lead customer remains too small, the stock can give back a large part of its rerating.","Drop thesis trigger: de-risk if management stops signaling significant lead-customer forecasts, if qualification orders stall, or if the expected 2027 volume ramp stops looking credible.",Bullish,Bullish,Moderately bullish,Neutral,Alea on 30 U.S.-available names she likes right now; Alea on Taiwan's CPO and silicon-photonics test bottlenecks; Alea on AEHR's hyperscaler volume-ramp setup; Alea's recent five-thesis slate,https://x.com/aleabitoreddit/status/2042187668931616964; https://x.com/aleabitoreddit/status/2040842953883840770; https://x.com/aleabitoreddit/status/2041612047058924009; https://x.com/aleabitoreddit/status/2041716775663055142,"Direct multi-post Alea reconstruction with repeated focus on hyperscaler qualification, optical test, and volume-ramp timing.",74.37999725341797,1.80361836895311,1.463190573659121,2339492946.1310577,Equipment / test
AXT,AXTI,AXTI,United States,substrate_pcb,A,"['a_top30', 'a_axti', 'a_soi_bottleneck', 'a_thesis_posts']","Alea repeatedly argued AXTI sits at the very top of the InP bottleneck, above many of the optical-device names retail investors focus on later in the chain.",InP substrate and precursor bottleneck,9,7,8,"AXTI gets added because the revised feed takes the optical discussion further upstream. The bull case is that InP substrates and precursor refinement stay scarce just as CPO, CW lasers, and high-speed optics all accelerate, giving AXTI pricing power that device investors can miss.","Bear case: AXTI is also the stock in the revised set with one of the messiest geopolitical overlays. China permits, precursor controls, and shareholder-financing concerns can overwhelm even strong demand.","Drop thesis trigger: de-risk if China export permit friction worsens, if upstream precursor supply loosens sharply, or if dilution / governance concerns dominate the demand story.",Moderately bullish,Bullish,Moderately bullish,Neutral,"Alea on 30 U.S.-available names she likes right now; Alea on AXTI as the top InP substrate bottleneck; Alea on AXTI, Tower, Sivers, Coherent, and Soitec in the bottleneck hierarchy; Alea's recent five-thesis slate",https://x.com/aleabitoreddit/status/2042187668931616964; https://x.com/aleabitoreddit/status/2041521940096307530; https://x.com/aleabitoreddit/status/2041521462075633945; https://x.com/aleabitoreddit/status/2041716775663055142,"Direct Alea coverage with repeated emphasis on InP materials, precursor refining, and the geopolitical risk embedded in the chain.",67.30000305175781,1.6166409350102082,1.7963678632213833,3740439882.3124237,Materials / substrates
Sivers Semiconductors,SIVE.ST,SIVE.ST,Sweden,networking_optics,B,"['a_sive_jbl_mrvl', 'a_photonics_tierlist', 'a_europe_photonics', 'a_thesis_posts']","Alea repeatedly pitched Sivers as the small-cap choke point inside Marvell and Jabil optical programs, with asymmetric upside if the CW-laser ramp arrives on schedule.",CW-laser and light-source pure play,10,4,8,"Sivers is the highest-beta name that survives the new ranking because it appears constantly in Alea's photonics work. The bull case is that a tiny market cap is sitting on a real CW-laser bottleneck just as the industry starts to care more about light sources, not less.","Bear case: everything here depends on technology transition timing, customer concentration, financing access, and markets continuing to reward future architecture exposure before the volumes are fully visible.","Drop thesis trigger: de-risk if the CW-laser ramp slips, if the core Marvell / Jabil design wins do not translate into visible production, or if financing / listing issues become the story instead of the product.",Bullish,Bullish,Bullish,Moderately bullish,Alea on Sivers as the light-source chokepoint for Jabil and Marvell programs; Alea's CW laser and photonics exposure tier list; Alea on the European photonics rebound; Alea's recent five-thesis slate,https://x.com/aleabitoreddit/status/2041774512904294595; https://x.com/aleabitoreddit/status/2041545598164443378; https://x.com/aleabitoreddit/status/2041791434525962584; https://x.com/aleabitoreddit/status/2041716775663055142,"Heavy Alea repetition and direct public status URLs make the stock real to the revised set, but the name remains small-cap, cross-listed, and highly thesis-dependent.",16.850000381469727,3.639317324628429,2.154499177382265,4732694625.96,Networking / optics
Tower Semiconductor,TSEM,TSEM,Israel,foundry_packaging,A,"['a_top30', 'a_thesis_posts', 'a_soi_bottleneck']",Alea consistently kept Tower in the thesis stack as the photonics foundry expression that can tighten as next-gen optical architectures move from pilot to production.,specialty foundry for silicon photonics and optical programs,7,4,7,"Tower makes the final cut because the revised set says foundry scarcity is not just a leading-edge logic story. The bull case is that specialty photonics, silicon photonics, and adjacent analog / mixed-signal capacity all clear through Tower fast enough to keep utilization and margins tight.","Bear case: Tower still depends on customer timing and the speed at which photonics programs leave the lab. If that adoption curve flattens, the stock can look expensive against conventional foundry comps.","Drop thesis trigger: de-risk if photonics programs remain stuck in qualification, if utilization stops tightening, or if management stops signaling real line-of-sight to a fuller factory.",Moderately bullish,Moderately bullish,Bullish,Bullish,"Alea on 30 U.S.-available names she likes right now; Alea's recent five-thesis slate; Alea on AXTI, Tower, Sivers, Coherent, and Soitec in the bottleneck hierarchy",https://x.com/aleabitoreddit/status/2042187668931616964; https://x.com/aleabitoreddit/status/2041716775663055142; https://x.com/aleabitoreddit/status/2041521462075633945,Direct Alea coverage across multiple posts and consistent placement inside the photonics foundry thesis.,214.11000061035156,0.7266935533092869,0.8247346261266755,25391563189.042328,Foundry / specialty photonics
Soitec,SOI.PA,SOI.PA,France,substrate_pcb,B,"['a_soi_bottleneck', 'a_europe_photonics', 'a_thesis_posts']","Alea repeatedly argued Soitec is not the loudest photonics name today, but it can still capture material revenue as SOI substrates become more important to SiPh and CPO.",SOI wafer bottleneck for silicon photonics,7,5,7,Soitec gets into the final 50 because the revised feed broadens the optical stack beyond transceivers into materials. The bull case is that Soitec's substrate position gives investors a cleaner way to own SiPh adoption without depending on any single device vendor winning every socket.,"Bear case: Soitec is one step removed from the hottest optical revenue prints, so the stock may lag if investors keep preferring the names with cleaner near-term transceiver exposure.","Drop thesis trigger: de-risk if SiPh adoption slips materially, if SOI content per system stops rising, or if Europe-specific macro stress overwhelms the company-specific setup again.",Neutral,Moderately bullish,Bullish,Bullish,"Alea on AXTI, Tower, Sivers, Coherent, and Soitec in the bottleneck hierarchy; Alea on the European photonics rebound; Alea's recent five-thesis slate",https://x.com/aleabitoreddit/status/2041521462075633945; https://x.com/aleabitoreddit/status/2041791434525962584; https://x.com/aleabitoreddit/status/2041716775663055142,"Direct Alea coverage and clear relevance to SiPh/CPO, but still partly a catch-up thesis versus the better-known transceiver names.",64.63999938964844,1.2889518382984395,0.9661832790597289,2582009339.28,Materials / wafers
Riber,ALRIB.PA,ALRIB.PA,France,equipment,B,['a_riber_msft'],Alea's Riber work is one of the more idiosyncratic additions: a small French MBE tool vendor potentially tied to Microsoft Quantum and to broader VCSEL / silicon-photonics equipment demand.,MBE equipment supplier for quantum and advanced photonics,10,3,5,"Riber enters the final 50 because the revised feed expands 'AI supply chain' into the adjacent frontier stack where quantum, photonics, and material-science tooling can all matter. The bull case is that a profitable, tiny MBE duopoly participant suddenly has a visible hyperscaler adjacency that the market has not fully mapped.","Bear case: this is still early, narrow, and potentially over-interpreted. If the Microsoft linkage proves weaker than expected or if quantum capex remains niche for longer, the stock could stay a curiosity rather than rerate.","Drop thesis trigger: de-risk if the customer-discovery angle fails to hold up, if management commentary does not support a real growth inflection, or if quantum capex stays more narrative than revenue.",Neutral,Moderately bullish,Moderately bullish,Moderately bullish,Alea on Microsoft Quantum and Riber,https://x.com/aleabitoreddit/status/2042161215968051652,"Direct Alea discovery post, but still discovery-stage and dependent on the Microsoft / quantum supplier linkage remaining real.",11.279999732971191,1.9841269360708327,1.0980820707780379,247000896.04,Quantum / MBE equipment
POET Technologies,POET,POET,Canada,networking_optics,B,"['a_poet', 'a_photonics_tierlist']","Alea framed POET as a low-enterprise-value way to own Marvell / Celestial optical exposure, while also being unusually candid about the risk of getting engineered out.",integrated-optics supplier with Celestial exposure,9,3,7,"POET makes the revised final 50 because it is one of the cleanest asymmetric ways to play Celestial-linked optical packaging if customer diversification improves. The bull case is that the stock already reflects a lot of past pain, while the hardware program it serves could still scale meaningfully.","Bear case: POET remains a single-program-style speculation unless it proves broader customer traction. If diversification does not arrive, the stock can remain permanently discounted no matter how interesting the architecture sounds.","Drop thesis trigger: de-risk if the key customer / program fails to scale, if the company is clearly getting engineered out, or if the cash buffer starts shrinking without a corresponding revenue step-up.",Neutral,Moderately bullish,Bullish,Moderately bullish,Alea on POET's asymmetry inside Marvell's Celestial chain; Alea's CW laser and photonics exposure tier list,https://x.com/aleabitoreddit/status/2041624683729310123; https://x.com/aleabitoreddit/status/2041545598164443378,Direct Alea coverage with explicit upside and downside framing; still a high-speculation name with customer concentration risk.,6.710000038146973,-0.19253914568917996,1.0338925152829805,1024692043.7554693,Networking / optics
Win Semi,3105.TWO,3105.TWO,Taiwan,foundry_packaging,B,"['a_winsemi', 'a_thesis_posts']","Alea repeatedly called Win Semi a sleeper and one of the cleaner foundry bottlenecks beneath CW lasers, robotics, space, and AI hyperscaler hardware.",compound-semiconductor foundry for CW lasers and adjacent devices,8,5,8,Win Semi gets added because the revised report moves the bottleneck map one layer down into foundry capacity for compound-semiconductor devices. The bull case is that investors still underappreciate how many end markets need the same manufacturing capability at once.,"Bear case: this is still a cross-border, thesis-driven name where valuation can outrun proof. If the photonics supercycle arrives slower than bulls expect, the stock can stay volatile even if the long-run setup is right.","Drop thesis trigger: de-risk if foundry utilization stops tightening, if CW-laser adoption slips, or if management commentary stops supporting its 'sleeper chokepoint' status.",Bullish,Bullish,Moderately bullish,Moderately bullish,Alea on Win Semi as a sleeper compound-semiconductor pick; Alea's recent five-thesis slate,https://x.com/aleabitoreddit/status/2041363738327204264; https://x.com/aleabitoreddit/status/2041716775663055142,"Direct Alea status URLs and repeated mentions, but still less broadly covered than the larger listed optics names.",457.0,1.1206496519721578,0.9301114663478417,193740755488.0,Compound-semiconductor foundry
Global Unichip,3443.TW,3443.TW,Taiwan,compute_silicon,A,['j_cpu_bottleneck'],Named in Jukan's CPU/custom-silicon thread cluster as part of the broader ASIC bottleneck map.,ASIC design-service house tied to custom AI silicon,8,4,8,"Global Unichip is a ASIC design-service house tied to custom AI silicon. The X thesis is that it wins if AI training and inference budgets stay elevated and the architecture remains on the critical path, and named in jukan's cpu/custom-silicon thread cluster as part of the broader asic bottleneck map.","Bear case: Global Unichip gets hit if hyperscaler capex rotates away, export controls bite, or custom-silicon mix shifts against it. That matters because the current buildout has pulled forward a lot of expectations.","Drop thesis trigger: sell or de-risk if a product slip, weak attach rates, or a sustained capex digestion cycle.",Moderately bullish,Moderately bullish,Moderately bullish,Neutral,Jukan on the 2026 server-CPU bottleneck,https://x.com/jukan05/status/2011429601344678241,Direct in-range mention or direct quote-tweet recovery.,2510.0,0.23950617283950626,0.6830731074418782,355799203840.0,Compute Silicon
MediaTek,2454.TW,2454.TW,Taiwan,compute_silicon,B,"['j_custom_asic_quote', 'j_cpu_bottleneck']",Same-thread Taiwan custom-silicon beneficiary rather than a fully recovered direct tweet text.,edge and custom-silicon beneficiary,6,4,6,"MediaTek is a edge and custom-silicon beneficiary. The X thesis is that it wins if AI training and inference budgets stay elevated and the architecture remains on the critical path, and same-thread taiwan custom-silicon beneficiary rather than a fully recovered direct tweet text.","Bear case: MediaTek gets hit if hyperscaler capex rotates away, export controls bite, or custom-silicon mix shifts against it. That matters because the current buildout has pulled forward a lot of expectations.","Drop thesis trigger: sell or de-risk if a product slip, weak attach rates, or a sustained capex digestion cycle.",Moderately bullish,Moderately bullish,Moderately bullish,Neutral,Public quote of Jukan's custom ASIC / TPU thread; Jukan on the 2026 server-CPU bottleneck,https://x.com/muhzuhair/status/2032484686228361482; https://x.com/jukan05/status/2011429601344678241,"Named in the same in-range tweet thread, attached note, or public quote of the thread.",1580.0,0.14492753623188404,0.5004337298945799,2513873666048.0,Compute Silicon
UMC,2303.TW,2303.TW,Taiwan,foundry_packaging,B,"['j_cpu_bottleneck', 'j_china_wafers']",Included as a first-order foundry beneficiary in the same mature-node / CPU bottleneck context Jukan was discussing.,mature-node foundry with AI-adjacent support demand,6,4,5,"UMC is a mature-node foundry with AI-adjacent support demand. The X thesis is that it captures the AI bottleneck because advanced-node logic and packaging capacity are still scarce, and included as a first-order foundry beneficiary in the same mature-node / cpu bottleneck context jukan was discussing.",Bear case: UMC gets hurt if CoWoS / hybrid-bonding utilization drops or if customer capex plans slip. That matters because the current buildout has pulled forward a lot of expectations.,Drop thesis trigger: sell or de-risk if a multi-quarter packaging digestion phase or geopolitical disruption to Asian manufacturing.,Moderately bullish,Bullish,Moderately bullish,Moderately bullish,Jukan on the 2026 server-CPU bottleneck; Jukan on China expanding advanced wafer output,https://x.com/jukan05/status/2011429601344678241; https://x.com/jukan05/status/2026474804380053579,"Named in the same in-range tweet thread, attached note, or public quote of the thread.",60.29999923706055,0.2145014578827471,0.6209639944052765,755289358336.0,Foundry Packaging
ASE Technology,3711.TW,3711.TW,Taiwan,foundry_packaging,B,"['j_onto', 'tsmc_official', 'a_testing_bottleneck']",ASE picks up a better-defined place in the revised set because Alea explicitly named testing and optical alignment as a bottleneck where ASE still has exposure.,largest OSAT with AI-packaging exposure,6,4,8,"ASE Technology is a largest OSAT with AI-packaging exposure. The X thesis is that it captures the AI bottleneck because advanced-node logic and packaging capacity are still scarce, and first-order osat beneficiary of the exact advanced-packaging bottleneck both accounts kept circling.",Bear case: ASE Technology gets hurt if CoWoS / hybrid-bonding utilization drops or if customer capex plans slip. That matters because the current buildout has pulled forward a lot of expectations.,Drop thesis trigger: sell or de-risk if a multi-quarter packaging digestion phase or geopolitical disruption to Asian manufacturing.,Moderately bullish,Bullish,Moderately bullish,Moderately bullish,Jukan on Samsung validating Onto's hybrid-bonding inspection tools; TSMC Q4 2025 conference call; Alea on Taiwan's CPO and silicon-photonics test bottlenecks,https://x.com/jukan05/status/2038929887386362165; https://investor.tsmc.com/english/quarterly-results/2025/q4; https://x.com/aleabitoreddit/status/2040842953883840770,"Named in the same in-range tweet thread, attached note, or public quote of the thread.",383.0,0.6332622601279319,0.6268586974585014,1717295644672.0,Foundry Packaging
Amkor,AMKR,AMKR,United States,foundry_packaging,B,"['j_onto', 'tsmc_official']",First-order outsourced-packaging beneficiary tied to the same CoWoS / hybrid-bonding bottleneck thesis.,advanced-packaging outsourcing beneficiary,6,4,8,"Amkor is a advanced-packaging outsourcing beneficiary. The X thesis is that it captures the AI bottleneck because advanced-node logic and packaging capacity are still scarce, and first-order outsourced-packaging beneficiary tied to the same cowos / hybrid-bonding bottleneck thesis.",Bear case: Amkor gets hurt if CoWoS / hybrid-bonding utilization drops or if customer capex plans slip. That matters because the current buildout has pulled forward a lot of expectations.,Drop thesis trigger: sell or de-risk if a multi-quarter packaging digestion phase or geopolitical disruption to Asian manufacturing.,Moderately bullish,Bullish,Moderately bullish,Moderately bullish,Jukan on Samsung validating Onto's hybrid-bonding inspection tools; TSMC Q4 2025 conference call,https://x.com/jukan05/status/2038929887386362165; https://investor.tsmc.com/english/quarterly-results/2025/q4,"Named in the same in-range tweet thread, attached note, or public quote of the thread.",55.060001373291016,0.04438543434003139,0.7373225685301895,13644486656.0,Foundry Packaging
Ibiden,4062.T,4062.T,Japan,substrate_pcb,B,"['j_onto', 'tsmc_official']",ABF substrate beneficiary in the same AI module-complexity chain discussed by both accounts.,ABF substrate supplier to AI packages,6,4,7,"Ibiden is a ABF substrate supplier to AI packages. The X thesis is that it benefits from richer GPU/ASIC module complexity and the need for more advanced substrate and PCB content, and abf substrate beneficiary in the same ai module-complexity chain discussed by both accounts.","Bear case: Ibiden is vulnerable to customer concentration, execution mistakes, and technology handoffs between package formats. That matters because the current buildout has pulled forward a lot of expectations.","Drop thesis trigger: sell or de-risk if order pushouts, yield issues, or a shift away from the package architecture it is serving.",Moderately bullish,Bullish,Moderately bullish,Neutral,Jukan on Samsung validating Onto's hybrid-bonding inspection tools; TSMC Q4 2025 conference call,https://x.com/jukan05/status/2038929887386362165; https://investor.tsmc.com/english/quarterly-results/2025/q4,"Named in the same in-range tweet thread, attached note, or public quote of the thread.",9794.0,0.3682592903045543,0.8226178250440288,2739401916416.0,Substrate Pcb
Unimicron,3037.TW,3037.TW,Taiwan,substrate_pcb,B,"['z_optical_pcb', 'tsmc_official']",First-order ABF substrate expansion from the packaging node both accounts were effectively mapping.,AI package substrate supplier,7,5,7,"Unimicron is a AI package substrate supplier. The X thesis is that it benefits from richer GPU/ASIC module complexity and the need for more advanced substrate and PCB content, and first-order abf substrate expansion from the packaging node both accounts were effectively mapping.","Bear case: Unimicron is vulnerable to customer concentration, execution mistakes, and technology handoffs between package formats. That matters because the current buildout has pulled forward a lot of expectations.","Drop thesis trigger: sell or de-risk if order pushouts, yield issues, or a shift away from the package architecture it is serving.",Moderately bullish,Bullish,Moderately bullish,Neutral,Zephyr / Collyer Bridge APAC on optical-transceiver PCB suppliers; TSMC Q4 2025 conference call,https://www.collyerbridge.com/post/apac-roundup-micron-mu-boe-000725-sz-sabic-2010-sr-foxconn-2317-tt-and-more; https://investor.tsmc.com/english/quarterly-results/2025/q4,"Named in the same in-range tweet thread, attached note, or public quote of the thread.",620.0,1.8571428571428572,0.9157486977018566,984117673984.0,Substrate Pcb
Shinko Electric,6967.T,6967.T,Japan,substrate_pcb,B,"['tsmc_official', 'j_onto']",First-order ABF and packaging expansion tied to the exact capacity bottlenecks discussed in the tweets.,Japanese substrate and packaging material supplier,6,4,6,"Shinko Electric is a Japanese substrate and packaging material supplier. The X thesis is that it benefits from richer GPU/ASIC module complexity and the need for more advanced substrate and PCB content, and first-order abf and packaging expansion tied to the exact capacity bottlenecks discussed in the tweets.","Bear case: Shinko Electric is vulnerable to customer concentration, execution mistakes, and technology handoffs between package formats. That matters because the current buildout has pulled forward a lot of expectations.","Drop thesis trigger: sell or de-risk if order pushouts, yield issues, or a shift away from the package architecture it is serving.",Moderately bullish,Bullish,Moderately bullish,Neutral,TSMC Q4 2025 conference call; Jukan on Samsung validating Onto's hybrid-bonding inspection tools,https://investor.tsmc.com/english/quarterly-results/2025/q4; https://x.com/jukan05/status/2038929887386362165,"Named in the same in-range tweet thread, attached note, or public quote of the thread.",,,,,Substrate Pcb
Hon Hai / Foxconn,2317.TW,2317.TW,Taiwan,systems_odm,C,"['j_cpu_bottleneck', 'j_samsung_lta', 'trend_ai_models']",Lower-confidence expansion: server and systems assembly sits directly downstream of the capex nodes Jukan and Zephyr were describing.,AI server and systems integrator,6,6,6,"Hon Hai / Foxconn is a AI server and systems integrator. The X thesis is that it benefits from the physical buildout of AI servers, racks, and systems integration, and lower-confidence expansion: server and systems assembly sits directly downstream of the capex nodes jukan and zephyr were describing.",Bear case: Hon Hai / Foxconn gets squeezed if box-level pricing compresses or customer order timing slips. That matters because the current buildout has pulled forward a lot of expectations.,"Drop thesis trigger: sell or de-risk if cloud digestion, inventory corrections, or tariffs that hit system assembly economics.",Moderately bullish,Moderately bullish,Moderately bullish,Neutral,Jukan on the 2026 server-CPU bottleneck; Jukan on Samsung memory LTAs with Google and Microsoft; SemiAnalysis on large-scale inference economics,https://x.com/jukan05/status/2011429601344678241; https://x.com/jukan05/status/2034824046987419851; https://semianalysis.com/,First-order supply-chain expansion from the exact tweet thesis; included to reach a 50-stock investor universe.,201.5,-0.1004464285714286,0.37837988274772644,2792547680256.0,Systems Odm
Quanta,2382.TW,2382.TW,Taiwan,systems_odm,C,"['j_cpu_bottleneck', 'j_samsung_lta', 'trend_ai_models']",Lower-confidence expansion: a direct box-level beneficiary if the AI system buildout keeps accelerating.,AI server ODM leader,6,6,6,"Quanta is a AI server ODM leader. The X thesis is that it benefits from the physical buildout of AI servers, racks, and systems integration, and lower-confidence expansion: a direct box-level beneficiary if the ai system buildout keeps accelerating.",Bear case: Quanta gets squeezed if box-level pricing compresses or customer order timing slips. That matters because the current buildout has pulled forward a lot of expectations.,"Drop thesis trigger: sell or de-risk if cloud digestion, inventory corrections, or tariffs that hit system assembly economics.",Moderately bullish,Moderately bullish,Moderately bullish,Neutral,Jukan on the 2026 server-CPU bottleneck; Jukan on Samsung memory LTAs with Google and Microsoft; SemiAnalysis on large-scale inference economics,https://x.com/jukan05/status/2011429601344678241; https://x.com/jukan05/status/2034824046987419851; https://semianalysis.com/,First-order supply-chain expansion from the exact tweet thesis; included to reach a 50-stock investor universe.,307.5,0.1647727272727273,0.33162869179443677,1206464282624.0,Systems Odm
Wiwynn,6669.TW,6669.TW,Taiwan,systems_odm,C,"['j_cpu_bottleneck', 'j_samsung_lta']",Lower-confidence expansion from the same rack/server demand wave.,hyperscale server ODM,7,6,6,"Wiwynn is a hyperscale server ODM. The X thesis is that it benefits from the physical buildout of AI servers, racks, and systems integration, and lower-confidence expansion from the same rack/server demand wave.",Bear case: Wiwynn gets squeezed if box-level pricing compresses or customer order timing slips. That matters because the current buildout has pulled forward a lot of expectations.,"Drop thesis trigger: sell or de-risk if cloud digestion, inventory corrections, or tariffs that hit system assembly economics.",Moderately bullish,Moderately bullish,Moderately bullish,Neutral,Jukan on the 2026 server-CPU bottleneck; Jukan on Samsung memory LTAs with Google and Microsoft,https://x.com/jukan05/status/2011429601344678241; https://x.com/jukan05/status/2034824046987419851,First-order supply-chain expansion from the exact tweet thesis; included to reach a 50-stock investor universe.,3570.0,-0.15801886792452835,0.5052827308423228,665310003200.0,Systems Odm
Celestica,CLS,CLS,Canada,systems_odm,C,"['z_lite_crdo', 'trend_ai_models']",Lower-confidence expansion: a North American systems and networking manufacturer aligned with the same cluster-buildout theme.,AI systems and networking manufacturing beneficiary,6,3,6,"Celestica is a AI systems and networking manufacturing beneficiary. The X thesis is that it benefits from the physical buildout of AI servers, racks, and systems integration, and lower-confidence expansion: a north american systems and networking manufacturer aligned with the same cluster-buildout theme.",Bear case: Celestica gets squeezed if box-level pricing compresses or customer order timing slips. That matters because the current buildout has pulled forward a lot of expectations.,"Drop thesis trigger: sell or de-risk if cloud digestion, inventory corrections, or tariffs that hit system assembly economics.",Moderately bullish,Moderately bullish,Moderately bullish,Neutral,Zephyr on Lumentum earnings and Credo/CPO risk; SemiAnalysis on large-scale inference economics,https://x.com/zephyr_z9/status/2019066607583084550; https://semianalysis.com/,First-order supply-chain expansion from the exact tweet thesis; included to reach a 50-stock investor universe.,325.57000732421875,0.06440648812082284,0.7526979905697583,37502672896.0,Systems Odm
Jabil,JBL,JBL,United States,systems_odm,B,"['a_sive_jbl_mrvl', 'a_top30']","Jabil shows up in the revised set as the manufacturing partner around 1.6T optical programs, especially through Alea's Sivers work.",manufacturing and systems-integration partner in optics,6,3,6,Jabil stays interesting because AI demand still has to get assembled somewhere. The bull case is that optical and server complexity keep raising the value of manufacturing partners that can execute at scale without becoming the obvious consensus trade.,"Bear case: Jabil remains lower-beta and less pure-play than the photonics names. If investors stop paying for manufacturing leverage or if customer mix shifts, the stock can lag the bottleneck names higher in the chain.","Drop thesis trigger: de-risk if optical program ramps stall, if systems margins compress, or if the company loses relevance inside the 1.6T and scale-out roadmap.",Neutral,Moderately bullish,Moderately bullish,Moderately bullish,Alea on Sivers as the light-source chokepoint for Jabil and Marvell programs; Alea on 30 U.S.-available names she likes right now,https://x.com/aleabitoreddit/status/2041774512904294595; https://x.com/aleabitoreddit/status/2042187668931616964,"Jabil is mostly a second-order beneficiary in the revised feed, but Alea referenced it often enough to make the final 50 on optical-manufacturing importance.",305.9700012207031,0.20850782080764185,0.4620533873067142,32308983972.890472,Systems / manufacturing
Silicon Motion,SIMO,SIMO,Taiwan / US listing,controller_storage,A,['z_nand'],Zephyr called SIMO one of the cleaner NAND exposures thanks to the merchant-controller angle.,merchant NAND-controller duopoly exposure,7,5,7,"Silicon Motion is a merchant NAND-controller duopoly exposure. The X thesis is that it wins when NAND prices and enterprise SSD demand re-rate and merchant-controller leverage matters again, and zephyr called simo one of the cleaner nand exposures thanks to the merchant-controller angle.",Bear case: Silicon Motion rolls over if OEM inventories stay heavy or NAND price momentum fades. That matters because the current buildout has pulled forward a lot of expectations.,Drop thesis trigger: sell or de-risk if an inventory reset plus weakening controller attach or customer concentration shocks.,Bullish,Bullish,Moderately bullish,Neutral,"Zephyr on SIMO, Phison, NAND pricing, and customer exposure",https://x.com/zephyr_z9/status/2024157861027405978,Direct in-range mention or direct quote-tweet recovery.,127.20999908447266,0.05019402269393791,0.5426043376089764,4323062784.0,Controller Storage
