global_rank,region_rank,region,ticker,company,country,exchange,theme,latent_ai_asset,market_cap_bucket,ai_visibility,alpha_score,latent_fit,discovery_gap,valuation_gap,catalyst_density,execution_quality,hype_penalty,conviction,thesis,catalysts,risks,source_keys
1,1,Non-US,HPS.A.TO,Hammond Power Solutions,Canada,TSX,Power & Grid,Dry-type transformers and custom power-distribution equipment,Small-Mid,Emerging,84,23,17,16,18,12,2,High,"Small enough to remain underfollowed, but directly exposed to transformer shortages, electrification and data-centre expansion.",Transformer backlog; U.S. data-centre/custom-engineered demand; capacity expansion.,Transformer-cycle normalization; Canadian liquidity; input costs.,M_IEA_POWER;M_MS_POWER;M_CBRE_DC;M_SP_GLOBAL_DC;HAMMOND_IR
4,2,Non-US,VLX.L,Volex,United Kingdom,LSE AIM,Connectivity & Photonics,"High-speed copper interconnects, power cords and connectors",Small-Mid,Emerging,82,24,16,15,18,11,2,High,"A neglected AIM-listed cable/interconnect maker supplying 400G/800G/emerging 1.6T data-centre links, with diversified industrial and EV exposure.",1.6T interconnect adoption; hyperscale demand; operating margin target delivery.,Customer concentration; M&A leverage; UK small-cap discount.,M_IEA_POWER;M_MS_POWER;M_CBRE_DC;M_SP_GLOBAL_DC;VOLEX_DC;VOLEX_RESULTS
6,3,Non-US,XPP.L,XP Power,Singapore,LSE,Power & Components,"Power converters for semiconductor, healthcare and industrial equipment",Small,Latent,81,21,19,17,15,9,0,High,A turnaround power-converter specialist; AI semicap and industrial electrification can pull demand before the market fully trusts the recovery.,Semiconductor equipment recovery; debt reduction; margin rebuild after factory actions.,Balance-sheet sensitivity; cyclical orders; prior execution issues.,M_IEA_POWER;M_MS_POWER;M_CBRE_DC;M_SP_GLOBAL_DC;XPPOWER_IR
7,4,Non-US,TWEKA.AS,TKH Group,Netherlands,Euronext Amsterdam,Connectivity & Automation,"Vision systems, fiber/connectivity and electrification assets",Mid,Latent,80,22,17,15,16,11,1,High,"A Dutch portfolio of machine vision, connectivity and electrification assets; the planned separation can crystallize hidden AI-adjacent value.",Automation/electrification separation; non-core divestments; machine-vision recovery.,Portfolio complexity; European industrial softness; execution of separation.,M_IEA_POWER;M_MS_POWER;M_CBRE_DC;M_SP_GLOBAL_DC;TKH_IR
9,5,Non-US,CRL.MI,CAREL Industries,Italy,Borsa Italiana,Thermal & Water,HVAC/refrigeration controls and data-center cooling controls,Mid,Emerging,79,22,16,15,16,12,2,High,"Cooling controls can be the intelligence layer for high-density data centers, yet CAREL is still mostly viewed as HVAC/refrigeration automation.",U.S. HVAC strength; data-center controls; energy-efficiency regulation.,European cycle; family/controlled liquidity; competition from larger HVAC controls.,M_IEA_POWER;M_MS_POWER;M_CBRE_DC;M_SP_GLOBAL_DC;CAREL_IR
10,6,Non-US,SENS.SW,Sensirion,Switzerland,SIX,Sensors & Measurement,"Flow, humidity, gas and environmental sensors",Small-Mid,Latent,79,21,17,14,16,12,1,High,"Environmental sensors are the measurement layer for cooling, HVAC, robotics and edge AI; Sensirion is a high-quality niche sensor company.",A2L/HVAC sensors; industrial sensing; medical/auto design wins.,Swiss franc; premium quality multiple; product-cycle timing.,M_IEA_POWER;M_MS_POWER;M_CBRE_DC;M_SP_GLOBAL_DC;SENSIRION_IR
12,7,Non-US,DSCV.L,discoverIE Group,United Kingdom,LSE,Power & Components,Customised industrial electronics and sensors,Small-Mid,Latent,78,20,18,15,14,11,0,High,A custom electronics compounder with industrial sensing and power niches; it can quietly supply edge-AI and electrification applications without AI branding.,Order recovery; operating margin target upgrade; acquisitions.,UK small-cap discount; industrial cycle; M&A execution.,M_IEA_POWER;M_MS_POWER;M_CBRE_DC;M_SP_GLOBAL_DC;DISCOVERIE_IR
14,8,Non-US,AALB.AS,Aalberts,Netherlands,Euronext Amsterdam,Thermal & Water,"Hydronic flow control, precision components and surface technologies",Mid,Latent,77,21,16,15,15,12,2,Medium,Hydronic flow and thermal control are needed for efficient cooling; Aalberts offers niche industrial/building technologies at a non-AI multiple.,Hydronic HVAC/data-centre demand; portfolio focus; European recovery.,European building cycle; conglomerate discount; indirect AI exposure.,M_IEA_POWER;M_MS_POWER;M_CBRE_DC;M_SP_GLOBAL_DC
16,9,Non-US,AMS.SW,ams-OSRAM,Austria,SIX,Sensors & Photonics,"Optical emitters, sensors and illumination components",Mid,Special Situation,76,22,18,17,14,7,2,Speculative,"Optical sensing/emitters can feed edge AI, robotics and datacom, while balance-sheet and consumer-cycle scars keep expectations low.",Portfolio deleveraging; optical sensing recovery; automotive/industrial design wins.,Debt; smartphone/auto cycles; execution and dilution risk.,M_IEA_POWER;M_MS_POWER;M_CBRE_DC;M_SP_GLOBAL_DC
18,10,Non-US,TTG.L,TT Electronics,United Kingdom,LSE,Power & Components,"Sensors, power conversion and electronics manufacturing",Small,Latent,75,20,18,16,13,8,0,Speculative,"A small UK electronics supplier that senses, powers and connects regulated-market devices; it is a hidden edge-AI component candidate.",Aerospace/defense power; medical electronics; automation/electrification wins.,Small scale; margins; UK liquidity.,M_IEA_POWER;M_MS_POWER;M_CBRE_DC;M_SP_GLOBAL_DC;TT_IR
21,11,Non-US,MGAM.L,Morgan Advanced Materials,United Kingdom,LSE,Semi/Advanced Materials,"Thermal ceramics, carbon and technical ceramic materials",Small-Mid,Special Situation,74,21,18,16,13,8,2,Speculative,"Thermal ceramics and semiconductor materials are relevant to power/heat constraints, but the market is focused on weak semicap/European industrial demand.",Semiconductor stabilization; margin simplification; thermal products recovery.,Weak semicap demand; European industrial slowdown; restructuring risk.,M_IEA_POWER;M_MS_POWER;M_CBRE_DC;M_SP_GLOBAL_DC;MORGAN_IR
24,12,Non-US,KARN.SW,Kardex,Switzerland,SIX,Industrial Automation & Robotics,"Warehouse automation, shuttle systems and light-goods robotics",Mid,Latent,73,20,15,12,16,11,1,Medium,"Warehouse automation becomes more AI-levered as orchestration software improves; Kardex is a focused automation asset, not an AI platform name.",Bookings momentum; lightgoods portfolio expansion; logistics automation cycle.,Capex pauses; premium quality valuation; customer project timing.,M_IEA_POWER;M_MS_POWER;M_CBRE_DC;M_SP_GLOBAL_DC;KARDEX_IR
27,13,Non-US,ATS.TO,ATS Corporation,Canada,TSX/NYSE,Industrial Automation & Robotics,Custom automation systems for advanced manufacturing,Mid,Latent,72,21,15,13,15,10,2,Medium,"Custom automation is the physical implementation layer for AI-enhanced factories, life sciences and energy manufacturing.",Order recovery; EV/battery and life-science projects; margin improvement.,Large project timing; leverage; industrial capex softness.,M_IEA_POWER;M_MS_POWER;M_CBRE_DC;M_SP_GLOBAL_DC;ATS_IR
28,14,Non-US,OXIG.L,Oxford Instruments,United Kingdom,LSE,Semi/Advanced Materials,"Semiconductor, imaging, cryogenics and scientific tools",Small-Mid,Emerging,72,22,15,12,16,10,3,Medium,"Semiconductor, quantum and imaging tools give Oxford latent leverage to AI hardware R&D and advanced metrology without being a mainstream AI stock.",Semiconductor growth; cryogenic/quantum demand; imaging division recovery.,Research capex; China exposure; premium valuation.,M_IEA_POWER;M_MS_POWER;M_CBRE_DC;M_SP_GLOBAL_DC;OXFORD_IR
29,15,Non-US,RSW.L,Renishaw,United Kingdom,LSE,Sensors & Measurement,"Precision metrology, encoders and additive manufacturing",Mid-Large,Latent,72,21,15,12,15,12,3,Medium,AI-enabled manufacturing and robotics require precision measurement; Renishaw is strategic but often screened as a slow industrial metrology name.,Metrology recovery; robotics/automation design wins; additive manufacturing.,Industrial cycle; ownership structure; valuation.,M_IEA_POWER;M_MS_POWER;M_CBRE_DC;M_SP_GLOBAL_DC;RENISHAW_IR
34,16,Non-US,MDA.TO,MDA Space,Canada,TSX,Defense/Space/Edge,"Satellite systems, robotics and geointelligence",Mid,Emerging,71,21,14,12,16,10,2,Medium,"Space data, robotics and geointelligence are high-value AI inputs; MDA is a public space/robotics asset with strong backlog but less U.S. investor coverage.",Satellite programs; Canadarm3/robotics; geointelligence data monetization.,Government program risk; space project execution; valuation after growth.,M_IEA_POWER;M_MS_POWER;M_CBRE_DC;M_SP_GLOBAL_DC;MDA_IR
37,17,Non-US,VCM.TO,Vecima Networks,Canada,TSX,Connectivity & Photonics,Cable/fiber access and cloud-native broadband platforms,Small,Latent,70,20,18,15,12,7,2,Speculative,"Distributed AI and edge compute need upgraded broadband/fiber access; Vecima is small, technical and underfollowed.",DOCSIS 4.0 rollouts; vCMTS adoption; customer transition from qualification to deployment.,Customer concentration; cable capex cycles; small-cap liquidity.,M_IEA_POWER;M_MS_POWER;M_CBRE_DC;M_SP_GLOBAL_DC;VECIMA_IR
42,18,Non-US,MTRS.ST,Munters Group,Sweden,Nasdaq Stockholm,Thermal & Water,Air and liquid cooling for data centers and industrial climate control,Mid,Discovered,69,24,8,10,19,12,4,Medium,"Munters has direct cooling exposure, but the data-center angle is now visible; upside depends on liquid-cooling scale and valuation discipline.",Liquid cooling; energy-efficient data-center orders; capacity expansion.,Crowd discovery; customer concentration; cooling-technology shifts.,M_IEA_POWER;M_MS_POWER;M_CBRE_DC;M_SP_GLOBAL_DC;MUNTERS_DC
44,19,Non-US,ALFA.ST,Alfa Laval,Sweden,Nasdaq Stockholm,Thermal & Water,"Heat exchangers, separation and fluid-handling systems",Large,Emerging,68,22,10,9,17,13,3,Medium,"Heat exchangers and fluid handling are critical to cooling and energy efficiency, but Alfa Laval is a large quality industrial already seeing data-center attention.",Data-center orders; heat-transfer capex; service growth.,Valuation; marine/energy cycles; large-cap discovery.,M_IEA_POWER;M_MS_POWER;M_CBRE_DC;M_SP_GLOBAL_DC;ALFA_AR
45,20,Non-US,BEAN.SW,Belimo Holding,Switzerland,SIX,Thermal & Water,"HVAC actuators, valves, sensors and meters",Large,Emerging,68,22,10,8,17,14,3,Medium,"Belimo is a superb HVAC control compounder with data-center relevance, but valuation and growing market awareness reduce alpha.",Data-center HVAC growth; U.S. building controls; energy-efficiency regulation.,Premium multiple; Swiss franc; crowd discovery.,M_IEA_POWER;M_MS_POWER;M_CBRE_DC;M_SP_GLOBAL_DC;BELIMO_AR
46,21,Non-US,INRN.SW,Interroll,Switzerland,SIX,Industrial Automation & Robotics,"Conveyor, sorter and material-flow systems",Mid,Latent,68,19,15,12,14,11,3,Medium,AI warehouse orchestration needs reliable physical flow; Interroll is a pick-and-shovel for logistics automation.,Warehouse automation recovery; sorter projects; robotics integration.,Cyclical capex; premium quality multiple; slow European demand.,M_IEA_POWER;M_MS_POWER;M_CBRE_DC;M_SP_GLOBAL_DC
50,22,Non-US,AUTO.OL,AutoStore Holdings,Norway,Oslo,Industrial Automation & Robotics,Cube-storage robotics for warehouses,Mid,Emerging,67,21,12,11,15,9,1,Medium,Robotic cube storage becomes more valuable with AI orchestration; the stock’s prior derating creates asymmetry but competition remains intense.,Warehouse automation rebound; software optimization; retail/logistics projects.,Competition; patent/technology risk; project delays.,M_IEA_POWER;M_MS_POWER;M_CBRE_DC;M_SP_GLOBAL_DC
51,23,Non-US,NEX.PA,Nexans,France,Euronext Paris,Power & Grid,Electrification cables and grid infrastructure,Mid-Large,Emerging,67,21,10,11,16,12,3,Medium,Electrification and grid cable scarcity can support AI data-center power buildout; Nexans is less obvious than some U.S. electrical names.,Grid cable demand; electrification margin mix; portfolio focus.,European utilities cycle; project risk; copper volatility.,M_IEA_POWER;M_MS_POWER;M_CBRE_DC;M_SP_GLOBAL_DC
52,24,Non-US,PRY.MI,Prysmian,Italy,Borsa Italiana,Power & Grid,"Power cables, fiber and grid interconnect infrastructure",Large,Emerging,67,22,9,10,17,12,3,Medium,"Cables are a core AI-era bottleneck across grid and fiber, but Prysmian is increasingly recognized as an electrification/data-center supplier.",Grid interconnections; fiber demand; EHV/HVDC projects.,Project execution; commodity prices; large-cap discovery.,M_IEA_POWER;M_MS_POWER;M_CBRE_DC;M_SP_GLOBAL_DC
56,25,Non-US,IFX.DE,Infineon Technologies,Germany,Xetra,Power & Components,"Power semiconductors, microcontrollers and sensors",Large,Emerging,66,22,10,11,15,12,4,Medium,"Infineon’s power chips and controllers are essential to efficient power conversion and edge devices, but it is too large and known for maximum early alpha.",Data-center power supplies; industrial power semis; automotive recovery.,Auto/industrial weakness; valuation; China competition.,M_IEA_POWER;M_MS_POWER;M_CBRE_DC;M_SP_GLOBAL_DC
57,26,Non-US,010120.KS,LS Electric,South Korea,KRX,Power & Grid,"Switchgear, automation and power infrastructure",Large,Emerging,66,22,12,12,16,9,5,Medium,Korean electrical infrastructure supplier with data-center/grid optionality and less global coverage than U.S. peers.,Korea/Asia data-center power; grid automation; overseas expansion.,Korean market cyclicality; FX; discovery after transformer reratings.,M_IEA_POWER;M_MS_POWER;M_CBRE_DC;M_SP_GLOBAL_DC
59,27,Non-US,5801.T,Furukawa Electric,Japan,Tokyo,Connectivity & Photonics,Optical fiber/cable and electrical infrastructure,Mid-Large,Emerging,65,22,10,12,16,10,5,Medium,"Optical fiber and cable are key to AI clusters, but Japanese fiber names have begun to rerate; Furukawa is less crowded than Fujikura.",Optical products; telecom capex; data-center fiber capacity.,Currency; fiber pricing; crowd moving into Japan AI supply chain.,M_IEA_POWER;M_MS_POWER;M_CBRE_DC;M_SP_GLOBAL_DC;FURUKAWA_IR
60,28,Non-US,5802.T,Sumitomo Electric,Japan,Tokyo,Connectivity & Photonics,"Optical fiber, wire harnesses and power infrastructure",Large,Emerging,65,22,10,12,15,11,5,Medium,"A broad Japanese supplier of fiber and electrification hardware; AI campus fiber research helps, but conglomerate complexity tempers upside.",Multicore fiber; grid/automotive recovery; telecom demand.,Conglomerate discount; auto exposure; discovery after fiber news.,M_IEA_POWER;M_MS_POWER;M_CBRE_DC;M_SP_GLOBAL_DC;SUMITOMO_IR
64,29,Non-US,6845.T,Azbil,Japan,Tokyo,Thermal & Water,"Building automation, measurement/control and lifeline systems",Large,Latent,64,20,13,10,15,12,6,Medium,"Building automation and control systems are key to efficient data-center/facility operations, but Azbil is still mostly valued as a Japanese control company.",Building automation; lifeline metering; energy efficiency retrofits.,Japan large-cap valuation; divestment effects; indirect AI exposure.,M_IEA_POWER;M_MS_POWER;M_CBRE_DC;M_SP_GLOBAL_DC;AZBIL_IR
65,30,Non-US,6965.T,Hamamatsu Photonics,Japan,Tokyo,Sensors & Measurement,"Photodetectors, imaging sensors and photonics modules",Mid-Large,Latent,64,22,14,12,13,10,7,Medium,"Photon detection is a raw-signal layer for scientific, medical, industrial and potential photonic AI systems; earnings pressure keeps enthusiasm muted.",Semiconductor instruments; LiDAR/scientific sensors; imaging recovery.,Weak operating profit; Japan photonics competition; premium history.,M_IEA_POWER;M_MS_POWER;M_CBRE_DC;M_SP_GLOBAL_DC;HAMAMATSU_IR
66,31,Non-US,6841.T,Yokogawa Electric,Japan,Tokyo,Industrial Automation & Robotics,"Industrial control, measurement and plant data systems",Large,Emerging,64,20,13,11,15,12,7,Medium,Industrial data/control systems become the interface for autonomous operations and industrial AI; Yokogawa is diversified and not a pure AI play.,Process automation upgrades; cybersecurity/DX; energy efficiency projects.,Oil/gas capex cyclicality; slow software mix; AI already mentioned in DX narrative.,M_IEA_POWER;M_MS_POWER;M_CBRE_DC;M_SP_GLOBAL_DC;YOKOGAWA_IR
70,32,Non-US,AIXA.DE,Aixtron,Germany,Xetra,Semi/Advanced Materials,Deposition equipment for compound semiconductors,Mid,Emerging,63,22,13,12,13,8,5,Speculative,"Compound semis can matter to efficient power/optics, but Aixtron remains tied to cyclical SiC/GaN expectations and investor swings.",SiC/GaN recovery; optoelectronics; data-center power devices.,Order volatility; China/EV cycles; technology concentration.,M_IEA_POWER;M_MS_POWER;M_CBRE_DC;M_SP_GLOBAL_DC
71,33,Non-US,DPLM.L,Diploma,United Kingdom,LSE,Distribution/Services,"Technical distribution in controls, seals and life sciences",Large,Emerging,63,18,11,8,15,13,2,Medium,"Windy City Wire and controls exposure touch data-center infrastructure, but Diploma’s high-quality compounder valuation reduces alpha.",Controls growth; specialist M&A; North America data-center distribution.,High multiple; M&A execution; UK/EU cyclical exposure.,M_IEA_POWER;M_MS_POWER;M_CBRE_DC;M_SP_GLOBAL_DC;DIPLOMA_IR
72,34,Non-US,SMHN.DE,SÜSS MicroTec,Germany,Xetra,Semi/Advanced Materials,"Lithography, bonding and advanced packaging tools",Mid,Discovered,63,22,10,9,17,10,5,Medium,"Advanced packaging tools are important for AI chips, but SÜSS has already been pulled into the semicap AI screen.",Hybrid bonding; advanced packaging capex; memory/logic recovery.,Cyclical semicap orders; valuation; capacity execution.,M_IEA_POWER;M_MS_POWER;M_CBRE_DC;M_SP_GLOBAL_DC
75,35,Non-US,IFCN.SW,INFICON,Switzerland,SIX,Sensors & Measurement,"Vacuum instrumentation, leak detection and process sensors",Mid-Large,Latent,62,20,13,9,15,13,8,Medium,Process sensors and leak detection are essential for fabs and high-reliability manufacturing; INFICON is high quality but expensive.,Semicap recovery; process-control intensity; industrial sensing.,Premium multiple; Swiss franc; cyclical semicap orders.,M_IEA_POWER;M_MS_POWER;M_CBRE_DC;M_SP_GLOBAL_DC
76,36,Non-US,6645.T,OMRON,Japan,Tokyo,Industrial Automation & Robotics,"Sensing, control and factory automation",Large,Emerging,62,20,12,12,14,10,6,Medium,Factory automation can become an AI deployment layer; Omron’s restructuring creates turnaround optionality but the AI linkage is not hidden.,IAB recovery; sensor/control upgrades; restructuring benefits.,Japan automation cycle; China demand; execution risk.,M_IEA_POWER;M_MS_POWER;M_CBRE_DC;M_SP_GLOBAL_DC;OMRON_IR
77,37,Non-US,VACN.SW,VAT Group,Switzerland,SIX,Semi/Advanced Materials,Vacuum valves for semiconductor equipment,Large,Emerging,62,22,9,8,16,13,6,Medium,"A dominant vacuum-valve supplier to semicap; strategically vital, but quality valuation and semicap discovery limit alpha.",Semicap capex recovery; advanced node intensity; service/aftermarket.,Premium valuation; chip capex cycle; large customer exposure.,M_IEA_POWER;M_MS_POWER;M_CBRE_DC;M_SP_GLOBAL_DC
82,38,Non-US,6506.T,Yaskawa Electric,Japan,Tokyo,Industrial Automation & Robotics,"Servos, motion control and industrial robots",Large,Emerging,60,21,9,10,15,11,6,Medium,"Robots and servo drives are obvious beneficiaries of AI-enabled factories, but Yaskawa is a known automation cyclical.",Robotics recovery; motion-control demand; China capex rebound.,China industrial weakness; competition; valuation swings.,M_IEA_POWER;M_MS_POWER;M_CBRE_DC;M_SP_GLOBAL_DC
84,39,Non-US,2395.TW,Advantech,Taiwan,TWSE,Industrial Automation & Robotics,"Industrial computers, edge devices and IoT platforms",Large,Emerging,59,21,10,9,15,10,6,Medium,"Edge AI needs rugged industrial computers; Advantech is well positioned, but it is already a recognized edge-computing supplier.",Edge AI boxes; factory IoT; industrial PC cycle recovery.,Valuation; China/industrial demand; competition.,M_IEA_POWER;M_MS_POWER;M_CBRE_DC;M_SP_GLOBAL_DC
85,40,Non-US,2308.TW,Delta Electronics,Taiwan,TWSE,Power & Components,"Power supplies, thermal management and industrial automation",Mega,Discovered,59,23,6,7,17,13,7,Medium,"Delta is deeply relevant to data-center power and cooling, but it is no longer an undiscovered AI-infrastructure supplier.",AI server power; liquid cooling; industrial automation.,Crowd discovery; high expectations; Taiwan/geopolitical risk.,M_IEA_POWER;M_MS_POWER;M_CBRE_DC;M_SP_GLOBAL_DC
87,41,Non-US,LR.PA,Legrand,France,Euronext Paris,Power & Grid,"Electrical infrastructure, racks and building systems",Large,Discovered,58,21,7,8,16,13,7,Medium,"Data-center electrical and building systems are core to Legrand, but the market increasingly recognizes this exposure.",Data-center products; building electrification; energy efficiency.,Large-cap discovery; valuation; European construction cycle.,M_IEA_POWER;M_MS_POWER;M_CBRE_DC;M_SP_GLOBAL_DC
90,42,Non-US,BESI.AS,BE Semiconductor Industries,Netherlands,Euronext Amsterdam,Semi/Advanced Materials,Die attach and hybrid bonding equipment,Large,Discovered,57,23,5,7,18,11,7,Medium,"BESI is structurally tied to advanced packaging for AI chips, but the market has long identified that thesis.",Hybrid bonding adoption; AI accelerator packaging; memory recovery.,Semicap cycle; high expectations; valuation.,M_IEA_POWER;M_MS_POWER;M_CBRE_DC;M_SP_GLOBAL_DC
91,43,Non-US,ENR.DE,Siemens Energy,Germany,Xetra,Power & Grid,"Grid equipment, gas turbines and transmission systems",Large,Discovered,57,22,6,9,17,9,6,Medium,"AI power demand helps grid/turbine suppliers, but Siemens Energy has already rerated around grid and power scarcity.",Grid backlog; turbine demand; power-system bottlenecks.,Wind turnaround; valuation after rerating; project execution.,M_IEA_POWER;M_MS_POWER;M_CBRE_DC;M_SP_GLOBAL_DC
92,44,Non-US,ASM.AS,ASM International,Netherlands,Euronext Amsterdam,Semi/Advanced Materials,Atomic layer deposition and epitaxy equipment,Large,Discovered,56,23,5,6,18,12,8,Medium,"ASM is a crucial advanced-node tool supplier, but it is already viewed as an AI semicap beneficiary.",GAA/advanced nodes; ALD intensity; AI chip capex.,Valuation; cyclical orders; export restrictions.,M_IEA_POWER;M_MS_POWER;M_CBRE_DC;M_SP_GLOBAL_DC
93,45,Non-US,5803.T,Fujikura,Japan,Tokyo,Connectivity & Photonics,"Optical fiber, cabling and data-center connectivity",Large,Discovered,55,24,2,4,18,12,5,Low,"Fujikura is a textbook example of an under-the-radar AI-infra supplier that the crowd has now discovered; useful as a control, not a fresh-alpha name.",Optical capacity; AI cluster cabling; factory expansion.,Massive rerating; expectation risk; fiber cycle.,M_IEA_POWER;M_MS_POWER;M_CBRE_DC;M_SP_GLOBAL_DC;FUJIKURA_REUTERS
95,46,Non-US,FN,Fabrinet,Cayman Islands / Thailand,NYSE,Connectivity & Photonics,Contract manufacturing for optical communications products,Large,Discovered,54,23,4,5,17,10,5,Medium,"Fabrinet makes optical equipment for AI/datacom supply chains, but it is already widely owned as an optical AI beneficiary.",800G/1.6T manufacturing; customer demand; margin stability.,Customer concentration; Thailand geopolitics/supply chain; crowding.,M_IEA_POWER;M_MS_POWER;M_CBRE_DC;M_SP_GLOBAL_DC
96,47,Non-US,CLS.TO,Celestica,Canada,TSX/NYSE,Connectivity & Services,High-complexity electronics manufacturing and AI server supply chain,Large,Discovered,53,23,3,5,18,10,6,Medium,"Celestica has strong AI server exposure, but that is precisely why it is now a discovered trade.",Hyperscaler programs; networking/server mix; margin expansion.,Crowd discovery; customer concentration; inventory cycles.,M_IEA_POWER;M_MS_POWER;M_CBRE_DC;M_SP_GLOBAL_DC
97,48,Non-US,ABBN.SW,ABB,Switzerland,SIX,Power & Grid,"Electrification, drives, automation and robotics",Mega,Discovered,52,22,4,5,17,14,10,Low,"ABB is strategically relevant to electrification and automation, but it is too large, too covered and too explicitly linked to automation for early alpha.",Electrification backlog; drives/robotics; energy efficiency.,Mega-cap valuation; global cycle; crowd ownership.,M_IEA_POWER;M_MS_POWER;M_CBRE_DC;M_SP_GLOBAL_DC
98,49,Non-US,SIE.DE,Siemens,Germany,Xetra,Industrial Automation & Robotics,"Automation, digital industries and electrification software/hardware",Mega,Discovered,50,22,4,5,17,13,11,Low,Siemens owns many AI deployment layers but is already a core global industrial-automation compounder.,Digital Industries recovery; electrification; industrial software.,Large-cap discovery; industrial cycle; conglomerate complexity.,M_IEA_POWER;M_MS_POWER;M_CBRE_DC;M_SP_GLOBAL_DC
100,50,Non-US,SU.PA,Schneider Electric,France,Euronext Paris,Power & Grid,"Energy management, data-center power and cooling infrastructure",Mega,Discovered,46,24,1,3,19,14,15,Low,"Schneider is a direct AI infrastructure winner, but the crowd has clearly found it; included as a negative-control for the alpha screen.",Data-center power/cooling demand; Southeast Asia buildout; services.,Crowded trade; premium valuation; no longer hidden.,M_IEA_POWER;M_MS_POWER;M_CBRE_DC;M_SP_GLOBAL_DC;M_SCHNEIDER_REUTERS
2,1,US,BDC,Belden,United States,NYSE,Connectivity & IT/OT,"Industrial data networking, fiber/copper connectivity and edge infrastructure",Mid,Emerging,84,23,17,15,18,12,1,High,"A quiet backbone of IT/OT convergence: industrial networks, mission-critical data movement and fiber/copper links can become the data layer for edge AI and AI-era factories.",Factory data layer upgrades; data-center/network cabling demand; margin mix shift toward solutions.,Industrial cycle; inventory digestion; competition from larger network vendors.,M_IEA_POWER;M_MS_POWER;M_CBRE_DC;M_SP_GLOBAL_DC;BELDEN_IR
3,2,US,ENS,EnerSys,United States,NYSE,Power & Grid,"Batteries, UPS backup and stored-energy systems",Mid,Latent,84,22,18,16,17,12,1,High,"AI data centers need resilient power, ride-through and backup energy; EnerSys is a power reliability supplier that is not generally treated as an AI stock.",UPS refresh cycle; grid constraints; reserve-power margin expansion.,Lead/lithium input costs; telecom capex; execution on newer energy systems.,M_IEA_POWER;M_MS_POWER;M_CBRE_DC;M_SP_GLOBAL_DC;ENERSYS_IR
5,3,US,ITRI,Itron,United States,NASDAQ,Power & Grid,"Smart meters, grid endpoints and utility data networks",Mid,Latent,82,22,17,15,17,12,1,High,The AI power bottleneck increases the value of granular grid telemetry; Itron owns installed endpoints and software needed for demand response and grid visibility.,AMI rollouts; utility resilience spending; water/energy analytics attach.,Utility procurement delays; hardware margins; project concentration.,M_IEA_POWER;M_MS_POWER;M_CBRE_DC;M_SP_GLOBAL_DC;ITRON_IR
8,4,US,ROG,Rogers,United States,NYSE,Semi/Advanced Materials,"Thermal, high-frequency and power-electronics materials",Small-Mid,Latent,80,22,18,16,15,10,1,High,"Materials that dissipate heat and route high-speed/power signals can matter to AI accelerators, power electronics and RF systems; sentiment remains cyclical and activist-sensitive.",Electronics recovery; activist pressure; thermal-interface and aerospace/defense demand.,Weak wireless/EV cycles; small scale; execution after management changes.,M_IEA_POWER;M_MS_POWER;M_CBRE_DC;M_SP_GLOBAL_DC;ROGERS_IR
11,5,US,VIAV,VIAVI Solutions,United States,NASDAQ,Connectivity & Photonics,"Optical test, assurance and timing for networks/data centers",Small-Mid,Emerging,79,23,17,15,15,10,1,High,Every AI cluster and interconnect needs verification; VIAVI is a tollbooth on optical/network testing rather than a chip hype name.,800G/1.6T testing; telecom recovery; data-center ecosystem assurance.,Carrier capex weakness; acquisition integration; pricing pressure.,M_IEA_POWER;M_MS_POWER;M_CBRE_DC;M_SP_GLOBAL_DC;VIAVI_IR
13,6,US,IPGP,IPG Photonics,United States,NASDAQ,Connectivity & Photonics,Fiber lasers and amplifiers for precision manufacturing,Mid,Latent,78,21,18,16,14,10,1,Medium,"Fiber lasers are not an AI model, but advanced manufacturing, photonics and sensor systems can pull IPG into AI-enabled industrial production.",Industrial capex recovery; laser welding/cutting automation; photonics optionality.,China competition; cyclical industrial demand; margin pressure.,M_IEA_POWER;M_MS_POWER;M_CBRE_DC;M_SP_GLOBAL_DC;IPGP_IR
15,7,US,OSIS,OSI Systems,United States,NASDAQ,Sensors & Security,"Inspection, imaging and security scanning systems",Mid,Latent,77,21,17,14,15,11,1,Medium,Security/scanning hardware creates high-value imaging data; AI inference can improve inspection throughput without OSI being priced as an AI platform.,Port/security modernization; defense and border spending; software attach.,Government-contract timing; export controls; backlog conversion.,M_IEA_POWER;M_MS_POWER;M_CBRE_DC;M_SP_GLOBAL_DC
17,8,US,ESE,ESCO Technologies,United States,NYSE,Sensors & Measurement,"RF shielding, filtration, test and utility solutions",Mid,Latent,76,20,17,15,15,11,2,Medium,"A niche measurement and shielding portfolio sits near electrification, defense electronics and test environments needed around higher-density compute.",Utility spending; aerospace/defense electronics; acquisition integration.,Niche end-market cyclicality; small-cap liquidity; multiple already quality-premium.,M_IEA_POWER;M_MS_POWER;M_CBRE_DC;M_SP_GLOBAL_DC
19,9,US,MRCY,Mercury Systems,United States,NASDAQ,Defense/Space/Edge,"Rugged edge processing, RF and mission-compute modules",Small-Mid,Latent,75,22,17,16,14,8,2,Speculative,Defense AI needs deployable compute and sensor processing; prior execution issues keep the crowd skeptical despite strategic relevance.,Defense electronics recovery; edge AI modules; operating turnaround.,Program delays; margin execution; balance-sheet and customer concentration.,M_IEA_POWER;M_MS_POWER;M_CBRE_DC;M_SP_GLOBAL_DC
20,10,US,VSH,Vishay Intertechnology,United States,NYSE,Power & Components,"Passives, discretes, sensors and power components",Mid,Latent,75,20,18,17,13,9,2,Medium,AI power chains still need mundane passives and discretes; Vishay offers cheap cyclicality and broad power-component exposure.,Inventory normalization; power-electronics demand; buybacks/capital allocation.,Commodity pricing; sluggish auto/industrial cycles; lower structural margins.,M_IEA_POWER;M_MS_POWER;M_CBRE_DC;M_SP_GLOBAL_DC
22,11,US,LFUS,Littelfuse,United States,NASDAQ,Power & Components,"Circuit protection, power semis and sensors",Mid,Latent,74,20,16,15,14,11,2,Medium,"Circuit protection and sensors become more important as data-center power density and edge devices scale, but LFUS is still viewed as a cyclical industrial/electronics compounder.",Power semiconductor recovery; data-center protection products; industrial rebound.,Auto/industrial slowdown; channel destocking; acquisition execution.,M_IEA_POWER;M_MS_POWER;M_CBRE_DC;M_SP_GLOBAL_DC
23,12,US,INTT,inTEST Corporation,United States,NYSE American,Semi/Advanced Materials,Thermal process and semiconductor test equipment,Micro-Small,Latent,74,21,19,16,13,7,2,Speculative,Tiny supplier of thermal/test capability: high optionality if AI chip packaging and burn-in/test demand broadens beyond the obvious semicap names.,Semicap recovery; advanced packaging test; operating leverage from small revenue base.,Microcap liquidity; customer concentration; cyclicality.,M_IEA_POWER;M_MS_POWER;M_CBRE_DC;M_SP_GLOBAL_DC
25,13,US,KN,Knowles,United States,NYSE,Sensors & Measurement,"MEMS microphones, capacitors and acoustic interfaces",Small,Latent,73,20,18,15,12,9,1,Speculative,Edge voice and sensor capture could become more valuable as AI moves to devices; Knowles remains a neglected component story.,Edge-AI devices; acoustic sensor wins; specialty capacitors.,Consumer electronics exposure; pricing pressure; slow design cycles.,M_IEA_POWER;M_MS_POWER;M_CBRE_DC;M_SP_GLOBAL_DC
26,14,US,WTS,Watts Water Technologies,United States,NYSE,Thermal & Water,"Valves, sensors and water/thermal controls",Mid,Latent,73,20,16,13,15,11,2,Medium,AI data centers need water stewardship and thermal control; Watts is a quiet water/flow control compounder.,Data-center water constraints; smart valve/sensor adoption; building efficiency regulation.,Residential/non-residential cycle; premium valuation; raw-material costs.,M_IEA_POWER;M_MS_POWER;M_CBRE_DC;M_SP_GLOBAL_DC
30,15,US,AZZ,AZZ Inc.,United States,NYSE,Power & Grid,Metal coatings and precoat metals for infrastructure,Mid,Latent,72,19,17,15,13,10,2,Medium,"AI data centers, substations and transmission all need protected metal infrastructure; AZZ is a second-derivative electrification pick.",Grid/industrial construction; galvanizing capacity; infrastructure spending.,Steel cycle; construction delays; less direct AI revenue linkage.,M_IEA_POWER;M_MS_POWER;M_CBRE_DC;M_SP_GLOBAL_DC;AZZ_IR
31,16,US,MTSI,MACOM Technology Solutions,United States,NASDAQ,Connectivity & Photonics,"RF, microwave, analog and optical semiconductors",Mid,Emerging,72,22,14,12,16,11,3,Medium,"MACOM sits in RF/optical signal chains that support high-speed networks and defense sensing, with less pure-AI crowding than the largest AI semis.",Optical/datacom components; defense RF demand; margin expansion.,Semiconductor cyclicality; valuation; customer concentration.,M_IEA_POWER;M_MS_POWER;M_CBRE_DC;M_SP_GLOBAL_DC
32,17,US,MKSI,MKS Instruments,United States,NASDAQ,Semi/Advanced Materials,"Vacuum, photonics, process control and advanced packaging tools",Mid,Emerging,72,22,14,13,16,11,4,Medium,"A foundational supplier to semiconductor manufacturing and packaging; less loved because of leverage/cycle concerns, but highly exposed to advanced-node capacity.",Semicap recovery; Atotech deleveraging/carve-out; packaging demand.,Debt load; chip-cycle swings; integration execution.,M_IEA_POWER;M_MS_POWER;M_CBRE_DC;M_SP_GLOBAL_DC
33,18,US,POWL,Powell Industries,United States,NASDAQ,Power & Grid,Custom switchgear and electrical power distribution systems,Mid,Emerging,72,24,11,12,19,11,5,Medium,"Switchgear is a bottleneck in data-center power delivery; Powell has real exposure, but the stock has already had a large run, lowering fresh alpha.",Utility/commercial backlog; data-center electrical rooms; capacity expansion.,Cyclical orders; crowd discovery; margin normalization after record cycle.,M_IEA_POWER;M_MS_POWER;M_CBRE_DC;M_SP_GLOBAL_DC;POWELL_IR
35,19,US,ATKR,Atkore,United States,NYSE,Power & Grid,"Electrical conduit, cable management and infrastructure products",Mid,Emerging,71,21,15,15,14,9,3,Medium,Conduit and cable management are banal but necessary in data centers and electrification builds; multiple compressed after normalization.,Electrical infrastructure projects; data-center/solar demand; portfolio simplification.,Pricing normalization; construction slowdown; commodity exposure.,M_IEA_POWER;M_MS_POWER;M_CBRE_DC;M_SP_GLOBAL_DC;ATKORE_IR
36,20,US,BMI,Badger Meter,United States,NYSE,Sensors & Measurement,Smart water meters and flow instrumentation,Mid,Latent,71,19,16,10,15,13,2,Medium,Data-center water consumption makes measurement and leak detection valuable; Badger is a premium-quality sensor/utility data play.,Smart water adoption; municipal resilience budgets; software attach.,Valuation; municipal project timing; less direct AI monetization.,M_IEA_POWER;M_MS_POWER;M_CBRE_DC;M_SP_GLOBAL_DC
38,21,US,APG,APi Group,United States,NYSE,Data Center Services,Fire/life safety and specialty services for critical facilities,Mid-Large,Emerging,70,18,15,13,15,11,2,Medium,"Safety, suppression and inspection services are mandatory in high-density data centers but usually ignored in AI supply-chain screens.",Data-center service contracts; inspection/monitoring digitization; margin expansion.,Labor costs; acquisition integration; commercial construction cycle.,M_IEA_POWER;M_MS_POWER;M_CBRE_DC;M_SP_GLOBAL_DC
39,22,US,FARO,FARO Technologies,United States,NASDAQ,Sensors & Measurement,"3D measurement, reality capture and industrial metrology",Small,Latent,70,21,18,15,12,7,3,Speculative,3D data capture is raw material for AI-enabled digital twins and robotics; the small-cap structure creates optionality and volatility.,Factory digital twins; public-safety mapping; operating leverage.,Small-cap losses/turnaround risk; competition; lumpy orders.,M_IEA_POWER;M_MS_POWER;M_CBRE_DC;M_SP_GLOBAL_DC
40,23,US,SMTC,Semtech,United States,NASDAQ,Connectivity & Components,"LoRa, signal integrity and IoT connectivity chips/modules",Small-Mid,Emerging,70,21,15,14,14,8,2,Speculative,Edge AI needs low-power connectivity and telemetry; Semtech offers IoT and high-speed signal chain optionality after a difficult acquisition cycle.,LoRa ecosystem; data-center signal products; balance-sheet improvement.,Debt/integration; telecom/IoT cyclicality; execution risk.,M_IEA_POWER;M_MS_POWER;M_CBRE_DC;M_SP_GLOBAL_DC
41,24,US,TRMB,Trimble,United States,NASDAQ,Sensors & Measurement,"Geospatial, positioning and construction data systems",Large,Latent,70,20,15,13,14,10,2,Medium,"AI models for construction, logistics and autonomy need precise geospatial data; Trimble has data and workflow positions but is not an AI narrative stock.",Construction automation; transportation optimization; subscription mix.,End-market cyclicality; portfolio complexity; software transition execution.,M_IEA_POWER;M_MS_POWER;M_CBRE_DC;M_SP_GLOBAL_DC
43,25,US,GRC,Gorman-Rupp,United States,NYSE,Thermal & Water,"Pumps for industrial, municipal and dewatering applications",Small-Mid,Latent,69,18,18,15,12,8,2,Speculative,"Water movement and cooling-adjacent pumping can become a quiet data-center infrastructure need, while GRC remains a traditional industrial name.",Municipal infrastructure; cooling/water projects; margin recovery.,Industrial cyclicality; small scale; slower growth profile.,M_IEA_POWER;M_MS_POWER;M_CBRE_DC;M_SP_GLOBAL_DC
47,26,US,MOD,Modine Manufacturing,United States,NYSE,Thermal & Water,"Data-center cooling, chillers and thermal systems",Mid,Discovered,68,24,8,9,19,11,3,Medium,"The business has clear data-center cooling leverage, but the market now recognizes it; alpha depends on execution and whether cooling remains undersupplied.",AI infrastructure orders; spin/simplification; long-term customer agreements.,Crowd discovery; customer concentration; hyperscaler self-design risk.,M_IEA_POWER;M_MS_POWER;M_CBRE_DC;M_SP_GLOBAL_DC;MODINE_AI
48,27,US,MWA,Mueller Water Products,United States,NYSE,Thermal & Water,"Water infrastructure valves, hydrants and monitoring",Mid,Latent,68,18,16,13,13,10,2,Medium,"Data-center and municipal water stress makes resilient pipes, valves and monitoring more strategic than the market usually assumes.",Municipal capex; leak detection; industrial water projects.,Municipal funding cycle; execution; indirect AI link.,M_IEA_POWER;M_MS_POWER;M_CBRE_DC;M_SP_GLOBAL_DC
49,28,US,VNT,Vontier,United States,NYSE,Sensors & Measurement,"Mobility infrastructure, diagnostics and field-device networks",Mid,Latent,68,18,17,15,12,8,2,Speculative,"Vontier owns device networks and diagnostics in mobility/retail fueling that could become edge-data infrastructure, but the AI case is early and non-consensus.",EV charging/fleet infrastructure; diagnostics software; portfolio refocus.,Fueling end-market decline; debt; uncertain AI relevance.,M_IEA_POWER;M_MS_POWER;M_CBRE_DC;M_SP_GLOBAL_DC
53,29,US,NOVT,Novanta,United States,NASDAQ,Sensors & Measurement,"Precision motion, photonics and medical/industrial subsystems",Mid,Latent,67,20,14,10,14,12,3,Medium,Precision motion and photonics subsystems support robotics and automated equipment; quality is high but valuation reduces alpha.,Advanced manufacturing; medical robotics; photonics modules.,Valuation; industrial softness; acquisition integration.,M_IEA_POWER;M_MS_POWER;M_CBRE_DC;M_SP_GLOBAL_DC
54,30,US,RRX,Regal Rexnord,United States,NYSE,Power & Components,"Motors, power transmission and automation components",Mid-Large,Latent,67,19,15,14,13,10,4,Medium,"Motors, drives and power transmission are needed in cooling, robotics and factory automation; Regal is more of a cyclical industrial synergy story than an AI story.",Industrial recovery; synergy delivery; data-center HVAC and automation demand.,Leverage; integration risk; cyclical end markets.,M_IEA_POWER;M_MS_POWER;M_CBRE_DC;M_SP_GLOBAL_DC
55,31,US,ZBRA,Zebra Technologies,United States,NASDAQ,Sensors & Measurement,"Barcode/RFID, machine vision and warehouse data capture",Large,Latent,67,20,14,12,14,10,3,Medium,"AI needs clean operational data; Zebra supplies identity, tracking and machine-vision endpoints, but warehouse spending must recover.",Retail/logistics refresh; machine vision; RFID and workflow data.,Retail capex; premium valuation; hardware cyclicality.,M_IEA_POWER;M_MS_POWER;M_CBRE_DC;M_SP_GLOBAL_DC
58,32,US,AEHR,Aehr Test Systems,United States,NASDAQ,Semi/Advanced Materials,Wafer-level burn-in and test systems,Small,Emerging,66,21,15,15,12,6,3,Speculative,"Burn-in/test could matter for high-reliability SiC and power devices around data-center power, but customer concentration is high.",SiC recovery; AI power devices; new customer wins.,Customer concentration; sharp cyclicality; small-cap volatility.,M_IEA_POWER;M_MS_POWER;M_CBRE_DC;M_SP_GLOBAL_DC
61,33,US,KEYS,Keysight Technologies,United States,NYSE,Sensors & Measurement,Electronic design/test and network emulation,Large,Emerging,65,22,11,10,16,12,6,Medium,"AI hardware and networks need test/validation; Keysight is a high-quality tollbooth, but the market already understands its semicap/test role.",800G/1.6T; chip design validation; telecom recovery.,Valuation; cyclicality; already institutionally owned.,M_IEA_POWER;M_MS_POWER;M_CBRE_DC;M_SP_GLOBAL_DC
62,34,US,SPXC,SPX Technologies,United States,NYSE,Thermal & Water,"HVAC, cooling towers and detection/measurement",Mid-Large,Discovered,65,21,9,9,17,12,3,Medium,"Data-center HVAC exposure is real, but the market has increasingly identified SPX as a cooling beneficiary, lowering discovery upside.",HVAC backlog; data-center cooling demand; bolt-on acquisitions.,Crowd discovery; valuation; HVAC order normalization.,M_IEA_POWER;M_MS_POWER;M_CBRE_DC;M_SP_GLOBAL_DC;SPX_IR
63,35,US,TDY,Teledyne Technologies,United States,NYSE,Sensors & Measurement,"Imaging sensors, instrumentation and defense/aerospace electronics",Large,Latent,65,21,12,10,14,13,5,Medium,"Teledyne owns sensor/imaging assets that feed AI models in defense, industrial and scientific markets; size and valuation reduce early-alpha asymmetry.",Defense sensing; machine vision; scientific instrumentation recovery.,Large-cap discovery; valuation; government project timing.,M_IEA_POWER;M_MS_POWER;M_CBRE_DC;M_SP_GLOBAL_DC
67,36,US,CGNX,Cognex,United States,NASDAQ,Industrial Automation & Robotics,Machine vision and industrial barcode systems,Mid,Emerging,64,21,11,11,14,10,3,Medium,Machine vision is an obvious industrial AI endpoint; the alpha comes only if factory automation capex recovers before the crowd returns.,Factory automation recovery; logistics vision; AI vision features.,Industrial capex; valuation; competitive vision software.,M_IEA_POWER;M_MS_POWER;M_CBRE_DC;M_SP_GLOBAL_DC
68,37,US,DY,Dycom Industries,United States,NYSE,Connectivity & Services,Fiber network construction and maintenance,Mid-Large,Emerging,64,20,11,12,16,9,4,Medium,AI-era distributed compute needs fiber backhaul; Dycom is a labor/capex execution play rather than a tech multiple story.,Fiber buildouts; carrier capex recovery; data-center interconnect demand.,Customer concentration; labor costs; carrier budget timing.,M_IEA_POWER;M_MS_POWER;M_CBRE_DC;M_SP_GLOBAL_DC
69,38,US,STRL,Sterling Infrastructure,United States,NASDAQ,Data Center Services,"Site development, e-infrastructure and civil construction",Mid,Discovered,64,19,10,10,16,11,2,Medium,"A data-center site-prep and e-infrastructure beneficiary, but the market has started to discover the construction angle.",Data-center campus buildout; transportation/infrastructure backlog; margins.,Construction cyclicality; valuation rerating; project execution.,M_IEA_POWER;M_MS_POWER;M_CBRE_DC;M_SP_GLOBAL_DC
73,39,US,AVT,Avnet,United States,NASDAQ,Distribution/Services,Electronic components distribution and design-chain services,Mid,Latent,63,18,17,16,10,8,6,Speculative,AI buildout eventually pulls broad component distribution; Avnet offers value/cycle exposure but lower strategic uniqueness.,Component inventory reset; AI-adjacent design wins; cash generation.,Low margins; inventory cycle; limited pricing power.,M_IEA_POWER;M_MS_POWER;M_CBRE_DC;M_SP_GLOBAL_DC
74,40,US,IESC,IES Holdings,United States,NASDAQ,Data Center Services,Electrical contracting and infrastructure services,Mid,Discovered,63,20,9,10,16,9,1,Medium,Electrical contracting is critical for data-center expansion; the small-cap angle is attractive but performance has already drawn attention.,Data-center electrical projects; residential/commercial mix shift; margin strength.,Labor constraints; project concentration; liquidity.,M_IEA_POWER;M_MS_POWER;M_CBRE_DC;M_SP_GLOBAL_DC
78,41,US,CNM,Core & Main,United States,NYSE,Thermal & Water,"Water, wastewater and storm-drainage distribution",Mid,Latent,62,17,15,11,13,10,4,Medium,"Data-center water constraints could increase the value of water infrastructure distribution, but the AI linkage is indirect.",Municipal water capex; industrial water projects; bolt-on M&A.,Valuation; housing/municipal cycle; indirect AI exposure.,M_IEA_POWER;M_MS_POWER;M_CBRE_DC;M_SP_GLOBAL_DC
79,42,US,MTZ,MasTec,United States,NYSE,Connectivity & Services,"Power, renewables, communications and civil infrastructure",Mid-Large,Emerging,62,20,11,12,16,9,6,Medium,"Grid, fiber and power construction are bottlenecks for AI campuses; MasTec is broad, cyclical and not a pure AI name.",Grid/fiber spending; renewable interconnect; data-center power access.,Project execution; leverage; labor and permitting.,M_IEA_POWER;M_MS_POWER;M_CBRE_DC;M_SP_GLOBAL_DC
80,43,US,WCC,WESCO International,United States,NYSE,Distribution/Services,"Electrical, communications and utility distribution",Mid-Large,Emerging,62,20,12,12,15,10,7,Medium,"A distributor of electrical and communications parts can quietly benefit from data-center/grid builds, though leverage and scale make it less early.",Data-center electrical supply; utility modernization; broadband build.,Leverage; cyclicality; distributor margin pressure.,M_IEA_POWER;M_MS_POWER;M_CBRE_DC;M_SP_GLOBAL_DC
81,44,US,ACM,AECOM,United States,NYSE,Data Center Services,Engineering/design for infrastructure and critical facilities,Large,Latent,61,17,14,11,13,12,6,Medium,Engineering and permitting capacity is a hidden bottleneck in power/data-center projects; AECOM is high quality but large and diversified.,Power/grid design; environmental permitting; data-center campus services.,Low direct AI mix; valuation; public-sector budget shifts.,M_IEA_POWER;M_MS_POWER;M_CBRE_DC;M_SP_GLOBAL_DC
83,45,US,HUBB,Hubbell,United States,NYSE,Power & Grid,Electrical and utility components,Large,Discovered,60,21,8,8,16,13,6,Medium,"Hubbell is a best-in-class utility/electrical supplier, but the electrification thesis is already widely owned.",Grid hardening; data-center electrical demand; utility capex.,Valuation; crowd discovery; rate-sensitive utility spending.,M_IEA_POWER;M_MS_POWER;M_CBRE_DC;M_SP_GLOBAL_DC
86,46,US,CIEN,Ciena,United States,NYSE,Connectivity & Photonics,Optical networking systems and coherent technology,Mid-Large,Discovered,59,23,8,9,16,10,7,Medium,Optical transport is core to AI-era connectivity; Ciena is not a pure AI stock but the optical thesis is increasingly obvious.,800G/1.6T transport; cloud interconnect; telecom recovery.,Carrier capex; margin volatility; crowding into optical names.,M_IEA_POWER;M_MS_POWER;M_CBRE_DC;M_SP_GLOBAL_DC
88,47,US,COHR,Coherent,United States,NYSE,Connectivity & Photonics,"Optical transceivers, lasers and advanced materials",Large,Discovered,58,24,6,7,17,10,6,Medium,"A real optical/laser AI infrastructure beneficiary, but far from undiscovered; alpha depends on sustained optical scarcity.",AI datacom transceivers; lasers; manufacturing leverage.,Debt; cyclicality; hype/expectation risk.,M_IEA_POWER;M_MS_POWER;M_CBRE_DC;M_SP_GLOBAL_DC
89,48,US,LITE,Lumentum,United States,NASDAQ,Connectivity & Photonics,"Optical components, lasers and photonics",Mid,Discovered,58,23,7,8,16,9,5,Medium,"Lumentum has clear AI datacom optics optionality, but investors increasingly screen for optical AI suppliers.",Datacom recovery; coherent optics; cloud transceiver demand.,Customer concentration; cyclicality; valuation if hype persists.,M_IEA_POWER;M_MS_POWER;M_CBRE_DC;M_SP_GLOBAL_DC
94,49,US,WOLF,Wolfspeed,United States,NYSE,Power & Components,Silicon carbide power semiconductors and materials,Small,Special Situation,55,22,17,18,13,3,18,Speculative,"SiC power devices could support high-efficiency power conversion, but financial distress overwhelms the strategic optionality.",Restructuring; SiC demand recovery; asset monetization.,Balance sheet; dilution/bankruptcy risk; EV demand weakness.,M_IEA_POWER;M_MS_POWER;M_CBRE_DC;M_SP_GLOBAL_DC
99,50,US,GLW,Corning,United States,NYSE,Connectivity & Photonics,"Fiber, optical connectivity and specialty glass",Large,Discovered,47,24,2,3,18,13,13,Low,The optical connectivity thesis is now mainstream after Nvidia/Corning news; GLW is strategically strong but not early alpha anymore.,AI fiber capacity expansion; hyperscaler deals; optical segment growth.,Major rerating already occurred; valuation; expectation risk.,M_IEA_POWER;M_MS_POWER;M_CBRE_DC;M_SP_GLOBAL_DC;M_CORNING_REUTERS
