unified_rank,ticker,normalized_ticker,name,region,country,primary_role,category,alpha_lens,coverage,unified_score,cpo_rank,cpo_score,broad_rank,broad_score,rank_gap,agreement,market_cap_b_usd,revenue_ttm_b_usd,ps_ratio,cpo_exposure_1_to_5,alpha_optionality_b_usd,alpha_optional_pct_of_market_cap,cpo_direct_connection_count,broad_connection_count,cpo_specific_public_count,cpo_public_value_chain_count,cpo_inferred_adjacency_count,confidence_tier,thesis,risk,broad_notes,research_action,latest_price,latest_currency,latest_market_cap_b_usd,latest_ytd_return_pct,market_data_as_of,market_data_source,prior_unified_rank,base_unified_score,price_rerating_penalty_score,ai2027_price_adjusted_score,ai2027_trend_bonus_score,ai2027_trend_tags,ai2027_trend_note
1,CAMT,CAMT,Camtek,Non-US,Israel,Metrology/inspection,Metrology / inspection,"Test, probe and yield control",Both bundles,99.9,9,73.0,21,70.0,12,Moderate agreement,7.90,0.48,16.46,3.0,2.38,30.13,20,64,0,8,12,High: cross-bundle with public value-chain support,Smaller inspection beneficiary of advanced packaging/AI chiplet complexity.,Advanced packaging capex cycle,Advanced packaging/compound semiconductor inspection exposure.,"Make this a first-pass diligence name: bridge product exposure to AI networking demand, then test valuation, customer concentration and capacity-cycle risk.",171.2,USD,7.90,48.23,2026-06-23,https://finance.yahoo.com/quote/CAMT/,1,90.9,0.0,90.9,9.0,"compute_factory,packaging_memory_test","AI 2027/current overlay: compute_factory,packaging_memory_test; bonus +9.0 after cap/YTD discipline."
2,PLAB,PLAB,Photronics,US,United States,Materials/photomasks,Materials / photomasks,Substrate and materials constraint,Both bundles,98.7,15,70.0,12,73.9,3,Strong agreement,1.98,0.90,2.20,2.0,0.63,31.77,20,33,0,14,6,High: cross-bundle with public value-chain support,Low-profile cash-generative photomask supplier; levered to design complexity more than headlines.,Mask pricing/cycle,Photomask cash flows across display/IC; stable but less explosive.,"Make this a first-pass diligence name: bridge product exposure to AI networking demand, then test valuation, customer concentration and capacity-cycle risk.",31.83,USD,1.98,-4.73,2026-06-23,https://finance.yahoo.com/quote/PLAB/,2,88.7,0.0,88.7,10.0,"compute_factory,packaging_memory_test","AI 2027/current overlay: compute_factory,packaging_memory_test; bonus +10.0 after cap/YTD discipline."
3,3661.TW,3661.TW,Alchip Technologies,Non-US,Taiwan,Design services/ASIC,AI ASIC / design services,"Foundry, ASIC and design enablement",Both bundles,97.1,17,69.0,20,70.2,3,Strong agreement,11.87,0.90,13.19,3.0,2.48,20.90,20,57,0,9,11,High: cross-bundle with public value-chain support,Custom ASIC services are leveraged to hyperscaler AI silicon; optical attach is indirect.,Customer concentration and AI project timing,Custom AI ASIC design-services lever; customer concentration and export risk.,Use as a cross-validated watchlist name: compare why each bundle scored it differently before assigning portfolio weight or research time.,4375.0,TWD,11.87,20.36,2026-06-23,https://finance.yahoo.com/quote/3661.TW/,3,88.6,0.0,88.6,8.5,"compute_factory,packaging_memory_test","AI 2027/current overlay: compute_factory,packaging_memory_test; bonus +8.5 after cap/YTD discipline."
4,COHR,COHR,Coherent,US,United States,Photonics/optical components,Photonics / CPO,Optics / CPO leverage,Both bundles,95.2,6,76.0,32,67.0,26,Useful disagreement,77.34,5.80,13.33,5.0,10.81,13.98,20,34,0,11,9,High: cross-bundle with public value-chain support,"NVIDIA partnership validates datacenter optics; upside depends on capacity, margins and repeat orders.",Large recent rerating; execution/capacity build risk,"Broad optical component supplier: lasers, indium phosphide, SiPh, transceivers and materials.",Use as a cross-validated watchlist name: compare why each bundle scored it differently before assigning portfolio weight or research time.,390.8,USD,77.34,101.1,2026-06-23,https://finance.yahoo.com/quote/COHR/,4,92.1,1.7,90.4,4.8,"compute_factory,packaging_memory_test,power_grid","AI 2027/current overlay: compute_factory,packaging_memory_test,power_grid; bonus +4.8 after cap/YTD discipline."
5,LASR,LASR,nLIGHT,US,United States,High-power semiconductor/fiber lasers,Photonics / lasers,Optics / CPO leverage,Broad bundle only,95.0,,,8,75.3,,Single-bundle signal,3.68,0.26,14.15,,,,,35,,,,"Medium: broad map supported, single bundle",Highest-priority alpha screen: strong AI/CPO/advanced-packaging theme plus smaller or less fully penetrated market-cap base.,Single-bundle validation risk,Laser platform with possible datacenter/industrial/defense optionality; needs visible AI optical revenue conversion.,"Treat as a discovery candidate: validate liquidity, filings, customer proof and whether the broad-alpha signal survives outside the CPO map.",66.24,USD,3.68,72.63,2026-06-23,https://finance.yahoo.com/quote/LASR/,5,85.0,0.0,85.0,10.0,"compute_factory,packaging_memory_test,power_grid","AI 2027/current overlay: compute_factory,packaging_memory_test,power_grid; bonus +10.0 after cap/YTD discipline."
6,POET,POET,POET Technologies,Non-US,Canada,Photonics/optical engines,Photonics / CPO,Optics / CPO leverage,Both bundles,93.1,23,66.0,33,66.1,10,Strong agreement,1.90,0.00,447.00,5.0,0.29,15.27,20,37,1,9,10,High: cross-bundle with public value-chain support,Pure-play optical interposer/CPO optionality with very high upside and very high execution/disclosure risk.,"Pre-scale revenue, volatility, customer/order uncertainty",High-upside CPO optical-engine story; major caveat is cancellation of Celestial AI purchase orders after Marvell acquisition.,Use as a cross-validated watchlist name: compare why each bundle scored it differently before assigning portfolio weight or research time.,11.0,USD,1.90,53.63,2026-06-23,https://finance.yahoo.com/quote/POET/,7,83.1,0.0,83.1,10.0,"compute_factory,packaging_memory_test,power_grid","AI 2027/current overlay: compute_factory,packaging_memory_test,power_grid; bonus +10.0 after cap/YTD discipline."
7,VECO,VECO,Veeco Instruments,US,United States,Equipment,Compound / equipment,Wafer equipment and process tools,Both bundles,91.7,13,71.0,6,76.3,7,Strong agreement,4.57,0.70,6.53,3.0,0.76,16.63,20,60,0,8,12,High: cross-bundle with public value-chain support,"Small-cap picks-and-shovels exposure to compound semis, photonics and advanced packaging.",Tool cycle and concentration,Compound semiconductor and advanced-node process tools; CPO/SiPh adjacency through photonics materials.,"Make this a first-pass diligence name: bridge product exposure to AI networking demand, then test valuation, customer concentration and capacity-cycle risk.",74.66,USD,4.57,144.47,2026-06-23,https://finance.yahoo.com/quote/VECO/,8,95.3,4.6,90.7,1.0,"compute_factory,packaging_memory_test","AI 2027/current overlay: compute_factory,packaging_memory_test; bonus +1.0 after cap/YTD discipline."
8,SKYT,SKYT,SkyWater Technology,US,United States,Trusted/specialty foundry,Foundry / specialty,"Foundry, ASIC and design enablement",Broad bundle only,90.9,,,4,77.8,,Single-bundle signal,1.80,0.44,4.09,,,,,39,,,,"Medium: broad map supported, single bundle",Highest-priority alpha screen: strong AI/CPO/advanced-packaging theme plus smaller or less fully penetrated market-cap base.,Single-bundle validation risk,Small public foundry with CHIPS/security optionality; margins and scale remain constraints.,"Treat as a discovery candidate: validate liquidity, filings, customer proof and whether the broad-alpha signal survives outside the CPO map.",36.44,USD,1.80,62.46,2026-06-23,https://finance.yahoo.com/quote/SKYT/,9,80.9,0.0,80.9,10.0,"compute_factory,packaging_memory_test,security_sovereign","AI 2027/current overlay: compute_factory,packaging_memory_test,security_sovereign; bonus +10.0 after cap/YTD discipline."
9,MTSI,MTSI,MACOM Technology Solutions,US,United States,Photonics/RF/connectivity,RF / photonics,Optics / CPO leverage,Both bundles,90.5,1,84.0,30,67.9,29,Useful disagreement,28.43,0.75,37.91,4.0,7.16,25.19,20,60,0,13,6,High: cross-bundle with public value-chain support,Strong 200G/lane optical/copper interconnect exposure with smaller market cap than the already-crowded optics winners.,Cyclical RF/industrial and execution risk,"Laser drivers, TIAs and high-speed semis used around optical interconnects.","Make this a first-pass diligence name: bridge product exposure to AI networking demand, then test valuation, customer concentration and capacity-cycle risk.",371.75,USD,28.43,112.48,2026-06-23,https://finance.yahoo.com/quote/MTSI/,10,92.5,2.5,90.0,0.5,"compute_factory,packaging_memory_test","AI 2027/current overlay: compute_factory,packaging_memory_test; bonus +0.5 after cap/YTD discipline."
10,SMTC,SMTC,Semtech,US,United States,Signal integrity/optical IC,Optical / signal integrity,Optics / CPO leverage,Both bundles,90.3,3,78.0,18,71.6,15,Moderate agreement,15.34,0.90,17.04,3.0,3.22,20.99,20,34,0,14,6,High: cross-bundle with public value-chain support,Smaller-cap signal-integrity/optical leverage; credible second-derivative AI networking exposure.,Turnaround and product-cycle risk,Optical PMD and high-speed signal products can benefit from data-center optical upgrade cycles.,"Make this a first-pass diligence name: bridge product exposure to AI networking demand, then test valuation, customer concentration and capacity-cycle risk.",164.14,USD,15.34,118.1,2026-06-23,https://finance.yahoo.com/quote/SMTC/,11,92.7,2.9,89.8,0.5,"compute_factory,packaging_memory_test","AI 2027/current overlay: compute_factory,packaging_memory_test; bonus +0.5 after cap/YTD discipline."
11,AMKR,AMKR,Amkor Technology,US,United States,OSAT/Packaging,Packaging / OSAT,Advanced packaging bottleneck,Both bundles,89.0,26,65.0,13,73.3,13,Moderate agreement,21.64,6.50,3.33,3.0,2.98,13.77,20,27,0,7,13,High-medium: cross-bundle agreement,"Packaging/test leverage to AI chiplets and optical modules, less crowded than front-end equipment.",OSAT cyclicality and pricing,Advanced packaging and test leverage AI/networking chips; margins lower than design IP.,Use as a cross-validated watchlist name: compare why each bundle scored it differently before assigning portfolio weight or research time.,87.055,USD,21.64,102.83,2026-06-23,https://finance.yahoo.com/quote/AMKR/,6,87.4,1.9,85.5,3.5,"compute_factory,packaging_memory_test,security_sovereign","AI 2027/current overlay: compute_factory,packaging_memory_test,security_sovereign; bonus +3.5 after cap/YTD discipline."
12,6525.T,6525.T,Kokusai Electric,Non-US,Japan,Batch deposition/thermal processing WFE,Wafer equipment,Substrate and materials constraint,Broad bundle only,88.5,,,17,71.7,,Single-bundle signal,10.46,2.00,5.23,,,,,94,,,,"Medium: broad map supported, single bundle","Positive alpha screen: attractive theme but either valuation, risk, scale, or crowding reduces asymmetry.",Single-bundle validation risk,Deposition/thermal process exposure to memory/logic capex.,"Treat as a discovery candidate: validate liquidity, filings, customer proof and whether the broad-alpha signal survives outside the CPO map.",9271.0,JPY,10.46,55.84,2026-06-23,https://finance.yahoo.com/quote/6525.T/,13,80.5,0.0,80.5,8.0,"packaging_memory_test,power_grid","AI 2027/current overlay: packaging_memory_test,power_grid; bonus +8.0 after cap/YTD discipline."
13,BESI.AS,BESI.AS,BE Semiconductor Industries,Non-US,Netherlands,OSAT/Packaging equipment,Packaging / equipment,Advanced packaging bottleneck,Both bundles,84.0,12,72.0,39,64.1,27,Useful disagreement,28.87,0.90,32.08,4.0,5.19,17.98,20,86,0,7,13,High: cross-bundle with public value-chain support,Hybrid bonding/advanced packaging is a direct enabler for chiplets and photonic integration.,Advanced packaging cycle,Hybrid bonding/advanced packaging equipment beta.,Use as a cross-validated watchlist name: compare why each bundle scored it differently before assigning portfolio weight or research time.,296.8,EUR,28.87,99.06,2026-06-23,https://finance.yahoo.com/quote/BESI.AS/,17,86.1,1.6,84.5,-0.5,packaging_memory_test,AI 2027/current overlay: packaging_memory_test; bonus -0.5 after cap/YTD discipline.
14,NVMI,NVMI,Nova,Non-US,Israel,Metrology/inspection,Metrology / inspection,"Test, probe and yield control",Both bundles,83.9,8,74.0,48,62.9,40,Useful disagreement,16.94,0.60,28.23,3.0,4.03,23.79,20,38,0,8,12,High-medium: cross-bundle agreement,"Underrated metrology beneficiary of complex advanced nodes, packaging, HBM and photonics yields.",Capex volatility,Optical/X-ray metrology beneficiary of advanced-node and packaging complexity.,Use as a cross-validated watchlist name: compare why each bundle scored it differently before assigning portfolio weight or research time.,530.9,USD,16.94,52.85,2026-06-23,https://finance.yahoo.com/quote/NVMI/,15,81.4,0.0,81.4,2.5,packaging_memory_test,AI 2027/current overlay: packaging_memory_test; bonus +2.5 after cap/YTD discipline.
15,ONTO,ONTO,Onto Innovation,US,United States,Metrology/inspection,Metrology / inspection,"Test, probe and yield control",Both bundles,82.5,18,69.0,35,65.6,17,Moderate agreement,15.85,1.10,14.41,3.0,3.22,20.32,20,38,0,8,12,High-medium: cross-bundle agreement,Advanced packaging process control is a CPO/AI interconnect choke point.,Capex cycle and high expectations,Advanced packaging and specialty-device inspection beneficiary.,Use as a cross-validated watchlist name: compare why each bundle scored it differently before assigning portfolio weight or research time.,317.565,USD,15.85,91.45,2026-06-23,https://finance.yahoo.com/quote/ONTO/,14,80.1,1.1,79.0,3.5,"compute_factory,packaging_memory_test","AI 2027/current overlay: compute_factory,packaging_memory_test; bonus +3.5 after cap/YTD discipline."
16,RMBS,RMBS,Rambus,US,United States,Memory interface/IP,Memory interface/IP,Memory and AI-server pull,CPO bundle only,80.7,33,61.0,,,,Single-bundle signal,13.96,,,2.0,1.61,11.53,20,,0,14,6,Medium: CPO source-map supported,"HBM and memory-interface leverage into AI clusters, indirect CPO benefit.",IP/product mix and memory cycle,,"Treat as a CPO-specific catalyst candidate: verify direct design wins, named ecosystem evidence and whether optical adoption is already priced in.",129.725,USD,13.96,30.67,2026-06-23,https://finance.yahoo.com/quote/RMBS/,21,72.2,0.0,72.2,8.5,"compute_factory,packaging_memory_test","AI 2027/current overlay: compute_factory,packaging_memory_test; bonus +8.5 after cap/YTD discipline."
17,ENTG,ENTG,Entegris,US,United States,Materials,Materials / consumables,Substrate and materials constraint,Both bundles,80.3,21,67.0,34,65.6,13,Moderate agreement,28.02,3.50,8.01,2.0,3.11,11.10,20,33,0,14,6,High: cross-bundle with public value-chain support,Materials purity and advanced packaging/foundry spend provide underappreciated picks-and-shovels exposure.,"Leverage, capex cycle",Recurring consumables/materials cash flows for leading-edge fabs and advanced packaging.,Use as a cross-validated watchlist name: compare why each bundle scored it differently before assigning portfolio weight or research time.,167.72,USD,28.02,87.27,2026-06-23,https://finance.yahoo.com/quote/ENTG/,16,81.6,0.8,80.8,-0.5,packaging_memory_test,AI 2027/current overlay: packaging_memory_test; bonus -0.5 after cap/YTD discipline.
18,6488.TW,6488.TW,GlobalWafers,Non-US,Taiwan,Materials,Materials / wafers,Substrate and materials constraint,Both bundles,79.2,16,70.0,19,71.3,3,Strong agreement,16.85,2.50,6.74,2.0,1.84,10.92,20,33,0,14,6,High: cross-bundle with public value-chain support,Less glamorous materials lever to semiconductor build-out; CPO indirect.,Wafer cycle and capex,Silicon wafer supplier to foundries/IDMs; volume and ASP leverage to fab starts.,"Make this a first-pass diligence name: bridge product exposure to AI networking demand, then test valuation, customer concentration and capacity-cycle risk.",1010.0,TWD,16.85,150.62,2026-06-23,https://finance.yahoo.com/quote/6488.TWO/,12,87.7,5.0,82.7,-3.5,"compute_factory,packaging_memory_test","AI 2027/current overlay: compute_factory,packaging_memory_test; bonus -3.5 after cap/YTD discipline."
19,AIXA.DE,AIXA.DE,Aixtron,Non-US,Germany,Equipment,Compound equipment,Wafer equipment and process tools,Both bundles,78.3,5,76.0,31,67.8,26,Useful disagreement,7.76,0.70,11.08,3.0,1.87,24.11,20,60,0,10,10,High: cross-bundle with public value-chain support,"Small, underfollowed compound-semiconductor equipment lever to lasers and photonic devices.",LED/SiC/photonics capex volatility,"MOCVD equipment lever to GaN, SiC, lasers and compound photonics.","Make this a first-pass diligence name: bridge product exposure to AI networking demand, then test valuation, customer concentration and capacity-cycle risk.",55.42,EUR,7.76,182.9,2026-06-23,https://finance.yahoo.com/quote/AIXA.DE/,27,87.9,6.6,81.3,-3.0,"compute_factory,packaging_memory_test","AI 2027/current overlay: compute_factory,packaging_memory_test; bonus -3.0 after cap/YTD discipline."
20,2301.TW,2301.TW,LITEON Technology,Non-US,Taiwan,Optoelectronic modules,Optical / power modules,Optics / CPO leverage,Both bundles,78.2,70,45.0,7,75.9,63,Major disagreement,16.60,5.00,3.32,4.0,0.00,0.00,20,60,0,11,9,High: cross-bundle with public value-chain support,"Public CPO/AI optical module adjacency via POET collaboration, but diversified electronics profile dilutes pure alpha.",Electronics margin/cycle; not pure semiconductor,Power/optoelectronic modules; adjacent to optical supply chain.,Use as a cross-validated watchlist name: compare why each bundle scored it differently before assigning portfolio weight or research time.,223.5,TWD,16.60,33.83,2026-06-23,https://finance.yahoo.com/quote/2301.TW/,23,68.2,0.0,68.2,10.0,"packaging_memory_test,power_grid","AI 2027/current overlay: packaging_memory_test,power_grid; bonus +10.0 after cap/YTD discipline."
21,FORM,FORM,FormFactor,US,United States,Test/probe,Test / probe,"Test, probe and yield control",Both bundles,78.0,19,68.0,27,68.2,8,Strong agreement,11.16,0.80,13.95,3.0,2.40,21.50,20,64,0,8,12,High: cross-bundle with public value-chain support,"Wafer-level test and known-good-die leverage into HBM, chiplets and photonics.",Memory/logic probe-card cycle,"Probe-card exposure to HBM, logic, and advanced packaging test complexity.",Use as a cross-validated watchlist name: compare why each bundle scored it differently before assigning portfolio weight or research time.,143.01,USD,11.16,141.61,2026-06-23,https://finance.yahoo.com/quote/FORM/,19,85.9,4.4,81.5,-3.5,packaging_memory_test,AI 2027/current overlay: packaging_memory_test; bonus -3.5 after cap/YTD discipline.
22,GFS,GFS,GlobalFoundries,US,United States,Foundry,Foundry / specialty,"Foundry, ASIC and design enablement",Both bundles,77.7,29,64.0,29,68.1,0,Strong agreement,46.09,6.80,6.78,3.0,4.00,8.68,20,39,0,7,13,High-medium: cross-bundle agreement,Specialty foundry and silicon photonics-adjacent processes can benefit as optical engines scale.,Utilization and foundry cycle,Specialty foundry with RF-SOI relationship to Soitec; potential SiPh/specialty process leverage.,Use as a cross-validated watchlist name: compare why each bundle scored it differently before assigning portfolio weight or research time.,83.8,USD,46.09,127.29,2026-06-23,https://finance.yahoo.com/quote/GFS/,26,81.9,3.5,78.4,-0.7,"compute_factory,packaging_memory_test","AI 2027/current overlay: compute_factory,packaging_memory_test; bonus -0.7 after cap/YTD discipline."
23,6920.T,6920.T,Lasertec,Non-US,Japan,Metrology/inspection,Metrology / inspection,"Test, probe and yield control",Both bundles,76.5,28,64.0,40,64.0,12,Moderate agreement,31.95,1.30,24.58,2.0,2.86,8.95,20,39,0,8,12,High-medium: cross-bundle agreement,"Mask/yield control for advanced lithography, indirect but scarce.",Semicap spending volatility,EUV mask inspection choke point; valuation/cycle risk.,Use as a cross-validated watchlist name: compare why each bundle scored it differently before assigning portfolio weight or research time.,52000.0,JPY,31.95,63.99,2026-06-23,https://finance.yahoo.com/quote/6920.T/,20,75.2,0.0,75.2,1.3,packaging_memory_test,AI 2027/current overlay: packaging_memory_test; bonus +1.3 after cap/YTD discipline.
24,CRDO,CRDO,Credo Technology,US,United States,Connectivity/SerDes/AEC,AI interconnect,Optics / CPO leverage,Both bundles,76.1,7,75.0,92,46.1,85,Major disagreement,50.71,0.60,84.51,5.0,7.39,14.57,20,58,0,12,8,High: cross-bundle with public value-chain support,One of the closest public cable/connectivity pure plays; DustPhotonics acquisition adds SiPho/CPO optionality.,"Revenue concentration, high multiple after repricing",Electrical and optical connectivity silicon for AI data-center networks; already strongly discovered.,Use as a cross-validated watchlist name: compare why each bundle scored it differently before assigning portfolio weight or research time.,270.75,USD,50.71,89.04,2026-06-23,https://finance.yahoo.com/quote/CRDO/,22,69.2,0.9,68.3,7.8,"compute_factory,packaging_memory_test,power_grid","AI 2027/current overlay: compute_factory,packaging_memory_test,power_grid; bonus +7.8 after cap/YTD discipline."
25,IPGP,IPGP,IPG Photonics,US,United States,Photonics/lasers,Photonics/lasers,Optics / CPO leverage,CPO bundle only,76.0,31,62.0,,,,Single-bundle signal,5.02,,,2.0,0.74,14.74,20,,0,10,10,Medium: CPO source-map supported,"Photonics expertise, but CPO data-center revenue path less direct than COHR/LITE/MTSI.",Industrial laser cycle,,"Treat as a CPO-specific catalyst candidate: verify direct design wins, named ecosystem evidence and whether optical adoption is already priced in.",109.29,USD,5.02,46.03,2026-06-23,https://finance.yahoo.com/quote/IPGP/,32,71.0,0.0,71.0,5.0,packaging_memory_test,AI 2027/current overlay: packaging_memory_test; bonus +5.0 after cap/YTD discipline.
26,ASM.AS,ASM.AS,ASM International,Non-US,Netherlands,Equipment,Wafer equipment,Substrate and materials constraint,Both bundles,74.1,22,67.0,53,61.4,31,Useful disagreement,54.17,3.00,18.06,2.0,4.60,8.49,20,92,0,8,12,High: cross-bundle with public value-chain support,ALD/epi complexity benefits from advanced nodes and photonics manufacturing.,Front-end capex cycle,ALD process intensity at advanced nodes and 3D structures.,Use as a cross-validated watchlist name: compare why each bundle scored it differently before assigning portfolio weight or research time.,994.0,EUR,54.17,79.49,2026-06-23,https://finance.yahoo.com/quote/ASM.AS/,29,76.1,0.3,75.8,-1.7,packaging_memory_test,AI 2027/current overlay: packaging_memory_test; bonus -1.7 after cap/YTD discipline.
27,5347.TWO,5347.TW,Vanguard International Semiconductor,Non-US,Taiwan,Specialty foundry,Foundry / specialty,"Foundry, ASIC and design enablement",Broad bundle only,73.8,,,24,69.1,,Single-bundle signal,10.96,1.50,7.31,,,,,39,,,,"Medium: broad map supported, single bundle","Positive alpha screen: attractive theme but either valuation, risk, scale, or crowding reduces asymmetry.",Single-bundle validation risk,Specialty/mature-node foundry cash flows.,"Treat as a discovery candidate: validate liquidity, filings, customer proof and whether the broad-alpha signal survives outside the CPO map.",186.5,TWD,10.96,102.06,2026-06-23,https://finance.yahoo.com/quote/5347.TWO/,18,75.1,1.8,73.3,0.5,"compute_factory,packaging_memory_test","AI 2027/current overlay: compute_factory,packaging_memory_test; bonus +0.5 after cap/YTD discipline."
28,ACMR,ACMR,ACM Research,US,United States,Equipment,Wafer equipment,Substrate and materials constraint,Both bundles,73.5,42,57.0,15,72.0,27,Useful disagreement,6.93,0.70,9.89,2.0,0.34,4.91,20,93,0,8,12,High: cross-bundle with public value-chain support,Small-cap equipment exposure to foundry/process complexity; high geopolitical risk.,China exposure and policy risk,China/Asia WFE growth lever with geopolitical and customer concentration risk.,Use as a cross-validated watchlist name: compare why each bundle scored it differently before assigning portfolio weight or research time.,98.61,USD,6.93,119.72,2026-06-23,https://finance.yahoo.com/quote/ACMR/,28,79.5,3.0,76.5,-3.0,packaging_memory_test,AI 2027/current overlay: packaging_memory_test; bonus -3.0 after cap/YTD discipline.
29,LITE,LITE,Lumentum,US,United States,Photonics/optical components,Photonics / CPO,Optics / CPO leverage,Both bundles,73.2,4,77.0,94,44.7,90,Major disagreement,64.75,1.60,40.47,5.0,10.97,16.94,20,35,0,10,10,High: cross-bundle with public value-chain support,"NVIDIA $2B investment and purchase commitments make it a direct laser/ELS candidate, but the market has noticed.",Very large recent rerating; customer/capacity risk,ELSFP-350 is marketed as a high-power external light-source module for CPO systems in AI/cloud data centers.,Use as a cross-validated watchlist name: compare why each bundle scored it differently before assigning portfolio weight or research time.,831.16,USD,64.75,115.27,2026-06-23,https://finance.yahoo.com/quote/LITE/,35,71.1,2.7,68.4,4.8,"compute_factory,packaging_memory_test,power_grid","AI 2027/current overlay: compute_factory,packaging_memory_test,power_grid; bonus +4.8 after cap/YTD discipline."
30,002371.SZ,002371.SZ,NAURA Technology,Non-US,China,Equipment,Wafer equipment,Substrate and materials constraint,Both bundles,73.1,27,65.0,66,56.9,39,Useful disagreement,79.65,3.50,22.76,2.0,4.55,5.71,20,94,0,8,12,High: cross-bundle with public value-chain support,China equipment localization scarcity; indirect CPO/foundry capex exposure.,"Policy, valuation, export controls",China WFE localization lever; geopolitical limits and valuation risk.,Use as a cross-validated watchlist name: compare why each bundle scored it differently before assigning portfolio weight or research time.,747.49,CNY,79.65,57.53,2026-06-23,https://finance.yahoo.com/quote/002371.SZ/,34,68.8,0.0,68.8,4.3,"packaging_memory_test,security_sovereign","AI 2027/current overlay: packaging_memory_test,security_sovereign; bonus +4.3 after cap/YTD discipline."
31,688012.SS,688012.SS,AMEC,Non-US,China,Equipment,Equipment,Wafer equipment and process tools,CPO bundle only,73.0,25,66.0,,,,Single-bundle signal,51.51,,,2.0,3.75,7.28,20,,0,8,12,Low-medium: single-bundle or inference-heavy,Domestic tools and compound semiconductor/photonic processing optionality.,China policy and competition,,"Treat as a CPO-specific catalyst candidate: verify direct design wins, named ecosystem evidence and whether optical adoption is already priced in.",371.72,CNY,51.51,77.9,2026-06-23,https://finance.yahoo.com/quote/688012.SS/,24,74.9,0.2,74.7,-1.7,packaging_memory_test,AI 2027/current overlay: packaging_memory_test; bonus -1.7 after cap/YTD discipline.
32,0522.HK,0522.HK,ASMPT,Non-US,Hong Kong/Singapore,Packaging and SMT equipment,Packaging / equipment,Advanced packaging bottleneck,Broad bundle only,72.2,,,16,71.8,,Single-bundle signal,9.41,1.80,5.23,,,,,88,,,,"Medium: broad map supported, single bundle","Positive alpha screen: attractive theme but either valuation, risk, scale, or crowding reduces asymmetry.",Single-bundle validation risk,Assembly/packaging equipment lever; advanced packaging optionality.,"Treat as a discovery candidate: validate liquidity, filings, customer proof and whether the broad-alpha signal survives outside the CPO map.",194.7,HKD,9.41,139.78,2026-06-23,https://finance.yahoo.com/quote/0522.HK/,39,79.5,4.3,75.2,-3.0,packaging_memory_test,AI 2027/current overlay: packaging_memory_test; bonus -3.0 after cap/YTD discipline.
33,SNPS,SNPS,Synopsys,US,United States,EDA/IP,EDA / IP,"Foundry, ASIC and design enablement",Both bundles,71.6,46,55.0,71,54.8,25,Moderate agreement,89.67,7.00,12.81,2.0,2.92,3.26,20,22,0,5,15,High-medium: cross-bundle agreement,"Design complexity and photonics/chiplet verification leverage, but large and discovered.",Integration/regulatory and valuation,EDA subscription/maintenance cash flows tied to chip design complexity.,Use as a cross-validated watchlist name: compare why each bundle scored it differently before assigning portfolio weight or research time.,470.72,USD,89.67,-2.02,2026-06-23,https://finance.yahoo.com/quote/SNPS/,41,61.6,0.0,61.6,10.0,"compute_factory,packaging_memory_test,security_sovereign","AI 2027/current overlay: compute_factory,packaging_memory_test,security_sovereign; bonus +10.0 after cap/YTD discipline."
34,0981.HK,0981.HK,SMIC,Non-US,China,Foundry,Foundry / logic,"Foundry, ASIC and design enablement",Both bundles,71.4,53,52.0,58,59.2,5,Strong agreement,103.46,8.00,12.93,2.0,1.80,1.74,20,39,0,7,13,High-medium: cross-bundle agreement,China localization optionality; CPO exposure indirect and restricted by tools.,Export controls and node gap,China localization foundry lever; export controls and node limits are core risks.,Use as a cross-validated watchlist name: compare why each bundle scored it differently before assigning portfolio weight or research time.,77.85,HKD,103.46,3.66,2026-06-23,https://finance.yahoo.com/quote/0981.HK/,37,62.4,0.0,62.4,9.0,"compute_factory,packaging_memory_test,security_sovereign","AI 2027/current overlay: compute_factory,packaging_memory_test,security_sovereign; bonus +9.0 after cap/YTD discipline."
35,PDFS,PDFS,PDF Solutions,US,United States,Yield analytics/software for semis,EDA / analytics,"Foundry, ASIC and design enablement",Broad bundle only,71.4,,,26,68.6,,Single-bundle signal,2.55,0.21,12.15,,,,,22,,,,Low-medium: single-bundle or inference-heavy,"Positive alpha screen: attractive theme but either valuation, risk, scale, or crowding reduces asymmetry.",Single-bundle validation risk,Analytics layer for fab/yield optimization; software-like economics but small scale.,"Treat as a discovery candidate: validate liquidity, filings, customer proof and whether the broad-alpha signal survives outside the CPO map.",60.89,USD,2.55,106.06,2026-06-23,https://finance.yahoo.com/quote/PDFS/,33,72.0,2.1,69.9,1.5,"compute_factory,packaging_memory_test","AI 2027/current overlay: compute_factory,packaging_memory_test; bonus +1.5 after cap/YTD discipline."
36,3443.TW,3443.TW,Global Unichip,Non-US,Taiwan,Design services/ASIC,AI ASIC / design services,"Foundry, ASIC and design enablement",Both bundles,71.4,20,68.0,41,63.9,21,Moderate agreement,20.14,0.90,22.37,3.0,3.43,17.03,20,57,0,9,11,High: cross-bundle with public value-chain support,Custom silicon design-services leverage as hyperscalers architect custom AI systems.,Customer/project concentration,TSMC-linked ASIC services levered to custom AI chip demand.,Use as a cross-validated watchlist name: compare why each bundle scored it differently before assigning portfolio weight or research time.,4725.0,TWD,20.14,116.25,2026-06-23,https://finance.yahoo.com/quote/3443.TW/,31,78.2,2.8,75.4,-4.0,compute_factory,AI 2027/current overlay: compute_factory; bonus -4.0 after cap/YTD discipline.
37,COHU,COHU,Cohu,US,United States,Semiconductor test/inspection handlers,Test / inspection,"Test, probe and yield control",Broad bundle only,70.6,,,10,74.6,,Single-bundle signal,3.27,0.45,7.27,,,,,39,,,,"Medium: broad map supported, single bundle","Positive alpha screen: attractive theme but either valuation, risk, scale, or crowding reduces asymmetry.",Single-bundle validation risk,Test handlers and inspection for automotive/industrial/communications semis.,"Treat as a discovery candidate: validate liquidity, filings, customer proof and whether the broad-alpha signal survives outside the CPO map.",64.4,USD,3.27,161.68,2026-06-23,https://finance.yahoo.com/quote/COHU/,30,83.2,5.6,77.6,-7.0,packaging_memory_test,AI 2027/current overlay: packaging_memory_test; bonus -7.0 after cap/YTD discipline.
38,3529.TWO,3529.TW,eMemory Technology,Non-US,Taiwan,Embedded NVM IP,IP / embedded memory,Memory and AI-server pull,Broad bundle only,70.4,,,45,63.3,,Single-bundle signal,7.51,0.25,30.02,,,,,47,,,,"Medium: broad map supported, single bundle","Watchlist: useful ecosystem node, but evidence of under-discovery or upside-to-valuation is mixed.",Single-bundle validation risk,IP royalty/licensing cash flows for embedded NVM in specialty foundry nodes.,"Treat as a discovery candidate: validate liquidity, filings, customer proof and whether the broad-alpha signal survives outside the CPO map.",3185.0,TWD,7.51,85.17,2026-06-23,https://finance.yahoo.com/quote/3529.TWO/,40,61.6,0.7,60.9,9.5,"compute_factory,packaging_memory_test,power_grid","AI 2027/current overlay: compute_factory,packaging_memory_test,power_grid; bonus +9.5 after cap/YTD discipline."
39,7735.T,7735.T,SCREEN Holdings,Non-US,Japan,Equipment,Wafer equipment,Substrate and materials constraint,Both bundles,70.4,38,59.0,28,68.2,10,Strong agreement,15.64,3.50,4.47,2.0,1.47,9.40,20,93,0,8,12,High: cross-bundle with public value-chain support,Cleaning/process complexity beneficiary; indirect CPO.,Capex cycle,"WFE upcycle exposure, especially cleaning process intensity.",Use as a cross-validated watchlist name: compare why each bundle scored it differently before assigning portfolio weight or research time.,16150.0,JPY,15.64,101.87,2026-06-23,https://finance.yahoo.com/quote/7735.T/,25,75.7,1.8,73.9,-3.5,packaging_memory_test,AI 2027/current overlay: packaging_memory_test; bonus -3.5 after cap/YTD discipline.
40,SOI.PA,SOI.PA,Soitec,Non-US,France,Materials/substrates,Materials / substrates,Substrate and materials constraint,Both bundles,69.5,2,78.0,1,91.6,1,Strong agreement,5.10,1.00,5.10,4.0,1.95,38.26,20,69,0,10,10,High: cross-bundle with public value-chain support,Engineered substrates are a hidden enabler for silicon photonics and RF; smaller cap with optical substrate optionality.,"RF cycle, customer concentration",Photonics-SOI substrate supplier; official materials cite high-speed data-center interconnect and cloud AI/network infrastructure use cases.,"Make this a first-pass diligence name: bridge product exposure to AI networking demand, then test valuation, customer concentration and capacity-cycle risk.",120.4,EUR,5.10,384.12,2026-06-23,https://finance.yahoo.com/quote/SOI.PA/,45,97.2,16.7,80.5,-11.0,"compute_factory,packaging_memory_test","AI 2027/current overlay: compute_factory,packaging_memory_test; bonus -11.0 after cap/YTD discipline."
41,600703.SS,600703.SS,Sanan Optoelectronics,Non-US,China,Compound semiconductor/LED/GaN/SiC,Compound semis,Substrate and materials constraint,Broad bundle only,68.5,,,54,61.4,,Single-bundle signal,14.20,2.00,7.10,,,,,33,,,,Low-medium: single-bundle or inference-heavy,"Watchlist: useful ecosystem node, but evidence of under-discovery or upside-to-valuation is mixed.",Single-bundle validation risk,Compound semiconductor capacity; optical/power materials optionality.,"Treat as a discovery candidate: validate liquidity, filings, customer proof and whether the broad-alpha signal survives outside the CPO map.",19.83,CNY,14.20,37.9,2026-06-23,https://finance.yahoo.com/quote/600703.SS/,46,58.5,0.0,58.5,10.0,"packaging_memory_test,power_grid","AI 2027/current overlay: packaging_memory_test,power_grid; bonus +10.0 after cap/YTD discipline."
42,6857.T,6857.T,Advantest,Non-US,Japan,Test equipment,Test / ATE,"Test, probe and yield control",Both bundles,67.6,32,62.0,67,56.5,35,Useful disagreement,144.57,5.00,28.91,2.0,5.78,4.00,20,64,0,8,12,High: cross-bundle with public value-chain support,AI chip and HBM test leader; CPO is secondary via optical/advanced package test expansion.,ATE cycle and high AI expectations,ATE beneficiary of AI/HBM/advanced packaging test intensity.,Use as a cross-validated watchlist name: compare why each bundle scored it differently before assigning portfolio weight or research time.,31430.0,JPY,144.57,48.43,2026-06-23,https://finance.yahoo.com/quote/6857.T/,44,65.6,0.0,65.6,2.0,packaging_memory_test,AI 2027/current overlay: packaging_memory_test; bonus +2.0 after cap/YTD discipline.
43,ALAB,ALAB,Astera Labs,US,United States,Connectivity/retimers/AEC,AI interconnect,Optics / CPO leverage,Both bundles,67.5,10,73.0,89,46.4,79,Major disagreement,68.85,0.70,98.35,4.0,6.04,8.77,20,58,3,11,6,High: cross-bundle with public value-chain support,"Direct AI rack-scale connectivity; not exactly CPO cables, but close copper/optical transition exposure.",High P/S and hyperscaler concentration,Retimers and connectivity silicon for AI server clusters; very high growth and high valuation.,Use as a cross-validated watchlist name: compare why each bundle scored it differently before assigning portfolio weight or research time.,402.87,USD,68.85,124.37,2026-06-23,https://finance.yahoo.com/quote/ALAB/,38,71.5,3.3,68.2,-0.7,"compute_factory,packaging_memory_test","AI 2027/current overlay: compute_factory,packaging_memory_test; bonus -0.7 after cap/YTD discipline."
44,CDNS,CDNS,Cadence Design Systems,US,United States,EDA/IP,EDA/IP,"Foundry, ASIC and design enablement",CPO bundle only,66.7,45,56.0,,,,Single-bundle signal,105.77,,,2.0,3.32,3.14,20,,0,5,15,Low-medium: single-bundle or inference-heavy,Chiplet/3D/photonic design complexity benefits EDA; discovery already high.,Valuation and AI/EDA cycle,,"Treat as a CPO-specific catalyst candidate: verify direct design wins, named ecosystem evidence and whether optical adoption is already priced in.",383.58,USD,105.77,23.58,2026-06-23,https://finance.yahoo.com/quote/CDNS/,47,60.7,0.0,60.7,6.0,"compute_factory,packaging_memory_test","AI 2027/current overlay: compute_factory,packaging_memory_test; bonus +6.0 after cap/YTD discipline."
45,LSCC,LSCC,Lattice Semiconductor,US,United States,FPGA/edge control,FPGA / edge AI,Semiconductor infrastructure,Both bundles,66.5,39,59.0,83,49.4,44,Useful disagreement,19.91,0.52,38.30,1.0,1.45,7.28,20,26,0,10,10,High: cross-bundle with public value-chain support,Control-plane and edge inference optionality; not directly CPO.,Industrial/consumer recovery,Edge/embedded FPGA franchise; AI datacenter exposure less direct.,Use as a cross-validated watchlist name: compare why each bundle scored it differently before assigning portfolio weight or research time.,145.12,USD,19.91,84.51,2026-06-23,https://finance.yahoo.com/quote/LSCC/,42,59.8,0.6,59.2,7.3,"compute_factory,packaging_memory_test,physical_ai","AI 2027/current overlay: compute_factory,packaging_memory_test,physical_ai; bonus +7.3 after cap/YTD discipline."
46,TPRO.MI,TPRO.MI,Technoprobe,Non-US,Italy,Test/probe,Test / probe,"Test, probe and yield control",Both bundles,66.5,14,71.0,43,63.4,29,Useful disagreement,27.77,0.56,49.59,3.0,3.39,12.21,20,64,0,7,13,High: cross-bundle with public value-chain support,Probe-card scarcity for complex AI/photonic devices; underfollowed outside Europe.,Customer concentration and cyclicality,Probe-card exposure to high-end SoCs and memory; strong advanced test theme.,Use as a cross-validated watchlist name: compare why each bundle scored it differently before assigning portfolio weight or research time.,36.14,EUR,27.77,179.51,2026-06-23,https://finance.yahoo.com/quote/TPRO.MI/,36,80.5,6.5,74.0,-7.5,packaging_memory_test,AI 2027/current overlay: packaging_memory_test; bonus -7.5 after cap/YTD discipline.
47,042700.KS,042700.KS,Hanmi Semiconductor,Non-US,South Korea,Packaging bonders/HBM equipment,Packaging / HBM equipment,Advanced packaging bottleneck,Broad bundle only,66.1,,,55,61.2,,Single-bundle signal,20.02,0.70,28.60,,,,,113,,,,"Medium: broad map supported, single bundle","Watchlist: useful ecosystem node, but evidence of under-discovery or upside-to-valuation is mixed.",Single-bundle validation risk,HBM packaging equipment lever; customer concentration and valuation risk.,"Treat as a discovery candidate: validate liquidity, filings, customer proof and whether the broad-alpha signal survives outside the CPO map.",258000.0,KRW,20.02,78.55,2026-06-23,https://finance.yahoo.com/quote/042700.KS/,53,61.3,0.2,61.1,5.0,"packaging_memory_test,power_grid","AI 2027/current overlay: packaging_memory_test,power_grid; bonus +5.0 after cap/YTD discipline."
48,IFX.DE,IFX.DE,Infineon Technologies,Non-US,Germany,Power/auto/industrial,Power / automotive,Semiconductor infrastructure,Both bundles,65.0,54,52.0,73,54.5,19,Moderate agreement,122.97,16.00,7.69,1.0,1.59,1.29,20,26,0,10,10,High: cross-bundle with public value-chain support,"Power density beneficiary, not optical interconnect pure play.",Industrial/auto cycle,Power/auto industrial semis; less direct CPO but strong power electronics franchise.,Use as a cross-validated watchlist name: compare why each bundle scored it differently before assigning portfolio weight or research time.,80.56,EUR,122.97,110.53,2026-06-23,https://finance.yahoo.com/quote/IFX.DE/,48,57.4,2.4,55.0,10.0,"compute_factory,packaging_memory_test,physical_ai,power_grid,security_sovereign","AI 2027/current overlay: compute_factory,packaging_memory_test,physical_ai,power_grid,security_sovereign; bonus +10.0 after cap/YTD discipline."
49,MRVL,MRVL,Marvell Technology,US,United States,Optical DSP/custom silicon,AI ASIC / networking,Optics / CPO leverage,Both bundles,64.4,30,63.0,37,64.7,7,Strong agreement,247.69,7.50,33.03,5.0,9.72,3.92,20,57,0,9,10,High: cross-bundle with public value-chain support,"One of the most direct semiconductor bridges between custom AI silicon, optical DSPs, CPO and AEC/AOC.",Large AI/custom-silicon expectations already embedded,AI custom silicon and electro-optical interconnect exposure; recent Celestial AI acquisition changes POET counterparty risk.,Use as a cross-validated watchlist name: compare why each bundle scored it differently before assigning portfolio weight or research time.,281.63,USD,247.69,215.06,2026-06-23,https://finance.yahoo.com/quote/MRVL/,52,78.7,8.3,70.4,-6.0,"compute_factory,packaging_memory_test","AI 2027/current overlay: compute_factory,packaging_memory_test; bonus -6.0 after cap/YTD discipline."
50,TSEM,TSEM,Tower Semiconductor,Non-US,Israel,Foundry,Foundry / specialty,"Foundry, ASIC and design enablement",Both bundles,63.7,36,60.0,62,57.7,26,Useful disagreement,34.16,1.50,22.78,3.0,2.63,7.70,20,39,0,7,13,High-medium: cross-bundle agreement,Specialty foundry processes can host photonics/RF/analog blocks for optical modules.,Specialty foundry cycle,Specialty RF/analog foundry exposure to photonics/RF ecosystems.,Use as a cross-validated watchlist name: compare why each bundle scored it differently before assigning portfolio weight or research time.,285.17,USD,34.16,134.25,2026-06-23,https://finance.yahoo.com/quote/TSEM/,43,68.4,4.0,64.4,-0.7,"compute_factory,packaging_memory_test","AI 2027/current overlay: compute_factory,packaging_memory_test; bonus -0.7 after cap/YTD discipline."
51,NXPI,NXPI,NXP Semiconductors,Non-US,Netherlands,Auto/industrial,Auto / edge,Semiconductor infrastructure,Both bundles,63.6,48,54.0,70,55.6,22,Moderate agreement,75.63,13.00,5.82,1.0,1.96,2.59,20,26,0,10,10,High: cross-bundle with public value-chain support,Edge/auto AI more important than CPO.,Auto cycle,Automotive/industrial embedded cash flows; AI-infrastructure exposure indirect.,Use as a cross-validated watchlist name: compare why each bundle scored it differently before assigning portfolio weight or research time.,299.56,USD,75.63,35.38,2026-06-23,https://finance.yahoo.com/quote/NXPI/,56,60.3,0.0,60.3,3.3,packaging_memory_test,AI 2027/current overlay: packaging_memory_test; bonus +3.3 after cap/YTD discipline.
52,QRVO,QRVO,Qorvo,US,United States,RF/mixed signal,RF / analog,Semiconductor infrastructure,Both bundles,63.0,82,42.0,44,63.3,38,Useful disagreement,8.70,3.90,2.23,1.0,0.00,0.00,20,26,0,10,10,High: cross-bundle with public value-chain support,Potential non-core infrastructure optionality but not CPO-led.,Handset/RF cyclicality,RF/mobile cycle with some defense/power optionality.,Use as a cross-validated watchlist name: compare why each bundle scored it differently before assigning portfolio weight or research time.,98.9,USD,8.70,14.64,2026-06-23,https://finance.yahoo.com/quote/QRVO/,55,53.0,0.0,53.0,10.0,"packaging_memory_test,power_grid","AI 2027/current overlay: packaging_memory_test,power_grid; bonus +10.0 after cap/YTD discipline."
53,UMC / 2303.TW,UMC,United Microelectronics,Non-US,Taiwan,Foundry,Foundry / specialty,"Foundry, ASIC and design enablement",Both bundles,62.7,44,56.0,42,63.7,2,Strong agreement,66.83,7.50,8.91,2.0,1.85,2.77,20,39,0,7,13,High-medium: cross-bundle agreement,Specialty/mature process capacity; limited direct CPO but value-oriented.,Mature-node pricing,Mature/specialty-node foundry cash flows; less leading-edge upside than TSMC.,Use as a cross-validated watchlist name: compare why each bundle scored it differently before assigning portfolio weight or research time.,26.545,USD,66.83,238.58,2026-06-23,https://finance.yahoo.com/quote/UMC/,51,71.3,9.4,61.9,0.8,"compute_factory,packaging_memory_test,power_grid","AI 2027/current overlay: compute_factory,packaging_memory_test,power_grid; bonus +0.8 after cap/YTD discipline."
54,ENA.V,ENA.V,Enablence Technologies,Non-US,Canada,"Planar lightwave circuits, PIC components",Photonics / CPO,Optics / CPO leverage,Broad bundle only,62.4,,,2,89.5,,Single-bundle signal,0.16,0.01,16.31,,,,,35,,,,"Medium: broad map supported, single bundle",Highest-priority alpha screen: strong AI/CPO/advanced-packaging theme plus smaller or less fully penetrated market-cap base.,Microcap/liquidity and single-bundle validation risk,"Very small public PIC/PLC supplier; partner in Sivers/O-Net external-light-source PR, but revenue base is tiny and risk high.","Treat as a discovery candidate: validate liquidity, filings, customer proof and whether the broad-alpha signal survives outside the CPO map.",10.4,CAD,0.16,474.59,2026-06-23,https://finance.yahoo.com/quote/ENA.V/,69,97.6,21.2,76.4,-14.0,packaging_memory_test,AI 2027/current overlay: packaging_memory_test; bonus -14.0 after cap/YTD discipline.
55,SITM,SITM,SiTime,US,United States,Timing,Timing / infrastructure,Semiconductor infrastructure,Both bundles,62.3,35,60.0,85,48.2,50,Useful disagreement,18.88,0.32,58.99,2.0,1.75,9.27,20,22,0,14,6,High: cross-bundle with public value-chain support,Timing matters for AI/optical links; smaller but still indirect.,High multiple; timing cycle,Precision timing is needed across networking/data-center systems; valuation risk.,Use as a cross-validated watchlist name: compare why each bundle scored it differently before assigning portfolio weight or research time.,712.0,USD,18.88,92.45,2026-06-23,https://finance.yahoo.com/quote/SITM/,57,60.0,1.2,58.8,3.5,"compute_factory,packaging_memory_test","AI 2027/current overlay: compute_factory,packaging_memory_test; bonus +3.5 after cap/YTD discipline."
56,688126.SS,688126.SS,National Silicon Industry Group,Non-US,China,Silicon wafers/materials,Materials / wafers,Substrate and materials constraint,Broad bundle only,62.2,,,59,59.0,,Single-bundle signal,16.53,0.48,34.43,,,,,33,,,,Low-medium: single-bundle or inference-heavy,"Watchlist: useful ecosystem node, but evidence of under-discovery or upside-to-valuation is mixed.",Single-bundle validation risk,China silicon-wafer localization lever.,"Treat as a discovery candidate: validate liquidity, filings, customer proof and whether the broad-alpha signal survives outside the CPO map.",32.22,CNY,16.53,44.16,2026-06-23,https://finance.yahoo.com/quote/688126.SS/,58,52.2,0.0,52.2,10.0,"packaging_memory_test,power_grid","AI 2027/current overlay: packaging_memory_test,power_grid; bonus +10.0 after cap/YTD discipline."
57,MXL,MXL,MaxLinear,US,United States,Connectivity/analog,Connectivity/analog,Optics / CPO leverage,CPO bundle only,60.7,11,72.0,,,,Single-bundle signal,7.97,,,3.0,1.82,22.83,20,,0,14,6,Medium: CPO source-map supported,Small-cap signal-chain optionality; could benefit if AI networking pulls adjacent high-speed analog content.,Turnaround and customer concentration,,"Treat as a CPO-specific catalyst candidate: verify direct design wins, named ecosystem evidence and whether optical adoption is already priced in.",88.75,USD,7.97,379.47,2026-06-23,https://finance.yahoo.com/quote/MXL/,54,88.2,16.5,71.7,-11.0,"compute_factory,packaging_memory_test","AI 2027/current overlay: compute_factory,packaging_memory_test; bonus -11.0 after cap/YTD discipline."
58,AMBA,AMBA,Ambarella,US,United States,AI vision processors,Edge AI,Semiconductor infrastructure,Broad bundle only,59.8,,,65,56.9,,Single-bundle signal,3.10,0.25,12.41,,,,,26,,,,Low-medium: single-bundle or inference-heavy,"Watchlist: useful ecosystem node, but evidence of under-discovery or upside-to-valuation is mixed.",Single-bundle validation risk,Computer vision/edge AI recovery story; not core data-center CPO.,"Treat as a discovery candidate: validate liquidity, filings, customer proof and whether the broad-alpha signal survives outside the CPO map.",67.36,USD,3.10,-10.38,2026-06-23,https://finance.yahoo.com/quote/AMBA/,62,49.8,0.0,49.8,10.0,"packaging_memory_test,physical_ai,power_grid","AI 2027/current overlay: packaging_memory_test,physical_ai,power_grid; bonus +10.0 after cap/YTD discipline."
59,2379.TW,2379.TW,Realtek Semiconductor,Non-US,Taiwan,Connectivity IC,Networking / edge,Optics / CPO leverage,Both bundles,59.2,74,44.0,36,65.1,38,Useful disagreement,14.59,3.50,4.17,1.0,0.00,0.00,20,50,0,14,6,High: cross-bundle with public value-chain support,"Networking chip exposure, but low CPO directness.",PC/networking cycle,"Networking/controller cash flows, less direct CPO but data-connectivity adjacency.",Use as a cross-validated watchlist name: compare why each bundle scored it differently before assigning portfolio weight or research time.,863.0,TWD,14.59,77.03,2026-06-23,https://finance.yahoo.com/quote/2379.TW/,50,55.8,0.1,55.7,3.5,"compute_factory,packaging_memory_test","AI 2027/current overlay: compute_factory,packaging_memory_test; bonus +3.5 after cap/YTD discipline."
60,AEHR,AEHR,Aehr Test Systems,US,United States,Test equipment,Test / reliability,"Test, probe and yield control",Both bundles,58.5,24,66.0,25,68.6,1,Strong agreement,3.25,0.05,65.00,2.0,0.51,15.69,20,39,0,8,12,High-medium: cross-bundle agreement,Small-cap test optionality if photonics/power devices require more wafer-level reliability screening.,Very high volatility and customer concentration,Wafer-level test for SiC/photonic/power devices; small-revenue base creates both optionality and volatility.,Use as a cross-validated watchlist name: compare why each bundle scored it differently before assigning portfolio weight or research time.,103.0,USD,3.25,364.8,2026-06-23,https://finance.yahoo.com/quote/AEHR/,68,83.7,15.7,68.0,-9.5,"packaging_memory_test,power_grid","AI 2027/current overlay: packaging_memory_test,power_grid; bonus -9.5 after cap/YTD discipline."
61,AXTI,AXTI,AXT,US,United States,InP/GaAs/Ge compound semiconductor substrates,Materials / substrates,Substrate and materials constraint,Broad bundle only,58.3,,,5,76.8,,Single-bundle signal,6.05,0.09,67.20,,,,,69,,,,"Medium: broad map supported, single bundle",Highest-priority alpha screen: strong AI/CPO/advanced-packaging theme plus smaller or less fully penetrated market-cap base.,Single-bundle validation risk,InP substrates are leveraged to silicon photonics/data-center connectivity; AXT cited a large InP demand uptick in Q3 2025.,"Treat as a discovery candidate: validate liquidity, filings, customer proof and whether the broad-alpha signal survives outside the CPO map.",78.635,USD,6.05,369.18,2026-06-23,https://finance.yahoo.com/quote/AXTI/,71,89.3,16.0,73.3,-15.0,packaging_memory_test,AI 2027/current overlay: packaging_memory_test; bonus -15.0 after cap/YTD discipline.
62,ASX / 3711.TW,ASX,ASE Technology,Non-US,Taiwan,OSAT/Packaging,Packaging / OSAT,Advanced packaging bottleneck,Both bundles,58.1,61,50.0,23,69.1,38,Useful disagreement,95.70,20.85,4.59,3.0,1.43,1.49,20,27,0,7,13,High-medium: cross-bundle agreement,Packaging/test gateway for chiplets and optical modules; size and cyclicality cap alpha score.,OSAT cyclicality and margin pressure,Advanced packaging/test supplier to AI chip supply chain.,Use as a cross-validated watchlist name: compare why each bundle scored it differently before assigning portfolio weight or research time.,40.03,USD,95.70,137.43,2026-06-23,https://finance.yahoo.com/quote/ASX/,65,67.0,4.2,62.8,-4.7,packaging_memory_test,AI 2027/current overlay: packaging_memory_test; bonus -4.7 after cap/YTD discipline.
63,TSM / 2330.TW,TSM,TSMC,Non-US,Taiwan,Foundry,Foundry / logic,"Foundry, ASIC and design enablement",Both bundles,57.8,34,61.0,98,32.2,64,Major disagreement,2293.00,121.91,18.81,4.0,70.63,3.08,20,39,0,9,11,High-medium: cross-bundle agreement,"Central manufacturing node for AI silicon and silicon photonics, but a global consensus holding.",Geopolitical and capex concentration,"Central manufacturing chokepoint for AI accelerators, ASICs and SiPh-adjacent silicon.",Use as a cross-validated watchlist name: compare why each bundle scored it differently before assigning portfolio weight or research time.,442.88,USD,2293.00,38.57,2026-06-23,https://finance.yahoo.com/quote/TSM/,73,53.3,0.0,53.3,4.5,"compute_factory,packaging_memory_test","AI 2027/current overlay: compute_factory,packaging_memory_test; bonus +4.5 after cap/YTD discipline."
64,MPWR,MPWR,Monolithic Power Systems,US,United States,Power management,Power / analog,Semiconductor infrastructure,Both bundles,57.5,67,48.0,88,47.0,21,Moderate agreement,75.56,2.60,29.06,1.0,0.67,0.89,20,26,0,10,10,High: cross-bundle with public value-chain support,AI power density beneficiary; CPO-specific exposure low.,High valuation,AI server power-management beta; rich valuation but high gross margin.,Use as a cross-validated watchlist name: compare why each bundle scored it differently before assigning portfolio weight or research time.,1414.74,USD,75.56,51.1,2026-06-23,https://finance.yahoo.com/quote/MPWR/,70,47.5,0.0,47.5,10.0,"compute_factory,packaging_memory_test,power_grid","AI 2027/current overlay: compute_factory,packaging_memory_test,power_grid; bonus +10.0 after cap/YTD discipline."
65,6146.T,6146.T,Disco,Non-US,Japan,Equipment,Packaging / equipment,Advanced packaging bottleneck,Both bundles,57.1,71,45.0,51,61.8,20,Moderate agreement,48.09,2.50,19.24,3.0,0.00,0.00,20,88,0,8,12,High: cross-bundle with public value-chain support,"Critical for thinning/dicing advanced packages and photonics, but well recognized.",High expectations,HBM/advanced packaging wafer thinning/dicing intensity.,Use as a cross-validated watchlist name: compare why each bundle scored it differently before assigning portfolio weight or research time.,82870.0,JPY,48.09,62.17,2026-06-23,https://finance.yahoo.com/quote/6146.T/,63,55.8,0.0,55.8,1.3,packaging_memory_test,AI 2027/current overlay: packaging_memory_test; bonus +1.3 after cap/YTD discipline.
66,SWKS,SWKS,Skyworks Solutions,US,United States,RF/mixed signal,RF / analog,Semiconductor infrastructure,Both bundles,56.5,84,42.0,46,63.2,38,Useful disagreement,11.00,4.20,2.62,1.0,0.00,0.00,20,26,0,10,10,High: cross-bundle with public value-chain support,Limited data-center optical/cable exposure.,Mobile concentration,Mobile/RF cycle; limited CPO exposure.,Use as a cross-validated watchlist name: compare why each bundle scored it differently before assigning portfolio weight or research time.,72.905,USD,11.00,13.21,2026-06-23,https://finance.yahoo.com/quote/SWKS/,72,52.0,0.0,52.0,4.5,packaging_memory_test,AI 2027/current overlay: packaging_memory_test; bonus +4.5 after cap/YTD discipline.
67,ACLS,ACLS,Axcelis Technologies,US,United States,Equipment,Wafer equipment,Substrate and materials constraint,Both bundles,56.2,96,37.0,14,73.1,82,Major disagreement,5.76,1.00,5.76,1.0,0.00,0.00,20,93,0,8,12,High: cross-bundle with public value-chain support,Low CPO linkage; more power/SiC equipment lever.,SiC/power semi cycle,Implant equipment exposure to power/SiC and mature-node capacity.,Use as a cross-validated watchlist name: compare why each bundle scored it differently before assigning portfolio weight or research time.,172.4,USD,5.76,100.19,2026-06-23,https://finance.yahoo.com/quote/ACLS/,60,55.4,1.7,53.7,2.5,"packaging_memory_test,power_grid","AI 2027/current overlay: packaging_memory_test,power_grid; bonus +2.5 after cap/YTD discipline."
68,ASML,ASML,ASML Holding,Non-US,Netherlands,Equipment,Wafer equipment,Substrate and materials constraint,Both bundles,56.0,37,60.0,96,41.2,59,Major disagreement,687.26,37.67,18.24,2.0,13.87,2.02,20,92,0,8,12,High: cross-bundle with public value-chain support,Irreplaceable lithography choke point; CPO is indirect via advanced nodes and packaging flows.,China restrictions and capex cycle,EUV monopoly-like position in leading-edge lithography; discovered but mission-critical.,Use as a cross-validated watchlist name: compare why each bundle scored it differently before assigning portfolio weight or research time.,1781.35,USD,687.26,53.07,2026-06-23,https://finance.yahoo.com/quote/ASML/,75,54.5,0.0,54.5,1.5,"packaging_memory_test,security_sovereign","AI 2027/current overlay: packaging_memory_test,security_sovereign; bonus +1.5 after cap/YTD discipline."
69,QCOM,QCOM,Qualcomm,US,United States,Mobile/edge AI,Mobile / edge AI,Semiconductor infrastructure,Both bundles,55.9,76,44.0,75,53.8,1,Strong agreement,214.34,44.86,4.78,1.0,0.00,0.00,20,50,0,9,11,High: cross-bundle with public value-chain support,"AI-edge optionality, but not a CPO cable play.",Handset cycle and China exposure,"AI PC/phone, automotive and connectivity optionality; handset cycle remains key.",Use as a cross-validated watchlist name: compare why each bundle scored it differently before assigning portfolio weight or research time.,202.4,USD,214.34,17.01,2026-06-23,https://finance.yahoo.com/quote/QCOM/,76,50.1,0.0,50.1,5.8,"packaging_memory_test,physical_ai","AI 2027/current overlay: packaging_memory_test,physical_ai; bonus +5.8 after cap/YTD discipline."
70,KLAC,KLAC,KLA,US,United States,Metrology/inspection,Metrology / inspection,"Test, probe and yield control",Both bundles,55.7,55,52.0,61,57.9,6,Strong agreement,322.30,12.00,26.86,2.0,3.17,0.98,20,38,0,8,12,High-medium: cross-bundle agreement,"Advanced packaging and silicon photonics yield control can drive demand, but discovery is high.","High valuation, capex cycle",Yield-control choke point for leading-edge nodes and packaging.,Use as a cross-validated watchlist name: compare why each bundle scored it differently before assigning portfolio weight or research time.,245.62,USD,322.30,92.72,2026-06-23,https://finance.yahoo.com/quote/KLAC/,61,59.9,1.2,58.7,-3.0,packaging_memory_test,AI 2027/current overlay: packaging_memory_test; bonus -3.0 after cap/YTD discipline.
71,NVTS,NVTS,Navitas Semiconductor,US,United States,Power/compound semis,Power/compound semis,Semiconductor infrastructure,CPO bundle only,55.6,40,58.0,,,,Single-bundle signal,5.85,,,1.0,0.36,6.15,20,,0,10,10,Medium: CPO source-map supported,"AI data-center power density optionality, but not optical/cable layer.",Early-stage power adoption and dilution,,"Treat as a CPO-specific catalyst candidate: verify direct design wins, named ecosystem evidence and whether optical adoption is already priced in.",21.61,USD,5.85,157.88,2026-06-23,https://finance.yahoo.com/quote/NVTS/,78,62.5,5.4,57.1,-1.5,"packaging_memory_test,power_grid","AI 2027/current overlay: packaging_memory_test,power_grid; bonus -1.5 after cap/YTD discipline."
72,LRCX,LRCX,Lam Research,US,United States,Equipment,Wafer equipment,Substrate and materials constraint,Both bundles,54.6,57,52.0,64,57.1,7,Strong agreement,467.52,20.56,22.74,2.0,3.78,0.81,20,92,0,8,12,High: cross-bundle with public value-chain support,Indirect beneficiary through HBM/foundry/advanced interconnect capex.,Memory/foundry capex cycle,Memory and advanced logic process intensity; strong service/spares cash flows.,Use as a cross-validated watchlist name: compare why each bundle scored it differently before assigning portfolio weight or research time.,372.79,USD,467.52,101.44,2026-06-23,https://finance.yahoo.com/quote/LRCX/,66,58.4,1.8,56.6,-2.0,"compute_factory,packaging_memory_test","AI 2027/current overlay: compute_factory,packaging_memory_test; bonus -2.0 after cap/YTD discipline."
73,1347.HK,1347.HK,Hua Hong Semiconductor,Non-US,China,Foundry,Foundry / specialty,"Foundry, ASIC and design enablement",Both bundles,54.4,58,51.0,74,54.3,16,Moderate agreement,44.76,2.50,17.90,1.0,0.76,1.70,20,39,0,7,13,High-medium: cross-bundle agreement,China localization/foundry exposure; low direct CPO.,China mature-node pricing,China mature-node foundry; localization tailwind offset by price/geo risk.,Use as a cross-validated watchlist name: compare why each bundle scored it differently before assigning portfolio weight or research time.,166.3,HKD,44.76,104.55,2026-06-23,https://finance.yahoo.com/quote/1347.HK/,59,57.1,2.0,55.1,-0.7,"compute_factory,packaging_memory_test","AI 2027/current overlay: compute_factory,packaging_memory_test; bonus -0.7 after cap/YTD discipline."
74,8035.T,8035.T,Tokyo Electron,Non-US,Japan,Equipment,Wafer equipment,Substrate and materials constraint,Both bundles,54.0,63,49.0,50,61.8,13,Moderate agreement,205.75,15.00,13.72,2.0,1.38,0.67,20,92,0,8,12,High: cross-bundle with public value-chain support,"Front-end equipment beneficiary, but not early or CPO-specific.","Capex cycle, high expectations",Japan WFE leader leveraged to advanced logic/memory capex.,Use as a cross-validated watchlist name: compare why each bundle scored it differently before assigning portfolio weight or research time.,72960.0,JPY,205.75,97.56,2026-06-23,https://finance.yahoo.com/quote/8035.T/,67,58.5,1.5,57.0,-3.0,packaging_memory_test,AI 2027/current overlay: packaging_memory_test; bonus -3.0 after cap/YTD discipline.
75,UCTT,UCTT,Ultra Clean Holdings,US,United States,Subassemblies and services for WFE,Wafer equipment supply chain,Substrate and materials constraint,Broad bundle only,53.9,,,11,74.3,,Single-bundle signal,4.97,2.00,2.48,,,,,93,,,,"Medium: broad map supported, single bundle","Positive alpha screen: attractive theme but either valuation, risk, scale, or crowding reduces asymmetry.",Single-bundle validation risk,Picks-and-shovels supplier to WFE OEMs; operating leverage in WFE upcycle.,"Treat as a discovery candidate: validate liquidity, filings, customer proof and whether the broad-alpha signal survives outside the CPO map.",110.305,USD,4.97,303.75,2026-06-23,https://finance.yahoo.com/quote/UCTT/,49,81.6,12.7,68.9,-15.0,packaging_memory_test,AI 2027/current overlay: packaging_memory_test; bonus -15.0 after cap/YTD discipline.
76,CRUS,CRUS,Cirrus Logic,US,United States,Mixed signal,Mixed-signal,Semiconductor infrastructure,Both bundles,52.9,90,40.0,56,59.7,34,Useful disagreement,8.34,2.00,4.17,1.0,0.00,0.00,20,26,0,10,10,High: cross-bundle with public value-chain support,Low data-center optical exposure.,Customer concentration,Concentrated consumer electronics exposure; cash-generative but less AI-infrastructure levered.,Use as a cross-validated watchlist name: compare why each bundle scored it differently before assigning portfolio weight or research time.,157.19,USD,8.34,31.35,2026-06-23,https://finance.yahoo.com/quote/CRUS/,81,47.9,0.0,47.9,5.0,packaging_memory_test,AI 2027/current overlay: packaging_memory_test; bonus +5.0 after cap/YTD discipline.
77,NVDA,NVDA,NVIDIA,US,United States,AI accelerator/platform,AI compute,Semiconductor infrastructure,Both bundles,52.6,52,53.0,100,21.8,48,Useful disagreement,4893.00,215.93,22.66,5.0,96.40,1.97,20,34,4,6,9,High: cross-bundle with public value-chain support,"Owns demand and system architecture; CPO adoption is strategic, but discovery is already extreme.",Crowded megacap; execution and capex-cycle risk,GPU/accelerator platform; NVIDIA has publicly positioned Spectrum-X/Quantum-X silicon photonics switches as CPO-based AI-network infrastructure.,Use as a cross-validated watchlist name: compare why each bundle scored it differently before assigning portfolio weight or research time.,202.366,USD,4893.00,7.16,2026-06-23,https://finance.yahoo.com/quote/NVDA/,82,44.3,0.0,44.3,8.3,"compute_factory,packaging_memory_test,physical_ai","AI 2027/current overlay: compute_factory,packaging_memory_test,physical_ai; bonus +8.3 after cap/YTD discipline."
78,POWI,POWI,Power Integrations,US,United States,Power management,Power / analog,Semiconductor infrastructure,Both bundles,52.3,94,38.0,49,61.9,45,Useful disagreement,4.56,0.44,10.37,1.0,0.00,0.00,20,26,0,10,10,High: cross-bundle with public value-chain support,Data-center power is relevant but CPO-specific link is weak.,Industrial/consumer power cycle,Power conversion cash flows; AI server power density is an optional tailwind.,Use as a cross-validated watchlist name: compare why each bundle scored it differently before assigning portfolio weight or research time.,82.16,USD,4.56,120.27,2026-06-23,https://finance.yahoo.com/quote/POWI/,80,48.8,3.0,45.8,6.5,"compute_factory,packaging_memory_test,power_grid","AI 2027/current overlay: compute_factory,packaging_memory_test,power_grid; bonus +6.5 after cap/YTD discipline."
79,ADI,ADI,Analog Devices,US,United States,Analog/power,Analog / power,Semiconductor infrastructure,Both bundles,52.0,72,45.0,93,45.3,21,Moderate agreement,199.52,9.50,21.00,1.0,0.00,0.00,20,26,0,10,10,High: cross-bundle with public value-chain support,Quality analog franchise but not early CPO exposure.,Industrial cycle,High-quality analog cash flows; exposure to industrial/auto/data-center power.,Use as a cross-validated watchlist name: compare why each bundle scored it differently before assigning portfolio weight or research time.,408.275,USD,199.52,49.15,2026-06-23,https://finance.yahoo.com/quote/ADI/,83,44.5,0.0,44.5,7.5,"packaging_memory_test,power_grid","AI 2027/current overlay: packaging_memory_test,power_grid; bonus +7.5 after cap/YTD discipline."
80,3436.T,3436.T,SUMCO,Non-US,Japan,Materials,Materials,Substrate and materials constraint,CPO bundle only,51.8,41,58.0,,,,Single-bundle signal,9.15,,,2.0,0.61,6.67,20,,0,14,6,Medium: CPO source-map supported,Wafer materials exposure; indirect and cyclical.,Wafer pricing and utilization,,"Treat as a CPO-specific catalyst candidate: verify direct design wins, named ecosystem evidence and whether optical adoption is already priced in.",3830.0,JPY,9.15,164.32,2026-06-23,https://finance.yahoo.com/quote/3436.T/,74,64.5,5.7,58.8,-7.0,packaging_memory_test,AI 2027/current overlay: packaging_memory_test; bonus -7.0 after cap/YTD discipline.
81,ALGM,ALGM,Allegro MicroSystems,US,United States,Power/automotive,Power / sensors,Semiconductor infrastructure,Both bundles,50.8,83,42.0,60,58.0,23,Moderate agreement,10.64,1.00,10.64,1.0,0.00,0.00,20,26,0,10,10,High: cross-bundle with public value-chain support,Mostly auto/industrial; low CPO relevance.,Auto cycle,Auto/industrial sensing and power; less direct CPO beta.,Use as a cross-validated watchlist name: compare why each bundle scored it differently before assigning portfolio weight or research time.,56.96,USD,10.64,111.67,2026-06-23,https://finance.yahoo.com/quote/ALGM/,64,51.2,2.4,48.8,2.0,"packaging_memory_test,power_grid","AI 2027/current overlay: packaging_memory_test,power_grid; bonus +2.0 after cap/YTD discipline."
82,2454.TW,2454.TW,MediaTek,Non-US,Taiwan,Design/SoC,Mobile / edge AI,Semiconductor infrastructure,Both bundles,50.8,47,55.0,79,51.6,32,Useful disagreement,225.21,18.00,12.51,1.0,2.67,1.19,20,50,0,9,11,High: cross-bundle with public value-chain support,"AI edge and ASIC optionality, not primary CPO.",Consumer cycle,Large fabless SoC vendor; edge AI and connectivity upside.,Use as a cross-validated watchlist name: compare why each bundle scored it differently before assigning portfolio weight or research time.,4535.0,TWD,225.21,208.5,2026-06-23,https://finance.yahoo.com/quote/2454.TW/,89,55.4,7.9,47.5,3.3,"compute_factory,packaging_memory_test,physical_ai,power_grid","AI 2027/current overlay: compute_factory,packaging_memory_test,physical_ai,power_grid; bonus +3.3 after cap/YTD discipline."
83,6723.T,6723.T,Renesas Electronics,Non-US,Japan,Auto/industrial,Auto / edge,Semiconductor infrastructure,Both bundles,50.7,66,48.0,72,54.6,6,Strong agreement,53.48,9.00,5.94,1.0,0.46,0.86,20,26,0,10,10,High: cross-bundle with public value-chain support,Mostly embedded/auto; included for public Wolfspeed restructuring relationship and power exposure.,Auto/industrial cycle,Auto/industrial MCU franchise; direct AI datacenter beta limited.,Use as a cross-validated watchlist name: compare why each bundle scored it differently before assigning portfolio weight or research time.,4754.0,JPY,53.48,113.66,2026-06-23,https://finance.yahoo.com/quote/6723.T/,79,53.0,2.6,50.4,0.3,"compute_factory,power_grid","AI 2027/current overlay: compute_factory,power_grid; bonus +0.3 after cap/YTD discipline."
84,MCHP,MCHP,Microchip Technology,US,United States,Embedded/analog,Embedded / analog,Semiconductor infrastructure,Both bundles,50.6,75,44.0,82,49.5,7,Strong agreement,50.87,4.50,11.31,1.0,0.00,0.00,20,26,0,10,10,High: cross-bundle with public value-chain support,"Infrastructure controls and timing content, not a primary CPO alpha candidate.",Broad cyclical exposure,Industrial/auto embedded cash flow; less direct optical-AI beta.,Use as a cross-validated watchlist name: compare why each bundle scored it differently before assigning portfolio weight or research time.,93.87,USD,50.87,44.35,2026-06-23,https://finance.yahoo.com/quote/MCHP/,84,47.3,0.0,47.3,3.3,packaging_memory_test,AI 2027/current overlay: packaging_memory_test; bonus +3.3 after cap/YTD discipline.
85,AMAT,AMAT,Applied Materials,US,United States,Equipment,Wafer equipment,Substrate and materials constraint,Both bundles,50.6,56,52.0,63,57.2,7,Strong agreement,466.49,28.21,16.54,2.0,3.71,0.80,20,92,0,8,12,High: cross-bundle with public value-chain support,"Advanced packaging/foundry capex beneficiary, but widely owned.",Capex cycle and China restrictions,"Broadest WFE exposure across logic, memory, packaging and materials engineering.",Use as a cross-validated watchlist name: compare why each bundle scored it differently before assigning portfolio weight or research time.,589.02,USD,466.49,119.07,2026-06-23,https://finance.yahoo.com/quote/AMAT/,77,59.5,2.9,56.6,-6.0,packaging_memory_test,AI 2027/current overlay: packaging_memory_test; bonus -6.0 after cap/YTD discipline.
86,STM / STMPA,STM,STMicroelectronics,Non-US,Switzerland/France/Italy,Auto/industrial,Power / MCU,Semiconductor infrastructure,Both bundles,50.6,51,53.0,69,55.9,18,Moderate agreement,64.69,13.50,4.79,1.0,1.40,2.16,20,26,0,10,10,High: cross-bundle with public value-chain support,Quality broad semi with limited CPO directness.,Auto/industrial cycle,Auto/industrial power and MCU cycle; less direct AI/CPO beta.,Use as a cross-validated watchlist name: compare why each bundle scored it differently before assigning portfolio weight or research time.,72.625,USD,64.69,165.35,2026-06-23,https://finance.yahoo.com/quote/STM/,86,59.6,5.8,53.8,-3.2,"packaging_memory_test,power_grid","AI 2027/current overlay: packaging_memory_test,power_grid; bonus -3.2 after cap/YTD discipline."
87,AVGO,AVGO,Broadcom,US,United States,Switch ASIC/networking,AI ASIC / networking,"Foundry, ASIC and design enablement",Both bundles,50.5,50,54.0,99,24.8,49,Useful disagreement,1830.00,68.28,26.80,5.0,44.77,2.45,20,58,0,10,10,High: cross-bundle with public value-chain support,CPO platform leader and ecosystem anchor; alpha mostly from continued AI networking share rather than being undiscovered.,Large-cap valuation and customer concentration,Custom ASIC and Ethernet switch silicon leverage hyperscaler AI capex; foundry concentration remains a key dependency.,Use as a cross-validated watchlist name: compare why each bundle scored it differently before assigning portfolio weight or research time.,384.13,USD,1830.00,10.5,2026-06-23,https://finance.yahoo.com/quote/AVGO/,85,46.0,0.0,46.0,4.5,"compute_factory,packaging_memory_test","AI 2027/current overlay: compute_factory,packaging_memory_test; bonus +4.5 after cap/YTD discipline."
88,TXN,TXN,Texas Instruments,US,United States,Analog/power,Analog / power,Semiconductor infrastructure,Both bundles,50.4,73,45.0,91,46.2,18,Moderate agreement,277.02,17.80,15.56,1.0,0.00,0.00,20,26,0,10,10,High: cross-bundle with public value-chain support,Supplies power/analog content across infrastructure; limited direct alpha from CPO.,Industrial/auto cycle,Industrial/auto analog cash compounder; not primarily a CPO/AI optical beta.,Use as a cross-validated watchlist name: compare why each bundle scored it differently before assigning portfolio weight or research time.,303.83,USD,277.02,71.15,2026-06-23,https://finance.yahoo.com/quote/TXN/,87,44.9,0.0,44.9,5.5,"packaging_memory_test,power_grid","AI 2027/current overlay: packaging_memory_test,power_grid; bonus +5.5 after cap/YTD discipline."
89,ON,ON,onsemi,US,United States,Power/analog,Power / SiC,Substrate and materials constraint,Both bundles,49.5,79,43.0,68,55.9,11,Moderate agreement,46.13,7.00,6.59,1.0,0.00,0.00,20,59,0,10,10,High: cross-bundle with public value-chain support,Power and industrial AI optionality but not CPO-focused.,Auto/industrial cycle,Auto/industrial power cycle; SiC optionality but near-term EV digestion risk.,Use as a cross-validated watchlist name: compare why each bundle scored it differently before assigning portfolio weight or research time.,118.42,USD,46.13,108.85,2026-06-23,https://finance.yahoo.com/quote/ON/,91,51.0,2.3,48.7,0.8,"packaging_memory_test,power_grid","AI 2027/current overlay: packaging_memory_test,power_grid; bonus +0.8 after cap/YTD discipline."
90,SIVE.ST,SIVE.ST,Sivers Semiconductors,Non-US,Sweden,"DFB laser arrays, photonics and mmWave semis",Photonics / CPO,Optics / CPO leverage,Broad bundle only,49.4,,,3,88.0,,Single-bundle signal,3.01,0.04,75.24,,,,,37,,,,"Medium: broad map supported, single bundle",Highest-priority alpha screen: strong AI/CPO/advanced-packaging theme plus smaller or less fully penetrated market-cap base.,Single-bundle validation risk,"Officially public on Nasdaq Stockholm; announced ELS/CPO partnerships with POET, O-Net and Enablence.","Treat as a discovery candidate: validate liquidity, filings, customer proof and whether the broad-alpha signal survives outside the CPO map.",87.55,SEK,3.01,1945.56,2026-06-23,https://finance.yahoo.com/quote/SIVE.ST/,88,94.4,30.0,64.4,-15.0,packaging_memory_test,AI 2027/current overlay: packaging_memory_test; bonus -15.0 after cap/YTD discipline.
91,6963.T,6963.T,ROHM,Non-US,Japan,Power/analog,Power / SiC,Substrate and materials constraint,Both bundles,46.5,97,37.0,38,64.4,59,Major disagreement,13.60,3.00,4.53,1.0,0.00,0.00,20,59,0,10,10,High: cross-bundle with public value-chain support,"Power semi, not CPO.",SiC pricing and auto cycle,SiC/power-cycle lever; balance of auto/industrial demand matters.,Use as a cross-validated watchlist name: compare why each bundle scored it differently before assigning portfolio weight or research time.,5444.0,JPY,13.60,139.03,2026-06-23,https://finance.yahoo.com/quote/6963.T/,97,48.8,4.3,44.5,2.0,"packaging_memory_test,power_grid","AI 2027/current overlay: packaging_memory_test,power_grid; bonus +2.0 after cap/YTD discipline."
92,SLAB,SLAB,Silicon Labs,US,United States,IoT/wireless,IoT / edge,Semiconductor infrastructure,Both bundles,46.4,86,41.0,77,53.5,9,Strong agreement,7.21,0.70,10.30,1.0,0.00,0.00,20,26,0,10,10,High: cross-bundle with public value-chain support,Edge/IoT recovery rather than CPO.,IoT cycle,IoT cycle recovery lever; indirect semiconductor beta.,Use as a cross-validated watchlist name: compare why each bundle scored it differently before assigning portfolio weight or research time.,219.3,USD,7.21,66.22,2026-06-23,https://finance.yahoo.com/quote/SLAB/,96,43.4,0.0,43.4,3.0,packaging_memory_test,AI 2027/current overlay: packaging_memory_test; bonus +3.0 after cap/YTD discipline.
93,WOLF,WOLF,Wolfspeed,US,United States,SiC materials/devices,Materials / SiC,Substrate and materials constraint,Both bundles,46.4,100,30.0,9,75.0,91,Major disagreement,2.62,0.80,3.28,1.0,0.00,0.00,20,33,1,13,6,High: cross-bundle with public value-chain support,"AI power optionality exists, but restructuring and equity risk dominate.",Restructuring/balance-sheet risk,SiC strategic asset but heavy balance-sheet/capex risk.,Use as a cross-validated watchlist name: compare why each bundle scored it differently before assigning portfolio weight or research time.,50.55,USD,2.62,167.04,2026-06-23,https://finance.yahoo.com/quote/WOLF/,95,53.3,5.9,47.4,-1.0,"packaging_memory_test,power_grid","AI 2027/current overlay: packaging_memory_test,power_grid; bonus -1.0 after cap/YTD discipline."
94,005930.KS,005930.KS,Samsung Electronics,Non-US,South Korea,Memory/foundry,HBM / foundry / IDM,"Foundry, ASIC and design enablement",Both bundles,45.3,65,49.0,76,53.7,11,Moderate agreement,1552.16,235.65,6.59,3.0,7.80,0.50,20,64,0,9,11,High: cross-bundle with public value-chain support,AI memory and foundry exposure; less pure CPO connectivity.,Memory cycle and foundry execution,HBM and foundry optionality; huge diversified base dilutes pure semiconductor alpha.,Use as a cross-validated watchlist name: compare why each bundle scored it differently before assigning portfolio weight or research time.,310000.0,KRW,1552.16,141.25,2026-06-23,https://finance.yahoo.com/quote/005930.KS/,104,53.2,4.4,48.8,-3.5,"compute_factory,packaging_memory_test","AI 2027/current overlay: compute_factory,packaging_memory_test; bonus -3.5 after cap/YTD discipline."
95,AMD,AMD,Advanced Micro Devices,US,United States,AI accelerator/platform,AI compute,Semiconductor infrastructure,Both bundles,45.1,62,50.0,80,50.9,18,Moderate agreement,854.11,34.63,24.66,3.0,5.73,0.67,20,26,0,9,11,High-medium: cross-bundle agreement,Potential beneficiary if open AI platform scale-up fabrics broaden; less direct CPO monetization than network/optics names.,AI accelerator competition and margins,MI-series accelerator ramp; relies heavily on foundry/packaging/HBM ecosystem.,Use as a cross-validated watchlist name: compare why each bundle scored it differently before assigning portfolio weight or research time.,523.27,USD,854.11,134.16,2026-06-23,https://finance.yahoo.com/quote/AMD/,99,52.5,3.9,48.6,-3.5,"compute_factory,packaging_memory_test","AI 2027/current overlay: compute_factory,packaging_memory_test; bonus -3.5 after cap/YTD discipline."
96,PI,PI,Impinj,US,United States,RFID/edge,RFID/edge,Semiconductor infrastructure,CPO bundle only,45.0,77,43.0,,,,Single-bundle signal,3.85,,,1.0,0.00,0.00,20,,0,10,10,Medium: CPO source-map supported,Different AI/IoT edge theme; not CPO.,Retail/logistics adoption,,"Treat as a CPO-specific catalyst candidate: verify direct design wins, named ecosystem evidence and whether optical adoption is already priced in.",126.6,USD,3.85,-29.57,2026-06-23,https://finance.yahoo.com/quote/PI/,101,38.6,0.0,38.6,6.4,packaging_memory_test,AI 2027/current overlay: packaging_memory_test; bonus +6.4 after cap/YTD discipline.
97,TER,TER,Teradyne,US,United States,Test equipment,Test equipment,"Test, probe and yield control",CPO bundle only,44.8,60,50.0,,,,Single-bundle signal,66.41,,,2.0,1.11,1.67,20,,0,8,12,Low-medium: single-bundle or inference-heavy,"AI/advanced packaging test demand, indirect CPO link.","Test cycle, customer concentration",,"Treat as a CPO-specific catalyst candidate: verify direct design wins, named ecosystem evidence and whether optical adoption is already priced in.",424.635,USD,66.41,104.58,2026-06-23,https://finance.yahoo.com/quote/TER/,93,51.5,2.0,49.5,-4.7,packaging_memory_test,AI 2027/current overlay: packaging_memory_test; bonus -4.7 after cap/YTD discipline.
98,ARM,ARM,Arm Holdings,Non-US,United Kingdom,EDA/IP,IP / CPU architecture,"Foundry, ASIC and design enablement",Both bundles,44.2,49,54.0,86,48.0,37,Useful disagreement,397.65,4.00,99.41,1.0,3.39,0.85,20,45,0,9,11,High: cross-bundle with public value-chain support,"AI custom silicon ecosystem IP, but CPO cable exposure is remote.",Very high valuation,"IP royalty model across mobile, server, edge AI and custom silicon.",Use as a cross-validated watchlist name: compare why each bundle scored it differently before assigning portfolio weight or research time.,371.5,USD,397.65,223.8,2026-06-23,https://finance.yahoo.com/quote/ARM/,100,55.1,8.7,46.4,-2.2,"compute_factory,packaging_memory_test,physical_ai","AI 2027/current overlay: compute_factory,packaging_memory_test,physical_ai; bonus -2.2 after cap/YTD discipline."
99,VLN,VLN,Valens Semiconductor,Non-US,Israel,High-speed connectivity,High-speed connectivity,Optics / CPO leverage,CPO bundle only,43.8,80,42.0,,,,Single-bundle signal,0.26,,,2.0,0.00,0.00,20,,0,14,6,Medium: CPO source-map supported,Connectivity know-how but data-center CPO evidence limited.,"Tiny cap, product adoption",,"Treat as a CPO-specific catalyst candidate: verify direct design wins, named ecosystem evidence and whether optical adoption is already priced in.",2.18,USD,0.26,39.74,2026-06-23,https://finance.yahoo.com/quote/VLN/,103,37.8,0.0,37.8,6.0,packaging_memory_test,AI 2027/current overlay: packaging_memory_test; bonus +6.0 after cap/YTD discipline.
100,2408.TW,2408.TW,Nanya Technology,Non-US,Taiwan,Memory,Memory,Memory and AI-server pull,Both bundles,43.8,95,38.0,52,61.6,43,Useful disagreement,49.45,2.00,24.72,1.0,0.00,0.00,20,25,0,12,8,High: cross-bundle with public value-chain support,Memory recovery rather than CPO alpha.,Commodity memory cycle,Memory-cycle recovery; not HBM leader but DRAM beta.,Use as a cross-validated watchlist name: compare why each bundle scored it differently before assigning portfolio weight or research time.,454.5,TWD,49.45,119.57,2026-06-23,https://finance.yahoo.com/quote/2408.TW/,90,47.5,3.0,44.5,-0.7,"compute_factory,packaging_memory_test","AI 2027/current overlay: compute_factory,packaging_memory_test; bonus -0.7 after cap/YTD discipline."
101,ICHR,ICHR,Ichor Holdings,US,United States,Fluid delivery subsystems for WFE,WFE subsystems,Wafer equipment and process tools,Broad bundle only,43.7,,,22,69.7,,Single-bundle signal,3.17,0.90,3.53,,,,,38,,,,"Medium: broad map supported, single bundle","Positive alpha screen: attractive theme but either valuation, risk, scale, or crowding reduces asymmetry.",Single-bundle validation risk,Subassembly supplier with WFE-cycle leverage.,"Treat as a discovery candidate: validate liquidity, filings, customer proof and whether the broad-alpha signal survives outside the CPO map.",92.03,USD,3.17,350.91,2026-06-23,https://finance.yahoo.com/quote/ICHR/,92,73.7,15.0,58.7,-15.0,packaging_memory_test,AI 2027/current overlay: packaging_memory_test; bonus -15.0 after cap/YTD discipline.
102,6770.TW,6770.TW,Powerchip Semiconductor,Non-US,Taiwan,Foundry/memory,Foundry/memory,"Foundry, ASIC and design enablement",CPO bundle only,43.2,85,41.0,,,,Single-bundle signal,9.55,,,1.0,0.00,0.00,20,,0,7,13,Low-medium: single-bundle or inference-heavy,Low CPO direct exposure.,Mature-node/memory cycle,,"Treat as a CPO-specific catalyst candidate: verify direct design wins, named ecosystem evidence and whether optical adoption is already priced in.",78.6,TWD,9.55,86.7,2026-06-23,https://finance.yahoo.com/quote/6770.TW/,102,34.5,0.8,33.7,9.5,"compute_factory,packaging_memory_test,power_grid","AI 2027/current overlay: compute_factory,packaging_memory_test,power_grid; bonus +9.5 after cap/YTD discipline."
103,SIMO,SIMO,Silicon Motion,Non-US,Taiwan,Storage controllers,Storage controllers,Semiconductor infrastructure,Both bundles,43.2,78,43.0,57,59.7,21,Moderate agreement,10.73,0.90,11.92,1.0,0.00,0.00,20,22,0,10,10,High: cross-bundle with public value-chain support,AI storage optionality but not optical/cable.,Storage cycle,AI servers need storage controllers but this is more indirect than HBM/CPO.,Use as a cross-validated watchlist name: compare why each bundle scored it differently before assigning portfolio weight or research time.,316.63,USD,10.73,237.7,2026-06-23,https://finance.yahoo.com/quote/SIMO/,98,52.3,9.4,42.9,0.3,"compute_factory,packaging_memory_test,physical_ai","AI 2027/current overlay: compute_factory,packaging_memory_test,physical_ai; bonus +0.3 after cap/YTD discipline."
104,603986.SS,603986.SS,GigaDevice,Non-US,China,Memory/MCU,Memory / MCU,Memory and AI-server pull,Both bundles,40.8,68,47.0,78,52.5,10,Strong agreement,72.36,1.20,60.30,1.0,0.29,0.40,20,52,0,12,8,High: cross-bundle with public value-chain support,China semi localization; little optical interconnect exposure.,China cycles and competition,China memory/MCU localization lever; cyclical and geopolitical risk.,Use as a cross-validated watchlist name: compare why each bundle scored it differently before assigning portfolio weight or research time.,640.99,CNY,72.36,171.97,2026-06-23,https://finance.yahoo.com/quote/603986.SS/,94,51.6,6.1,45.5,-4.7,"compute_factory,packaging_memory_test","AI 2027/current overlay: compute_factory,packaging_memory_test; bonus -4.7 after cap/YTD discipline."
105,3105.TWO,3105.TW,WIN Semiconductors,Non-US,Taiwan,Compound semi foundry,RF / compound foundry,"Foundry, ASIC and design enablement",Both bundles,39.4,88,40.0,47,63.0,41,Useful disagreement,7.25,0.53,13.67,2.0,0.00,0.00,20,98,0,10,10,High: cross-bundle with public value-chain support,Compound semi foundry may touch photonics/RF; direct CPO evidence limited.,RF cycle,RF/compound foundry with optical/RF adjacency.,Use as a cross-validated watchlist name: compare why each bundle scored it differently before assigning portfolio weight or research time.,522.0,TWD,7.25,191.62,2026-06-23,https://finance.yahoo.com/quote/3105.TWO/,105,49.5,7.1,42.4,-3.0,"compute_factory,packaging_memory_test","AI 2027/current overlay: compute_factory,packaging_memory_test; bonus -3.0 after cap/YTD discipline."
106,SYNA,SYNA,Synaptics,US,United States,Edge AI/IoT,Edge AI/IoT,Semiconductor infrastructure,CPO bundle only,36.8,87,40.0,,,,Single-bundle signal,5.26,,,1.0,0.00,0.00,20,,0,10,10,Medium: CPO source-map supported,"Edge AI optionality, low CPO exposure.",IoT and consumer cycles,,"Treat as a CPO-specific catalyst candidate: verify direct design wins, named ecosystem evidence and whether optical adoption is already priced in.",135.605,USD,5.26,79.04,2026-06-23,https://finance.yahoo.com/quote/SYNA/,106,33.3,0.3,33.0,3.8,"packaging_memory_test,physical_ai","AI 2027/current overlay: packaging_memory_test,physical_ai; bonus +3.8 after cap/YTD discipline."
107,INTC,INTC,Intel,US,United States,Integrated device/foundry,Foundry / IDM,"Foundry, ASIC and design enablement",Both bundles,36.2,64,49.0,87,47.3,23,Moderate agreement,672.48,52.85,12.72,3.0,3.91,0.58,20,39,0,9,11,High-medium: cross-bundle agreement,"Silicon photonics and advanced packaging optionality, but stock is dominated by foundry/CPU turnaround.",Foundry turnaround and manufacturing execution,Turnaround/foundry optionality; large capex and execution risk.,Use as a cross-validated watchlist name: compare why each bundle scored it differently before assigning portfolio weight or research time.,133.97,USD,672.48,240.2,2026-06-23,https://finance.yahoo.com/quote/INTC/,107,50.2,9.5,40.7,-4.5,"compute_factory,packaging_memory_test,security_sovereign","AI 2027/current overlay: compute_factory,packaging_memory_test,security_sovereign; bonus -4.5 after cap/YTD discipline."
108,3034.TW,3034.TW,Novatek Microelectronics,Non-US,Taiwan,Display/consumer IC,Display/consumer IC,Semiconductor infrastructure,CPO bundle only,35.6,89,40.0,,,,Single-bundle signal,10.90,,,1.0,0.00,0.00,20,,0,10,10,Medium: CPO source-map supported,Low CPO exposure.,Consumer/display cycle,,"Treat as a CPO-specific catalyst candidate: verify direct design wins, named ecosystem evidence and whether optical adoption is already priced in.",544.0,TWD,10.90,48.23,2026-06-23,https://finance.yahoo.com/quote/3034.TW/,110,31.1,0.0,31.1,4.5,packaging_memory_test,AI 2027/current overlay: packaging_memory_test; bonus +4.5 after cap/YTD discipline.
109,MU,MU,Micron Technology,US,United States,Memory,HBM / memory,Memory and AI-server pull,Both bundles,35.3,59,51.0,84,48.4,25,Moderate agreement,1217.00,58.11,20.94,2.0,6.14,0.50,20,25,0,12,8,High: cross-bundle with public value-chain support,AI memory demand strong; CPO is indirect via larger AI clusters.,"Memory cycle, capex, pricing",HBM and high-capacity DRAM/NAND beneficiary of AI server builds; cyclicality and capex discipline are watch items.,Use as a cross-validated watchlist name: compare why each bundle scored it differently before assigning portfolio weight or research time.,1073.88,USD,1217.00,240.46,2026-06-23,https://finance.yahoo.com/quote/MU/,109,52.3,9.5,42.8,-7.5,"compute_factory,packaging_memory_test","AI 2027/current overlay: compute_factory,packaging_memory_test; bonus -7.5 after cap/YTD discipline."
110,KLIC,KLIC,Kulicke and Soffa,Non-US,Singapore,Packaging equipment,Packaging equipment,Advanced packaging bottleneck,CPO bundle only,32.5,69,46.0,,,,Single-bundle signal,6.54,,,3.0,0.04,0.61,20,,0,7,13,Low-medium: single-bundle or inference-heavy,"Packaging tool exposure, but narrower and cyclically volatile.",Packaging cycle,,"Treat as a CPO-specific catalyst candidate: verify direct design wins, named ecosystem evidence and whether optical adoption is already priced in.",125.375,USD,6.54,159.31,2026-06-23,https://finance.yahoo.com/quote/KLIC/,108,45.0,5.5,39.5,-7.0,packaging_memory_test,AI 2027/current overlay: packaging_memory_test; bonus -7.0 after cap/YTD discipline.
111,HIMX,HIMX,Himax Technologies,Non-US,Taiwan,Display/edge vision IC,Display/edge vision IC,Semiconductor infrastructure,CPO bundle only,31.8,91,39.0,,,,Single-bundle signal,2.96,,,1.0,0.00,0.00,20,,0,10,10,Medium: CPO source-map supported,Low CPO exposure.,Display cycle,,"Treat as a CPO-specific catalyst candidate: verify direct design wins, named ecosystem evidence and whether optical adoption is already priced in.",16.88,USD,2.96,97.89,2026-06-23,https://finance.yahoo.com/quote/HIMX/,116,32.8,1.5,31.3,0.5,packaging_memory_test,AI 2027/current overlay: packaging_memory_test; bonus +0.5 after cap/YTD discipline.
112,CEVA,CEVA,CEVA,Non-US,Israel,IP/connectivity,IP/connectivity,Optics / CPO leverage,CPO bundle only,31.4,81,42.0,,,,Single-bundle signal,1.29,,,1.0,0.00,0.00,20,,0,5,15,Low-medium: single-bundle or inference-heavy,Small IP company; not CPO-related.,IP adoption volatility,,"Treat as a CPO-specific catalyst candidate: verify direct design wins, named ecosystem evidence and whether optical adoption is already priced in.",46.38,USD,1.29,106.87,2026-06-23,https://finance.yahoo.com/quote/CEVA/,112,36.0,2.1,33.9,-2.5,packaging_memory_test,AI 2027/current overlay: packaging_memory_test; bonus -2.5 after cap/YTD discipline.
113,688256.SS,688256.SS,Cambricon Technologies,Non-US,China,AI accelerator chips,AI compute,Semiconductor infrastructure,Broad bundle only,29.8,,,97,40.6,,Single-bundle signal,135.02,0.70,192.89,,,,,24,,,,Low-medium: single-bundle or inference-heavy,"Lower alpha in this framework: likely discovered, less directly levered to CPO/AI, or materially risky.",Single-bundle validation risk,"China AI accelerator optionality but high valuation, policy/geopolitical risk.","Treat as a discovery candidate: validate liquidity, filings, customer proof and whether the broad-alpha signal survives outside the CPO map.",1413.0,CNY,135.02,51.47,2026-06-23,https://finance.yahoo.com/quote/688256.SS/,113,25.8,0.0,25.8,4.0,"compute_factory,packaging_memory_test","AI 2027/current overlay: compute_factory,packaging_memory_test; bonus +4.0 after cap/YTD discipline."
114,300308.SZ,300308.SZ,Zhongji Innolight,Non-US,China,High-speed optical transceiver modules,Optical modules,Optics / CPO leverage,Broad bundle only,25.5,,,90,46.4,,Single-bundle signal,215.50,7.10,30.35,,,,,34,,,,Low-medium: single-bundle or inference-heavy,"Lower alpha in this framework: likely discovered, less directly levered to CPO/AI, or materially risky.",Single-bundle validation risk,"Innolight was named in the screenshot; huge AI-optical module growth, but no longer undiscovered.","Treat as a discovery candidate: validate liquidity, filings, customer proof and whether the broad-alpha signal survives outside the CPO map.",1310.01,CNY,215.50,110.1,2026-06-23,https://finance.yahoo.com/quote/300308.SZ/,114,33.8,2.3,31.5,-6.0,packaging_memory_test,AI 2027/current overlay: packaging_memory_test; bonus -6.0 after cap/YTD discipline.
115,000660.KS,000660.KS,SK Hynix,Non-US,South Korea,Memory,HBM / memory,Memory and AI-server pull,Both bundles,25.3,43,57.0,95,44.5,52,Major disagreement,998.27,70.00,14.26,2.0,11.78,1.18,20,25,0,12,8,High: cross-bundle with public value-chain support,HBM is a gating item for AI clusters; CPO tailwind is indirect but strong cluster-scale AI proxy.,HBM competition and memory cycle,HBM leader levered to AI accelerators; customer concentration/cycle risk.,Use as a cross-validated watchlist name: compare why each bundle scored it differently before assigning portfolio weight or research time.,2555000.0,KRW,998.27,277.4,2026-06-23,https://finance.yahoo.com/quote/000660.KS/,111,52.2,11.4,40.8,-15.5,"compute_factory,packaging_memory_test","AI 2027/current overlay: compute_factory,packaging_memory_test; bonus -15.5 after cap/YTD discipline."
116,DIOD,DIOD,Diodes Incorporated,US,United States,Discrete/analog,Discrete/analog,Semiconductor infrastructure,CPO bundle only,24.0,92,39.0,,,,Single-bundle signal,5.49,,,1.0,0.00,0.00,20,,0,10,10,Medium: CPO source-map supported,Low direct CPO link.,Broad-cycle exposure,,"Treat as a CPO-specific catalyst candidate: verify direct design wins, named ecosystem evidence and whether optical adoption is already priced in.",113.25,USD,5.49,120.2,2026-06-23,https://finance.yahoo.com/quote/DIOD/,117,30.0,3.0,27.0,-3.0,packaging_memory_test,AI 2027/current overlay: packaging_memory_test; bonus -3.0 after cap/YTD discipline.
117,IMOS,IMOS,ChipMOS Technologies,Non-US,Taiwan,OSAT/Packaging,OSAT/Packaging,Advanced packaging bottleneck,CPO bundle only,23.3,93,38.0,,,,Single-bundle signal,2.29,,,2.0,0.00,0.00,20,,0,7,13,Low-medium: single-bundle or inference-heavy,Small OSAT; low CPO-specific exposure.,Memory/display cycle,,"Treat as a CPO-specific catalyst candidate: verify direct design wins, named ecosystem evidence and whether optical adoption is already priced in.",65.935,USD,2.29,115.9,2026-06-23,https://finance.yahoo.com/quote/IMOS/,115,28.5,2.7,25.8,-2.5,packaging_memory_test,AI 2027/current overlay: packaging_memory_test; bonus -2.5 after cap/YTD discipline.
118,AAOI,AAOI,Applied Optoelectronics,US,United States,Datacenter optical transceivers/modules,Optical modules,Optics / CPO leverage,Broad bundle only,22.5,,,81,49.5,,Single-bundle signal,12.19,0.45,27.08,,,,,34,,,,Low-medium: single-bundle or inference-heavy,"Lower alpha in this framework: likely discovered, less directly levered to CPO/AI, or materially risky.",Single-bundle validation risk,"AI transceiver upside, but very large stock move means much of the first-order discovery may already be priced in.","Treat as a discovery candidate: validate liquidity, filings, customer proof and whether the broad-alpha signal survives outside the CPO map.",151.317,USD,12.19,282.11,2026-06-23,https://finance.yahoo.com/quote/AAOI/,119,40.1,11.6,28.5,-6.0,"compute_factory,packaging_memory_test,power_grid","AI 2027/current overlay: compute_factory,packaging_memory_test,power_grid; bonus -6.0 after cap/YTD discipline."
119,AMS.SW,AMS.SW,ams OSRAM,Non-US,Austria,Optoelectronics/sensors,Optoelectronics/sensors,Semiconductor infrastructure,CPO bundle only,20.4,99,35.0,,,,Single-bundle signal,2.40,,,2.0,0.00,0.00,20,,0,10,10,Medium: CPO source-map supported,Optical components expertise but not a direct CPO cable winner yet.,Balance sheet and industrial/auto optics cycle,,"Treat as a CPO-specific catalyst candidate: verify direct design wins, named ecosystem evidence and whether optical adoption is already priced in.",18.56,CHF,2.40,115.44,2026-06-23,https://finance.yahoo.com/quote/AMS.SW/,118,25.6,2.7,22.9,-2.5,packaging_memory_test,AI 2027/current overlay: packaging_memory_test; bonus -2.5 after cap/YTD discipline.
120,6415.TW,6415.TW,Silergy,Non-US,Taiwan,Power management,Power management,Semiconductor infrastructure,CPO bundle only,13.3,98,36.0,,,,Single-bundle signal,8.26,,,1.0,0.00,0.00,20,,0,10,10,Medium: CPO source-map supported,"Power ICs, not CPO-specific.",Consumer/industrial cycle,,"Treat as a CPO-specific catalyst candidate: verify direct design wins, named ecosystem evidence and whether optical adoption is already priced in.",645.0,TWD,8.26,247.71,2026-06-23,https://finance.yahoo.com/quote/6415.TW/,120,24.7,9.9,14.8,-1.5,"packaging_memory_test,power_grid","AI 2027/current overlay: packaging_memory_test,power_grid; bonus -1.5 after cap/YTD discipline."
