symbol,display,company,pages,ok,listing_status,currency,price,previous_close,ytd_return_pct,market_cap_local,market_cap_usd,market_time,as_of,quote_url,chart_url,error
000660.KS,000660,SK hynix,beneficiaries;bottleneck-sectors;carbon-vs-silicon;companies;market-snapshot;signals:twitter_ai_stock_report_2026_04_09;signals:twitter_ai_stock_report_2026_04_14,True,,KRW,1447000.0,651000.0,113.74,,,2026-05-04T06:30:26+00:00,2026-05-04,https://finance.yahoo.com/quote/000660.KS/,https://query1.finance.yahoo.com/v8/finance/chart/000660.KS?range=ytd&interval=1d,
001820.KS,001820,Samwha Capacitor,ai-passives,True,,KRW,68400.0,29250.0,126.87,,,2026-05-04T06:30:26+00:00,2026-05-04,https://finance.yahoo.com/quote/001820.KS/,https://query1.finance.yahoo.com/v8/finance/chart/001820.KS?range=ytd&interval=1d,
002281.SZ,002281,Accelink Technologies,companies,True,,CNY,144.28,69.95,103.7,,,2026-04-30T07:04:12+00:00,2026-05-04,https://finance.yahoo.com/quote/002281.SZ/,https://query1.finance.yahoo.com/v8/finance/chart/002281.SZ?range=ytd&interval=1d,
002371.SZ,002371.SZ,002371.SZ,beneficiaries;market-snapshot,True,,CNY,536.99,459.08,13.17,,,2026-04-30T07:04:30+00:00,2026-05-04,https://finance.yahoo.com/quote/002371.SZ/,https://query1.finance.yahoo.com/v8/finance/chart/002371.SZ?range=ytd&interval=1d,
005380.KS,005380.KS,Hyundai Motor,robotics,True,,KRW,539000.0,296500.0,80.57,,,2026-05-04T06:30:14+00:00,2026-05-04,https://finance.yahoo.com/quote/005380.KS/,https://query1.finance.yahoo.com/v8/finance/chart/005380.KS?range=ytd&interval=1d,
005930.KS,005930,Samsung Electronics,beneficiaries;bottleneck-sectors;companies;market-snapshot;signals:twitter_ai_stock_report_2026_04_09;signals:twitter_ai_stock_report_2026_04_14,True,,KRW,232500.0,119900.0,80.93,,,2026-05-04T06:30:15+00:00,2026-05-04,https://finance.yahoo.com/quote/005930.KS/,https://query1.finance.yahoo.com/v8/finance/chart/005930.KS?range=ytd&interval=1d,
009150.KS,009150.KS,009150.KS,ai-passives;bottleneck-sectors;market-snapshot,True,,KRW,918000.0,255000.0,240.0,,,2026-05-04T06:30:09+00:00,2026-05-04,https://finance.yahoo.com/quote/009150.KS/,https://query1.finance.yahoo.com/v8/finance/chart/009150.KS?range=ytd&interval=1d,
010120.KS,010120,LS ELECTRIC,ai-passives,True,,KRW,294000.0,92000.0,198.48,,,2026-05-04T06:30:06+00:00,2026-05-04,https://finance.yahoo.com/quote/010120.KS/,https://query1.finance.yahoo.com/v8/finance/chart/010120.KS?range=ytd&interval=1d,
034020.KS,034020.KS,034020.KS,bottleneck-sectors;market-snapshot,True,,KRW,127200.0,75300.0,69.15,,,2026-05-04T06:30:22+00:00,2026-05-04,https://finance.yahoo.com/quote/034020.KS/,https://query1.finance.yahoo.com/v8/finance/chart/034020.KS?range=ytd&interval=1d,
042700.KS,042700.KS,042700.KS,bottleneck-sectors;market-snapshot,True,,KRW,378000.0,127400.0,161.59,,,2026-05-04T06:30:20+00:00,2026-05-04,https://finance.yahoo.com/quote/042700.KS/,https://query1.finance.yahoo.com/v8/finance/chart/042700.KS?range=ytd&interval=1d,
0522.HK,0522.HK,0522.HK,bottleneck-sectors;market-snapshot,True,,HKD,165.1,77.7,103.33,,,2026-05-04T08:08:20+00:00,2026-05-04,https://finance.yahoo.com/quote/0522.HK/,https://query1.finance.yahoo.com/v8/finance/chart/0522.HK?range=ytd&interval=1d,
0981.HK,0981.HK,0981.HK,beneficiaries;market-snapshot,True,,HKD,72.15,71.35,-3.93,,,2026-05-04T08:08:21+00:00,2026-05-04,https://finance.yahoo.com/quote/0981.HK/,https://query1.finance.yahoo.com/v8/finance/chart/0981.HK?range=ytd&interval=1d,
1347.HK,1347.HK,1347.HK,beneficiaries;market-snapshot,True,,HKD,121.0,74.1,48.83,,,2026-05-04T08:08:21+00:00,2026-05-04,https://finance.yahoo.com/quote/1347.HK/,https://query1.finance.yahoo.com/v8/finance/chart/1347.HK?range=ytd&interval=1d,
2301.TW,2301,LITEON Technology,ai-passives,True,,TWD,171.5,163.5,2.69,,,2026-05-04T05:30:05+00:00,2026-05-04,https://finance.yahoo.com/quote/2301.TW/,https://query1.finance.yahoo.com/v8/finance/chart/2301.TW?range=ytd&interval=1d,
2303.TW,2303.TW,UMC,signals:twitter_ai_stock_report_2026_04_09;signals:twitter_ai_stock_report_2026_04_14,True,,TWD,81.2,49.25,66.74,,,2026-05-04T05:30:01+00:00,2026-05-04,https://finance.yahoo.com/quote/2303.TW/,https://query1.finance.yahoo.com/v8/finance/chart/2303.TW?range=ytd&interval=1d,
2308.TW,2308,Delta Electronics,ai-passives;bottleneck-sectors;companies;market-snapshot,True,,TWD,2220.0,963.0,123.12,,,2026-05-04T05:30:07+00:00,2026-05-04,https://finance.yahoo.com/quote/2308.TW/,https://query1.finance.yahoo.com/v8/finance/chart/2308.TW?range=ytd&interval=1d,
2313.TW,2313.TW,2313.TW,ai-passives;bottleneck-sectors;market-snapshot,True,,TWD,268.5,93.1,183.83,,,2026-05-04T05:30:02+00:00,2026-05-04,https://finance.yahoo.com/quote/2313.TW/,https://query1.finance.yahoo.com/v8/finance/chart/2313.TW?range=ytd&interval=1d,
2317.TW,2317,Hon Hai Precision (Foxconn),ai-passives;companies;robotics;signals:twitter_ai_stock_report_2026_04_09;signals:twitter_ai_stock_report_2026_04_14,True,,TWD,227.5,230.5,-1.94,,,2026-05-04T05:30:03+00:00,2026-05-04,https://finance.yahoo.com/quote/2317.TW/,https://query1.finance.yahoo.com/v8/finance/chart/2317.TW?range=ytd&interval=1d,
2327.TW,2327,Yageo,ai-passives;bottleneck-sectors;companies;market-snapshot,True,,TWD,342.5,231.0,42.12,,,2026-05-04T05:30:04+00:00,2026-05-04,https://finance.yahoo.com/quote/2327.TW/,https://query1.finance.yahoo.com/v8/finance/chart/2327.TW?range=ytd&interval=1d,
2330.TW,2330.TW,TSMC,carbon-vs-silicon;signals:twitter_ai_stock_report_2026_04_09;signals:twitter_ai_stock_report_2026_04_14,True,,TWD,2275.0,1550.0,43.53,,,2026-05-04T05:30:06+00:00,2026-05-04,https://finance.yahoo.com/quote/2330.TW/,https://query1.finance.yahoo.com/v8/finance/chart/2330.TW?range=ytd&interval=1d,
2356.TW,2356,Inventec,ai-passives,True,,TWD,46.5,42.9,4.38,,,2026-05-04T05:30:18+00:00,2026-05-04,https://finance.yahoo.com/quote/2356.TW/,https://query1.finance.yahoo.com/v8/finance/chart/2356.TW?range=ytd&interval=1d,
2360.TW,2360,Chroma ATE,ai-passives,True,,TWD,2310.0,775.0,190.2,898013000000.0,28377210800.0,2026-05-04T05:30:29+00:00,2026-05-04,https://finance.yahoo.com/quote/2360.TW/,https://query1.finance.yahoo.com/v8/finance/chart/2360.TW?range=ytd&interval=1d,
2382.TW,2382,Quanta Computer,ai-passives;companies;signals:twitter_ai_stock_report_2026_04_09;signals:twitter_ai_stock_report_2026_04_14,True,,TWD,318.0,272.0,14.8,,,2026-05-04T05:30:17+00:00,2026-05-04,https://finance.yahoo.com/quote/2382.TW/,https://query1.finance.yahoo.com/v8/finance/chart/2382.TW?range=ytd&interval=1d,
2454.TW,2454.TW,MediaTek,signals:twitter_ai_stock_report_2026_04_09;signals:twitter_ai_stock_report_2026_04_14,True,,TWD,2870.0,1430.0,95.24,,,2026-05-04T05:30:05+00:00,2026-05-04,https://finance.yahoo.com/quote/2454.TW/,https://query1.finance.yahoo.com/v8/finance/chart/2454.TW?range=ytd&interval=1d,
2492.TW,2492,Walsin Technology,ai-passives,True,,TWD,138.5,117.0,11.24,,,2026-05-04T05:30:22+00:00,2026-05-04,https://finance.yahoo.com/quote/2492.TW/,https://query1.finance.yahoo.com/v8/finance/chart/2492.TW?range=ytd&interval=1d,
267260.KS,267260,HD Hyundai Electric,ai-passives,True,,KRW,1299000.0,774000.0,58.61,,,2026-05-04T06:30:05+00:00,2026-05-04,https://finance.yahoo.com/quote/267260.KS/,https://query1.finance.yahoo.com/v8/finance/chart/267260.KS?range=ytd&interval=1d,
2802.T,2802.T,2802.T,bottleneck-sectors;market-snapshot,True,,JPY,4882.0,3317.0,46.87,4502000000000.0,28812800000.0,2026-05-01T06:30:00+00:00,2026-05-04,https://finance.yahoo.com/quote/2802.T/,https://query1.finance.yahoo.com/v8/finance/chart/2802.T?range=ytd&interval=1d,
298040.KS,298040,Hyosung Heavy Industries,ai-passives,True,,KRW,4228000.0,1781000.0,129.16,,,2026-05-04T06:30:01+00:00,2026-05-04,https://finance.yahoo.com/quote/298040.KS/,https://query1.finance.yahoo.com/v8/finance/chart/298040.KS?range=ytd&interval=1d,
3037.TW,3037,Unimicron,ai-passives;beneficiaries;bottleneck-sectors;companies;market-snapshot;signals:twitter_ai_stock_report_2026_04_09;signals:twitter_ai_stock_report_2026_04_14,True,,TWD,911.0,220.0,315.98,,,2026-05-04T05:30:03+00:00,2026-05-04,https://finance.yahoo.com/quote/3037.TW/,https://query1.finance.yahoo.com/v8/finance/chart/3037.TW?range=ytd&interval=1d,
3044.TW,3044,Tripod Technology,ai-passives;companies,True,,TWD,465.5,317.5,48.96,,,2026-05-04T05:30:27+00:00,2026-05-04,https://finance.yahoo.com/quote/3044.TW/,https://query1.finance.yahoo.com/v8/finance/chart/3044.TW?range=ytd&interval=1d,
3105.TWO,3105.TWO,Win Semi,signals:twitter_ai_stock_report_2026_04_09;signals:twitter_ai_stock_report_2026_04_14,True,,TWD,524.0,183.0,192.74,,,2026-05-04T05:30:18+00:00,2026-05-04,https://finance.yahoo.com/quote/3105.TWO/,https://query1.finance.yahoo.com/v8/finance/chart/3105.TWO?range=ytd&interval=1d,
3189.TW,3189,Kinsus Interconnect,companies,True,,TWD,531.0,159.0,240.38,,,2026-05-04T05:30:02+00:00,2026-05-04,https://finance.yahoo.com/quote/3189.TW/,https://query1.finance.yahoo.com/v8/finance/chart/3189.TW?range=ytd&interval=1d,
3231.TW,3231,Wistron,ai-passives;companies,True,,TWD,140.5,150.5,-9.35,,,2026-05-04T05:30:01+00:00,2026-05-04,https://finance.yahoo.com/quote/3231.TW/,https://query1.finance.yahoo.com/v8/finance/chart/3231.TW?range=ytd&interval=1d,
3436.T,3436.T,3436.T,beneficiaries;market-snapshot,True,,JPY,2533.0,1435.0,74.81,,,2026-05-01T06:30:00+00:00,2026-05-04,https://finance.yahoo.com/quote/3436.T/,https://query1.finance.yahoo.com/v8/finance/chart/3436.T?range=ytd&interval=1d,
3443.TW,3443.TW,Global Unichip,signals:twitter_ai_stock_report_2026_04_09;signals:twitter_ai_stock_report_2026_04_14,True,,TWD,4685.0,2125.0,114.42,,,2026-05-04T05:30:30+00:00,2026-05-04,https://finance.yahoo.com/quote/3443.TW/,https://query1.finance.yahoo.com/v8/finance/chart/3443.TW?range=ytd&interval=1d,
3532.TW,3532.TW,Formosa Sumco Technology,scaling,True,,TWD,207.5,95.1,114.36,,,2026-05-04T05:30:21+00:00,2026-05-04,https://finance.yahoo.com/quote/3532.TW/,https://query1.finance.yahoo.com/v8/finance/chart/3532.TW?range=ytd&interval=1d,
3711.TW,3711.TW,3711.TW,ai-passives;beneficiaries;bottleneck-sectors;market-snapshot;signals:twitter_ai_stock_report_2026_04_09;signals:twitter_ai_stock_report_2026_04_14,True,,TWD,525.0,250.5,103.49,,,2026-05-04T05:30:05+00:00,2026-05-04,https://finance.yahoo.com/quote/3711.TW/,https://query1.finance.yahoo.com/v8/finance/chart/3711.TW?range=ytd&interval=1d,
4004.T,4004,Resonac Holdings,beneficiaries;companies;market-snapshot,True,,JPY,14045.0,6526.0,108.04,,,2026-05-01T06:30:00+00:00,2026-05-04,https://finance.yahoo.com/quote/4004.T/,https://query1.finance.yahoo.com/v8/finance/chart/4004.T?range=ytd&interval=1d,
4062.T,4062,Ibiden,ai-passives;beneficiaries;bottleneck-sectors;companies;market-snapshot;signals:twitter_ai_stock_report_2026_04_09;signals:twitter_ai_stock_report_2026_04_14,True,,JPY,13375.0,6731.0,86.85,,,2026-05-01T06:30:00+00:00,2026-05-04,https://finance.yahoo.com/quote/4062.T/,https://query1.finance.yahoo.com/v8/finance/chart/4062.T?range=ytd&interval=1d,
4063.T,4063.T,4063.T,beneficiaries;market-snapshot,True,,JPY,7104.0,4873.0,43.69,,,2026-05-01T06:30:00+00:00,2026-05-04,https://finance.yahoo.com/quote/4063.T/,https://query1.finance.yahoo.com/v8/finance/chart/4063.T?range=ytd&interval=1d,
429A.T,429A.T,Tekscend Photomask,scaling,True,,JPY,4100.0,3030.0,33.12,,,2026-05-01T06:30:00+00:00,2026-05-04,https://finance.yahoo.com/quote/429A.T/,https://query1.finance.yahoo.com/v8/finance/chart/429A.T?range=ytd&interval=1d,
4958.TW,4958.TW,4958.TW,ai-passives;bottleneck-sectors;market-snapshot,True,,TWD,432.5,142.0,207.83,,,2026-05-04T05:30:05+00:00,2026-05-04,https://finance.yahoo.com/quote/4958.TW/,https://query1.finance.yahoo.com/v8/finance/chart/4958.TW?range=ytd&interval=1d,
5201.T,5201.T,5201.T,bottleneck-sectors;market-snapshot,True,,JPY,5574.0,5193.0,6.68,,,2026-05-01T06:30:00+00:00,2026-05-04,https://finance.yahoo.com/quote/5201.T/,https://query1.finance.yahoo.com/v8/finance/chart/5201.T?range=ytd&interval=1d,
5801.T,5801,Furukawa Electric,companies,True,,JPY,41190.0,10010.0,290.8,,,2026-05-01T06:30:00+00:00,2026-05-04,https://finance.yahoo.com/quote/5801.T/,https://query1.finance.yahoo.com/v8/finance/chart/5801.T?range=ytd&interval=1d,
5802.T,5802,Sumitomo Electric,ai-passives;companies,True,,JPY,9900.0,6325.0,47.54,,,2026-05-01T06:30:00+00:00,2026-05-04,https://finance.yahoo.com/quote/5802.T/,https://query1.finance.yahoo.com/v8/finance/chart/5802.T?range=ytd&interval=1d,
600487.SS,600487,Hengtong Optic-Electric,companies,True,,CNY,65.7,24.73,164.92,,,2026-04-30T07:00:01+00:00,2026-05-04,https://finance.yahoo.com/quote/600487.SS/,https://query1.finance.yahoo.com/v8/finance/chart/600487.SS?range=ytd&interval=1d,
600584.SS,600584.SS,600584.SS,beneficiaries;bottleneck-sectors;market-snapshot,True,,CNY,45.56,36.78,18.77,80703000000.0,11822989500.0,2026-04-30T07:00:01+00:00,2026-05-04,https://finance.yahoo.com/quote/600584.SS/,https://query1.finance.yahoo.com/v8/finance/chart/600584.SS?range=ytd&interval=1d,
6146.T,6146.T,Disco,signals:twitter_ai_stock_report_2026_04_09;signals:twitter_ai_stock_report_2026_04_14,True,,JPY,72250.0,48170.0,41.39,7926000000000.0,50726400000.0,2026-05-01T06:30:00+00:00,2026-05-04,https://finance.yahoo.com/quote/6146.T/,https://query1.finance.yahoo.com/v8/finance/chart/6146.T?range=ytd&interval=1d,
6268.T,6268.T,Nabtesco,robotics,True,,JPY,5041.0,3748.0,31.62,,,2026-05-01T06:30:00+00:00,2026-05-04,https://finance.yahoo.com/quote/6268.T/,https://query1.finance.yahoo.com/v8/finance/chart/6268.T?range=ytd&interval=1d,
6282.TW,6282,AcBel Polytech,ai-passives,True,,TWD,48.95,42.3,11.76,,,2026-05-04T05:30:09+00:00,2026-05-04,https://finance.yahoo.com/quote/6282.TW/,https://query1.finance.yahoo.com/v8/finance/chart/6282.TW?range=ytd&interval=1d,
6315.T,6315.T,TOWA Corporation,scaling,True,,JPY,3050.0,2150.0,33.42,,,2026-05-01T06:30:00+00:00,2026-05-04,https://finance.yahoo.com/quote/6315.T/,https://query1.finance.yahoo.com/v8/finance/chart/6315.T?range=ytd&interval=1d,
6324.T,6324.T,Harmonic Drive,robotics,True,,JPY,5150.0,3780.0,34.11,,,2026-05-01T06:30:00+00:00,2026-05-04,https://finance.yahoo.com/quote/6324.T/,https://query1.finance.yahoo.com/v8/finance/chart/6324.T?range=ytd&interval=1d,
6367.T,6367,Daikin Industries,bottleneck-sectors;companies;market-snapshot,True,,JPY,22855.0,20080.0,12.86,,,2026-05-01T06:30:00+00:00,2026-05-04,https://finance.yahoo.com/quote/6367.T/,https://query1.finance.yahoo.com/v8/finance/chart/6367.T?range=ytd&interval=1d,
6474.T,6474.T,Nachi-Fujikoshi,scaling,True,,JPY,5050.0,4350.0,12.22,,,2026-05-01T06:30:00+00:00,2026-05-04,https://finance.yahoo.com/quote/6474.T/,https://query1.finance.yahoo.com/v8/finance/chart/6474.T?range=ytd&interval=1d,
6488.TWO,6488.TW,6488.TW,beneficiaries;market-snapshot,True,,TWD,606.0,406.0,50.37,,,2026-05-04T05:30:40+00:00,2026-05-04,https://finance.yahoo.com/quote/6488.TWO/,https://query1.finance.yahoo.com/v8/finance/chart/6488.TWO?range=ytd&interval=1d,
6501.T,6501.T,6501.T,bottleneck-sectors;market-snapshot,True,,JPY,4795.0,4902.0,-5.39,24101000000000.0,154246400000.0,2026-05-01T06:30:00+00:00,2026-05-04,https://finance.yahoo.com/quote/6501.T/,https://query1.finance.yahoo.com/v8/finance/chart/6501.T?range=ytd&interval=1d,
6503.T,6503,Mitsubishi Electric,ai-passives,True,,JPY,6071.0,4585.0,26.74,,,2026-05-01T06:30:00+00:00,2026-05-04,https://finance.yahoo.com/quote/6503.T/,https://query1.finance.yahoo.com/v8/finance/chart/6503.T?range=ytd&interval=1d,
6504.T,6504,Fuji Electric,ai-passives,True,,JPY,13180.0,11850.0,9.02,,,2026-05-01T06:30:00+00:00,2026-05-04,https://finance.yahoo.com/quote/6504.T/,https://query1.finance.yahoo.com/v8/finance/chart/6504.T?range=ytd&interval=1d,
6506.T,6506.T,Yaskawa,robotics,True,,JPY,5521.0,4756.0,11.22,,,2026-05-01T06:30:00+00:00,2026-05-04,https://finance.yahoo.com/quote/6506.T/,https://query1.finance.yahoo.com/v8/finance/chart/6506.T?range=ytd&interval=1d,
6594.T,6594.T,Nidec,robotics,True,,JPY,2398.0,2132.0,14.63,,,2026-05-01T06:30:00+00:00,2026-05-04,https://finance.yahoo.com/quote/6594.T/,https://query1.finance.yahoo.com/v8/finance/chart/6594.T?range=ytd&interval=1d,
6669.TW,6669,Wiwynn,ai-passives;companies;signals:twitter_ai_stock_report_2026_04_09;signals:twitter_ai_stock_report_2026_04_14,True,,TWD,4860.0,4485.0,8.48,,,2026-05-04T05:30:28+00:00,2026-05-04,https://finance.yahoo.com/quote/6669.TW/,https://query1.finance.yahoo.com/v8/finance/chart/6669.TW?range=ytd&interval=1d,
6723.T,6723,Renesas Electronics,ai-passives,True,,JPY,3205.0,2140.0,44.04,,,2026-05-01T06:30:00+00:00,2026-05-04,https://finance.yahoo.com/quote/6723.T/,https://query1.finance.yahoo.com/v8/finance/chart/6723.T?range=ytd&interval=1d,
6752.T,6752,Panasonic Holdings,ai-passives,True,,JPY,3324.0,2023.5,59.92,7245000000000.0,46368000000.0,2026-05-01T06:30:00+00:00,2026-05-04,https://finance.yahoo.com/quote/6752.T/,https://query1.finance.yahoo.com/v8/finance/chart/6752.T?range=ytd&interval=1d,
6754.T,6754,Anritsu,companies,True,,JPY,3858.0,2244.5,68.62,,,2026-05-01T06:30:00+00:00,2026-05-04,https://finance.yahoo.com/quote/6754.T/,https://query1.finance.yahoo.com/v8/finance/chart/6754.T?range=ytd&interval=1d,
6758.T,6758.T,Sony,robotics,True,,JPY,3127.0,4024.0,-23.34,,,2026-05-01T06:30:00+00:00,2026-05-04,https://finance.yahoo.com/quote/6758.T/,https://query1.finance.yahoo.com/v8/finance/chart/6758.T?range=ytd&interval=1d,
6762.T,6762,TDK,ai-passives;bottleneck-sectors;companies;market-snapshot,True,,JPY,2775.5,2211.0,23.36,4965000000000.0,31776000000.0,2026-05-01T06:30:00+00:00,2026-05-04,https://finance.yahoo.com/quote/6762.T/,https://query1.finance.yahoo.com/v8/finance/chart/6762.T?range=ytd&interval=1d,
6777.T,6777.T,6777.T,bottleneck-sectors;market-snapshot,True,,JPY,27830.0,9130.0,204.15,,,2026-05-01T06:30:00+00:00,2026-05-04,https://finance.yahoo.com/quote/6777.T/,https://query1.finance.yahoo.com/v8/finance/chart/6777.T?range=ytd&interval=1d,
6817.T,6817,Sumida,ai-passives,True,,JPY,1238.0,1144.0,7.09,,,2026-05-01T06:30:00+00:00,2026-05-04,https://finance.yahoo.com/quote/6817.T/,https://query1.finance.yahoo.com/v8/finance/chart/6817.T?range=ytd&interval=1d,
6857.T,6857,Advantest,beneficiaries;companies;market-snapshot;signals:twitter_ai_stock_report_2026_04_09;signals:twitter_ai_stock_report_2026_04_14,True,,JPY,27815.0,19635.0,31.36,,,2026-05-01T06:30:00+00:00,2026-05-04,https://finance.yahoo.com/quote/6857.T/,https://query1.finance.yahoo.com/v8/finance/chart/6857.T?range=ytd&interval=1d,
6861.T,6861.T,Keyence,robotics,True,,JPY,76460.0,56680.0,33.72,,,2026-05-01T06:30:00+00:00,2026-05-04,https://finance.yahoo.com/quote/6861.T/,https://query1.finance.yahoo.com/v8/finance/chart/6861.T?range=ytd&interval=1d,
6869.HK,6869,YOFC,companies,True,,HKD,223.8,51.7,327.1,,,2026-05-04T08:08:21+00:00,2026-05-04,https://finance.yahoo.com/quote/6869.HK/,https://query1.finance.yahoo.com/v8/finance/chart/6869.HK?range=ytd&interval=1d,
688012.SS,688012.SS,688012.SS,beneficiaries;market-snapshot,True,,CNY,376.3,272.72,20.87,,,2026-04-30T07:00:02+00:00,2026-05-04,https://finance.yahoo.com/quote/688012.SS/,https://query1.finance.yahoo.com/v8/finance/chart/688012.SS?range=ytd&interval=1d,
688256.SS,688256.SS,688256.SS,beneficiaries;market-snapshot,True,,CNY,1699.96,1355.55,22.3,,,2026-04-30T07:00:01+00:00,2026-05-04,https://finance.yahoo.com/quote/688256.SS/,https://query1.finance.yahoo.com/v8/finance/chart/688256.SS?range=ytd&interval=1d,
6920.T,6920.T,6920.T,beneficiaries;market-snapshot;signals:twitter_ai_stock_report_2026_04_09;signals:twitter_ai_stock_report_2026_04_14,True,,JPY,42930.0,29645.0,35.38,,,2026-05-01T06:30:00+00:00,2026-05-04,https://finance.yahoo.com/quote/6920.T/,https://query1.finance.yahoo.com/v8/finance/chart/6920.T?range=ytd&interval=1d,
6925.T,6925.T,6925.T,beneficiaries;market-snapshot,True,,JPY,3175.0,2505.0,22.85,,,2026-05-01T06:30:00+00:00,2026-05-04,https://finance.yahoo.com/quote/6925.T/,https://query1.finance.yahoo.com/v8/finance/chart/6925.T?range=ytd&interval=1d,
6951.T,6951.T,JEOL Ltd.,scaling,True,,JPY,6211.0,5031.0,23.36,,,2026-05-01T06:30:00+00:00,2026-05-04,https://finance.yahoo.com/quote/6951.T/,https://query1.finance.yahoo.com/v8/finance/chart/6951.T?range=ytd&interval=1d,
6954.T,6954.T,Fanuc,robotics,True,,JPY,6820.0,6084.0,8.19,,,2026-05-01T06:30:00+00:00,2026-05-04,https://finance.yahoo.com/quote/6954.T/,https://query1.finance.yahoo.com/v8/finance/chart/6954.T?range=ytd&interval=1d,
6963.T,6963,ROHM,ai-passives;companies,True,,JPY,3487.0,2220.0,53.11,,,2026-05-01T06:30:00+00:00,2026-05-04,https://finance.yahoo.com/quote/6963.T/,https://query1.finance.yahoo.com/v8/finance/chart/6963.T?range=ytd&interval=1d,
6965.T,6965.T,6965.T,beneficiaries;bottleneck-sectors;market-snapshot,True,,JPY,2006.0,1661.0,17.48,,,2026-05-01T06:30:00+00:00,2026-05-04,https://finance.yahoo.com/quote/6965.T/,https://query1.finance.yahoo.com/v8/finance/chart/6965.T?range=ytd&interval=1d,
6967.T,6967.T,Shinko Electric,signals:twitter_ai_stock_report_2026_04_09;signals:twitter_ai_stock_report_2026_04_14,False,"Delisted June 6, 2025 after the JICC-04 / JIC Capital tender offer; no current public stock price exists.",,,,,,,,2026-05-04,https://www.shinko.co.jp/english/ir/faq/,https://query1.finance.yahoo.com/v8/finance/chart/6967.T?range=ytd&interval=1d,"Delisted June 6, 2025 after the JICC-04 / JIC Capital tender offer; no current public stock price exists."
6971.T,6971,Kyocera,ai-passives;companies,True,,JPY,2746.5,2196.5,23.08,3543000000000.0,22675200000.0,2026-05-01T06:30:00+00:00,2026-05-04,https://finance.yahoo.com/quote/6971.T/,https://query1.finance.yahoo.com/v8/finance/chart/6971.T?range=ytd&interval=1d,
6976.T,6976.T,6976.T,ai-passives;bottleneck-sectors;market-snapshot,True,,JPY,6143.0,3540.0,67.25,,,2026-05-01T06:30:00+00:00,2026-05-04,https://finance.yahoo.com/quote/6976.T/,https://query1.finance.yahoo.com/v8/finance/chart/6976.T?range=ytd&interval=1d,
6981.T,6981,Murata Manufacturing,ai-passives;bottleneck-sectors;companies;market-snapshot,True,,JPY,5138.0,3246.0,54.29,,,2026-05-01T06:30:00+00:00,2026-05-04,https://finance.yahoo.com/quote/6981.T/,https://query1.finance.yahoo.com/v8/finance/chart/6981.T?range=ytd&interval=1d,
6996.T,6996,Nichicon,ai-passives,True,,JPY,2335.0,1636.0,40.92,,,2026-05-01T06:30:00+00:00,2026-05-04,https://finance.yahoo.com/quote/6996.T/,https://query1.finance.yahoo.com/v8/finance/chart/6996.T?range=ytd&interval=1d,
6997.T,6997,Nippon Chemi-Con,ai-passives,True,,JPY,2651.0,1450.0,76.38,,,2026-05-01T06:30:00+00:00,2026-05-04,https://finance.yahoo.com/quote/6997.T/,https://query1.finance.yahoo.com/v8/finance/chart/6997.T?range=ytd&interval=1d,
7011.T,7011.T,7011.T,bottleneck-sectors;market-snapshot,True,,JPY,4586.0,3840.0,10.19,15957000000000.0,102124800000.0,2026-05-01T06:30:00+00:00,2026-05-04,https://finance.yahoo.com/quote/7011.T/,https://query1.finance.yahoo.com/v8/finance/chart/7011.T?range=ytd&interval=1d,
7012.T,7012.T,7012.T,bottleneck-sectors;market-snapshot,True,,JPY,3151.0,2076.0,40.67,,,2026-05-01T06:30:00+00:00,2026-05-04,https://finance.yahoo.com/quote/7012.T/,https://query1.finance.yahoo.com/v8/finance/chart/7012.T?range=ytd&interval=1d,
7911.T,7911.T,7911.T,bottleneck-sectors;market-snapshot,True,,JPY,5080.0,4661.0,9.01,,,2026-05-01T06:30:00+00:00,2026-05-04,https://finance.yahoo.com/quote/7911.T/,https://query1.finance.yahoo.com/v8/finance/chart/7911.T?range=ytd&interval=1d,
8035.T,8035,Tokyo Electron,beneficiaries;bottleneck-sectors;companies;market-snapshot;signals:twitter_ai_stock_report_2026_04_09;signals:twitter_ai_stock_report_2026_04_14,True,,JPY,47450.0,34320.0,28.49,,,2026-05-01T06:30:00+00:00,2026-05-04,https://finance.yahoo.com/quote/8035.T/,https://query1.finance.yahoo.com/v8/finance/chart/8035.T?range=ytd&interval=1d,
8046.TW,8046,Nan Ya PCB,beneficiaries;bottleneck-sectors;companies;market-snapshot,True,,TWD,986.0,241.0,316.03,,,2026-05-04T05:30:07+00:00,2026-05-04,https://finance.yahoo.com/quote/8046.TW/,https://query1.finance.yahoo.com/v8/finance/chart/8046.TW?range=ytd&interval=1d,
9880.HK,9880.HK,UBTECH Robotics,robotics,True,,HKD,107.8,126.3,-17.71,,,2026-05-04T08:08:21+00:00,2026-05-04,https://finance.yahoo.com/quote/9880.HK/,https://query1.finance.yahoo.com/v8/finance/chart/9880.HK?range=ytd&interval=1d,
AAOI,AAOI,Applied Optoelectronics,beneficiaries;companies;market-snapshot;signals:twitter_ai_stock_report_2026_04_09;signals:twitter_ai_stock_report_2026_04_14,True,,USD,183.44,34.86,363.23,14684000000.0,14684000000.0,2026-05-01T20:00:04+00:00,2026-05-04,https://finance.yahoo.com/quote/AAOI/,https://query1.finance.yahoo.com/v8/finance/chart/AAOI?range=ytd&interval=1d,
AAON,AAON,AAON,bottleneck-sectors;market-snapshot,True,,USD,93.59,76.25,18.18,7670000000.0,7670000000.0,2026-05-01T20:00:00+00:00,2026-05-04,https://finance.yahoo.com/quote/AAON/,https://query1.finance.yahoo.com/v8/finance/chart/AAON?range=ytd&interval=1d,
ABBN.SW,ABBN,ABB,ai-passives;bottleneck-sectors;companies;market-snapshot;robotics,True,,CHF,79.34,59.22,29.56,,,2026-05-04T09:16:37+00:00,2026-05-04,https://finance.yahoo.com/quote/ABBN.SW/,https://query1.finance.yahoo.com/v8/finance/chart/ABBN.SW?range=ytd&interval=1d,
ADI,ADI,Analog Devices,ai-passives,True,,USD,397.69,271.2,45.28,194154000000.0,194154000000.0,2026-05-01T20:00:01+00:00,2026-05-04,https://finance.yahoo.com/quote/ADI/,https://query1.finance.yahoo.com/v8/finance/chart/ADI?range=ytd&interval=1d,
AEHR,AEHR,Aehr Test Systems,scaling;signals:twitter_ai_stock_report_2026_04_09;signals:twitter_ai_stock_report_2026_04_14,True,,USD,93.07,20.19,319.99,2927000000.0,2927000000.0,2026-05-01T20:00:01+00:00,2026-05-04,https://finance.yahoo.com/quote/AEHR/,https://query1.finance.yahoo.com/v8/finance/chart/AEHR?range=ytd&interval=1d,
AEIS,AEIS,Advanced Energy Industries,ai-passives,True,,USD,389.05,209.37,75.26,14795000000.0,14795000000.0,2026-05-01T20:00:00+00:00,2026-05-04,https://finance.yahoo.com/quote/AEIS/,https://query1.finance.yahoo.com/v8/finance/chart/AEIS?range=ytd&interval=1d,
AI.PA,AI,Air Liquide,companies,True,,EUR,181.26,160.26,14.0,104510000000.0,122506622000.0,2026-05-04T09:16:44+00:00,2026-05-04,https://finance.yahoo.com/quote/AI.PA/,https://query1.finance.yahoo.com/v8/finance/chart/AI.PA?range=ytd&interval=1d,
AIP,AIP,Arteris,scaling,True,,USD,28.95,15.5,85.82,,,2026-05-01T20:00:01+00:00,2026-05-04,https://finance.yahoo.com/quote/AIP/,https://query1.finance.yahoo.com/v8/finance/chart/AIP?range=ytd&interval=1d,
ALAB,ALAB,Astera Labs,ai-passives;beneficiaries;companies;market-snapshot,True,,USD,202.68,166.36,12.88,34715000000.0,34715000000.0,2026-05-01T20:00:01+00:00,2026-05-04,https://finance.yahoo.com/quote/ALAB/,https://query1.finance.yahoo.com/v8/finance/chart/ALAB?range=ytd&interval=1d,
ALFA.ST,ALFA.ST,ALFA.ST,bottleneck-sectors;market-snapshot,True,,SEK,548.8,465.7,17.16,,,2026-05-04T09:45:02+00:00,2026-05-04,https://finance.yahoo.com/quote/ALFA.ST/,https://query1.finance.yahoo.com/v8/finance/chart/ALFA.ST?range=ytd&interval=1d,
ALKAL.PA,ALKAL.PA,Kalray,scaling,True,,EUR,8.5,1.18,592.18,,,2026-05-04T09:16:21+00:00,2026-05-04,https://finance.yahoo.com/quote/ALKAL.PA/,https://query1.finance.yahoo.com/v8/finance/chart/ALKAL.PA?range=ytd&interval=1d,
ALLT,ALLT,Allot,scaling,True,,USD,7.62,9.83,-21.12,,,2026-05-01T20:00:00+00:00,2026-05-04,https://finance.yahoo.com/quote/ALLT/,https://query1.finance.yahoo.com/v8/finance/chart/ALLT?range=ytd&interval=1d,
ALRIB.PA,ALRIB.PA,Riber,signals:twitter_ai_stock_report_2026_04_09;signals:twitter_ai_stock_report_2026_04_14,True,,EUR,13.72,3.5,283.24,273081000.0,320105548.2,2026-05-04T09:15:05+00:00,2026-05-04,https://finance.yahoo.com/quote/ALRIB.PA/,https://query1.finance.yahoo.com/v8/finance/chart/ALRIB.PA?range=ytd&interval=1d,
AMAT,AMAT,Applied Materials,beneficiaries;bottleneck-sectors;companies;market-snapshot;signals:twitter_ai_stock_report_2026_04_09;signals:twitter_ai_stock_report_2026_04_14,True,,USD,389.08,256.99,44.71,308778000000.0,308778000000.0,2026-05-01T20:00:01+00:00,2026-05-04,https://finance.yahoo.com/quote/AMAT/,https://query1.finance.yahoo.com/v8/finance/chart/AMAT?range=ytd&interval=1d,
AMD,AMD,AMD,beneficiaries;companies;market-snapshot;robotics;signals:twitter_ai_stock_report_2026_04_09;signals:twitter_ai_stock_report_2026_04_14,True,,USD,360.54,214.16,61.34,577964000000.0,577964000000.0,2026-05-01T20:00:01+00:00,2026-05-04,https://finance.yahoo.com/quote/AMD/,https://query1.finance.yahoo.com/v8/finance/chart/AMD?range=ytd&interval=1d,
AMKR,AMKR,Amkor Technology,beneficiaries;bottleneck-sectors;companies;market-snapshot;signals:twitter_ai_stock_report_2026_04_09;signals:twitter_ai_stock_report_2026_04_14,True,,USD,71.09,39.48,65.63,17621000000.0,17621000000.0,2026-05-01T20:00:01+00:00,2026-05-04,https://finance.yahoo.com/quote/AMKR/,https://query1.finance.yahoo.com/v8/finance/chart/AMKR?range=ytd&interval=1d,
AMS.SW,AMS.SW,AMS.SW,bottleneck-sectors;market-snapshot,True,,CHF,12.68,7.85,47.19,,,2026-05-04T09:29:47+00:00,2026-05-04,https://finance.yahoo.com/quote/AMS.SW/,https://query1.finance.yahoo.com/v8/finance/chart/AMS.SW?range=ytd&interval=1d,
AMZN,AMZN,Amazon,robotics;signals:twitter_ai_stock_report_2026_04_09;signals:twitter_ai_stock_report_2026_04_14,True,,USD,268.42,230.82,18.51,2851000000000.0,2851000000000.0,2026-05-01T20:00:01+00:00,2026-05-04,https://finance.yahoo.com/quote/AMZN/,https://query1.finance.yahoo.com/v8/finance/chart/AMZN?range=ytd&interval=1d,
ANET,ANET,Arista Networks,ai-passives;beneficiaries;companies;market-snapshot,True,,USD,172.7,131.03,29.27,217459000000.0,217459000000.0,2026-05-01T20:00:03+00:00,2026-05-04,https://finance.yahoo.com/quote/ANET/,https://query1.finance.yahoo.com/v8/finance/chart/ANET?range=ytd&interval=1d,
AOSL,AOSL,Alpha & Omega Semiconductor,scaling,True,,USD,43.01,19.81,108.18,1293000000.0,1293000000.0,2026-05-01T20:00:01+00:00,2026-05-04,https://finance.yahoo.com/quote/AOSL/,https://query1.finance.yahoo.com/v8/finance/chart/AOSL?range=ytd&interval=1d,
APH,APH,Amphenol,ai-passives;beneficiaries;bottleneck-sectors;companies;market-snapshot,True,,USD,142.3,135.14,1.85,174948000000.0,174948000000.0,2026-05-01T20:00:03+00:00,2026-05-04,https://finance.yahoo.com/quote/APH/,https://query1.finance.yahoo.com/v8/finance/chart/APH?range=ytd&interval=1d,
ARM,ARM,Arm Holdings,companies;signals:twitter_ai_stock_report_2026_04_09;signals:twitter_ai_stock_report_2026_04_14,True,,USD,211.07,109.31,83.97,224273000000.0,224273000000.0,2026-05-01T20:00:05+00:00,2026-05-04,https://finance.yahoo.com/quote/ARM/,https://query1.finance.yahoo.com/v8/finance/chart/ARM?range=ytd&interval=1d,
ASML,ASML,ASML Holding,beneficiaries;companies;market-snapshot;signals:twitter_ai_stock_report_2026_04_09;signals:twitter_ai_stock_report_2026_04_14,True,,USD,1427.02,1069.86,22.62,549999000000.0,549999000000.0,2026-05-01T20:00:01+00:00,2026-05-04,https://finance.yahoo.com/quote/ASML/,https://query1.finance.yahoo.com/v8/finance/chart/ASML?range=ytd&interval=1d,
ASX,ASX,ASE Technology,companies,True,,USD,31.59,16.1,87.37,68912000000.0,68912000000.0,2026-05-01T20:00:02+00:00,2026-05-04,https://finance.yahoo.com/quote/ASX/,https://query1.finance.yahoo.com/v8/finance/chart/ASX?range=ytd&interval=1d,
ATEN,ATEN,A10 Networks,scaling,True,,USD,26.85,17.69,54.76,,,2026-05-01T20:00:03+00:00,2026-05-04,https://finance.yahoo.com/quote/ATEN/,https://query1.finance.yahoo.com/v8/finance/chart/ATEN?range=ytd&interval=1d,
ATS.VI,ATS,AT&S,beneficiaries;companies;market-snapshot,True,,EUR,98.4,32.2,200.0,,,2026-05-04T09:13:25+00:00,2026-05-04,https://finance.yahoo.com/quote/ATS.VI/,https://query1.finance.yahoo.com/v8/finance/chart/ATS.VI?range=ytd&interval=1d,
AVGO,AVGO,Broadcom,ai-passives;beneficiaries;bottleneck-sectors;carbon-vs-silicon;companies;market-snapshot;signals:twitter_ai_stock_report_2026_04_09;signals:twitter_ai_stock_report_2026_04_14,True,,USD,421.28,346.1,21.19,1995000000000.0,1995000000000.0,2026-05-01T20:00:01+00:00,2026-05-04,https://finance.yahoo.com/quote/AVGO/,https://query1.finance.yahoo.com/v8/finance/chart/AVGO?range=ytd&interval=1d,
AVNW,AVNW,Aviat Networks,scaling,True,,USD,23.12,21.38,7.04,,,2026-05-01T20:00:01+00:00,2026-05-04,https://finance.yahoo.com/quote/AVNW/,https://query1.finance.yahoo.com/v8/finance/chart/AVNW?range=ytd&interval=1d,
AXTI,AXTI,AXT,signals:twitter_ai_stock_report_2026_04_09;signals:twitter_ai_stock_report_2026_04_14,True,,USD,96.0,16.35,472.79,6281000000.0,6281000000.0,2026-05-01T20:00:01+00:00,2026-05-04,https://finance.yahoo.com/quote/AXTI/,https://query1.finance.yahoo.com/v8/finance/chart/AXTI?range=ytd&interval=1d,
BE,BE,Bloom Energy,ai-passives,True,,USD,290.52,86.89,194.38,82637000000.0,82637000000.0,2026-05-01T20:00:03+00:00,2026-05-04,https://finance.yahoo.com/quote/BE/,https://query1.finance.yahoo.com/v8/finance/chart/BE?range=ytd&interval=1d,
BELFB,BELFB,BELFB,ai-passives;bottleneck-sectors;market-snapshot,True,,USD,283.6,169.63,64.14,,,2026-05-01T20:00:01+00:00,2026-05-04,https://finance.yahoo.com/quote/BELFB/,https://query1.finance.yahoo.com/v8/finance/chart/BELFB?range=ytd&interval=1d,
BESI.AS,BESI.AS,BESI.AS,bottleneck-sectors;market-snapshot;signals:twitter_ai_stock_report_2026_04_09;signals:twitter_ai_stock_report_2026_04_14,True,,EUR,249.9,133.75,67.61,,,2026-05-04T09:16:21+00:00,2026-05-04,https://finance.yahoo.com/quote/BESI.AS/,https://query1.finance.yahoo.com/v8/finance/chart/BESI.AS?range=ytd&interval=1d,
BHE,BHE,Benchmark Electronics,ai-passives,True,,USD,84.5,42.76,92.48,,,2026-05-01T20:00:02+00:00,2026-05-04,https://finance.yahoo.com/quote/BHE/,https://query1.finance.yahoo.com/v8/finance/chart/BHE?range=ytd&interval=1d,
BKR,BKR,BKR,bottleneck-sectors;market-snapshot,True,,USD,69.12,45.54,46.63,68572000000.0,68572000000.0,2026-05-01T20:00:00+00:00,2026-05-04,https://finance.yahoo.com/quote/BKR/,https://query1.finance.yahoo.com/v8/finance/chart/BKR?range=ytd&interval=1d,
BMW.DE,BMW.DE,BMW,robotics,True,,EUR,76.44,93.14,-20.64,,,2026-05-04T09:15:38+00:00,2026-05-04,https://finance.yahoo.com/quote/BMW.DE/,https://query1.finance.yahoo.com/v8/finance/chart/BMW.DE?range=ytd&interval=1d,
BN4.SI,BN4,Keppel,companies,True,,SGD,10.87,10.35,4.82,21658000000.0,,2026-05-04T09:06:02+00:00,2026-05-04,https://finance.yahoo.com/quote/BN4.SI/,https://query1.finance.yahoo.com/v8/finance/chart/BN4.SI?range=ytd&interval=1d,
BW,BW,Babcock & Wilcox,scaling,True,,USD,14.07,6.34,121.57,,,2026-05-01T20:00:03+00:00,2026-05-04,https://finance.yahoo.com/quote/BW/,https://query1.finance.yahoo.com/v8/finance/chart/BW?range=ytd&interval=1d,
CAMT,CAMT,Camtek,companies,True,,USD,186.62,106.35,61.58,8743000000.0,8743000000.0,2026-05-01T20:00:01+00:00,2026-05-04,https://finance.yahoo.com/quote/CAMT/,https://query1.finance.yahoo.com/v8/finance/chart/CAMT?range=ytd&interval=1d,
CARR,CARR,Carrier Global,ai-passives;bottleneck-sectors;companies;market-snapshot,True,,USD,67.62,52.84,26.35,56164000000.0,56164000000.0,2026-05-01T20:00:03+00:00,2026-05-04,https://finance.yahoo.com/quote/CARR/,https://query1.finance.yahoo.com/v8/finance/chart/CARR?range=ytd&interval=1d,
CAT,CAT,CAT,ai-passives;bottleneck-sectors;market-snapshot,True,,USD,889.67,572.87,48.67,413952000000.0,413952000000.0,2026-05-01T20:00:02+00:00,2026-05-04,https://finance.yahoo.com/quote/CAT/,https://query1.finance.yahoo.com/v8/finance/chart/CAT?range=ytd&interval=1d,
CDNS,CDNS,Cadence Design Systems,beneficiaries;companies;market-snapshot,True,,USD,340.94,312.58,9.84,94131000000.0,94131000000.0,2026-05-01T20:00:01+00:00,2026-05-04,https://finance.yahoo.com/quote/CDNS/,https://query1.finance.yahoo.com/v8/finance/chart/CDNS?range=ytd&interval=1d,
CEG,CEG,CEG,beneficiaries;market-snapshot,True,,USD,307.81,353.27,-15.96,107221000000.0,107221000000.0,2026-05-01T20:00:00+00:00,2026-05-04,https://finance.yahoo.com/quote/CEG/,https://query1.finance.yahoo.com/v8/finance/chart/CEG?range=ytd&interval=1d,
CGNX,CGNX,Cognex,robotics,True,,USD,55.94,35.98,51.48,,,2026-05-01T20:00:01+00:00,2026-05-04,https://finance.yahoo.com/quote/CGNX/,https://query1.finance.yahoo.com/v8/finance/chart/CGNX?range=ytd&interval=1d,
CIEN,CIEN,Ciena,ai-passives;beneficiaries;companies;market-snapshot,True,,USD,535.29,233.87,117.54,75689000000.0,75689000000.0,2026-05-01T20:00:03+00:00,2026-05-04,https://finance.yahoo.com/quote/CIEN/,https://query1.finance.yahoo.com/v8/finance/chart/CIEN?range=ytd&interval=1d,
CLS,CLS,Celestica,ai-passives;companies;signals:twitter_ai_stock_report_2026_04_09;signals:twitter_ai_stock_report_2026_04_14,True,,USD,418.93,295.61,38.54,48166000000.0,48166000000.0,2026-05-01T20:00:02+00:00,2026-05-04,https://finance.yahoo.com/quote/CLS/,https://query1.finance.yahoo.com/v8/finance/chart/CLS?range=ytd&interval=1d,
CMI,CMI,Cummins,ai-passives,True,,USD,657.44,510.45,25.94,90896000000.0,90896000000.0,2026-05-01T20:00:02+00:00,2026-05-04,https://finance.yahoo.com/quote/CMI/,https://query1.finance.yahoo.com/v8/finance/chart/CMI?range=ytd&interval=1d,
COHR,COHR,Coherent,ai-passives;beneficiaries;bottleneck-sectors;companies;market-snapshot;signals:twitter_ai_stock_report_2026_04_09;signals:twitter_ai_stock_report_2026_04_14,True,,USD,329.5,184.57,69.56,61775000000.0,61775000000.0,2026-05-01T20:00:02+00:00,2026-05-04,https://finance.yahoo.com/quote/COHR/,https://query1.finance.yahoo.com/v8/finance/chart/COHR?range=ytd&interval=1d,
COHU,COHU,Cohu,scaling,True,,USD,45.59,23.27,85.25,2150000000.0,2150000000.0,2026-05-01T20:00:01+00:00,2026-05-04,https://finance.yahoo.com/quote/COHU/,https://query1.finance.yahoo.com/v8/finance/chart/COHU?range=ytd&interval=1d,
CRDO,CRDO,Credo Technology,beneficiaries;companies;market-snapshot;signals:twitter_ai_stock_report_2026_04_09;signals:twitter_ai_stock_report_2026_04_14,True,,USD,184.38,143.89,28.74,34009000000.0,34009000000.0,2026-05-01T20:00:01+00:00,2026-05-04,https://finance.yahoo.com/quote/CRDO/,https://query1.finance.yahoo.com/v8/finance/chart/CRDO?range=ytd&interval=1d,
CRNT,CRNT,Ceragon Networks,scaling,True,,USD,2.5,2.1,14.16,,,2026-05-01T20:00:01+00:00,2026-05-04,https://finance.yahoo.com/quote/CRNT/,https://query1.finance.yahoo.com/v8/finance/chart/CRNT?range=ytd&interval=1d,
CRWV,CRWV,CRWV,beneficiaries;market-snapshot,True,,USD,119.01,71.61,50.04,62861000000.0,62861000000.0,2026-05-01T20:00:01+00:00,2026-05-04,https://finance.yahoo.com/quote/CRWV/,https://query1.finance.yahoo.com/v8/finance/chart/CRWV?range=ytd&interval=1d,
CSCO,CSCO,CSCO,bottleneck-sectors;market-snapshot,True,,USD,91.85,77.03,20.79,361415000000.0,361415000000.0,2026-05-01T20:00:01+00:00,2026-05-04,https://finance.yahoo.com/quote/CSCO/,https://query1.finance.yahoo.com/v8/finance/chart/CSCO?range=ytd&interval=1d,
CTS,CTS,CTS,ai-passives;bottleneck-sectors;market-snapshot,True,,USD,57.0,42.87,29.99,,,2026-05-01T20:00:02+00:00,2026-05-04,https://finance.yahoo.com/quote/CTS/,https://query1.finance.yahoo.com/v8/finance/chart/CTS?range=ytd&interval=1d,
DELL,DELL,Dell Technologies,ai-passives,True,,USD,210.17,125.88,64.45,136650000000.0,136650000000.0,2026-05-01T20:00:55+00:00,2026-05-04,https://finance.yahoo.com/quote/DELL/,https://query1.finance.yahoo.com/v8/finance/chart/DELL?range=ytd&interval=1d,
DLR,DLR,Digital Realty,companies,True,,USD,200.7,154.71,29.46,69785000000.0,69785000000.0,2026-05-01T20:00:02+00:00,2026-05-04,https://finance.yahoo.com/quote/DLR/,https://query1.finance.yahoo.com/v8/finance/chart/DLR?range=ytd&interval=1d,
DSCV.L,DSCV,discoverIE Group,ai-passives,True,,GBp,654.0,600.0,10.66,,,2026-05-01T15:35:06+00:00,2026-05-04,https://finance.yahoo.com/quote/DSCV.L/,https://query1.finance.yahoo.com/v8/finance/chart/DSCV.L?range=ytd&interval=1d,
EKI.PA,EKI.PA,Ekinops,scaling,True,,EUR,2.58,1.93,34.38,,,2026-05-04T09:16:39+00:00,2026-05-04,https://finance.yahoo.com/quote/EKI.PA/,https://query1.finance.yahoo.com/v8/finance/chart/EKI.PA?range=ytd&interval=1d,
EME,EME,EME,ai-passives;beneficiaries;market-snapshot,True,,USD,903.5,611.79,41.47,40235000000.0,40235000000.0,2026-05-01T20:00:02+00:00,2026-05-04,https://finance.yahoo.com/quote/EME/,https://query1.finance.yahoo.com/v8/finance/chart/EME?range=ytd&interval=1d,
ENR.DE,ENR.DE,ENR.DE,ai-passives;bottleneck-sectors;market-snapshot,True,,EUR,184.74,120.4,50.44,,,2026-05-04T09:16:43+00:00,2026-05-04,https://finance.yahoo.com/quote/ENR.DE/,https://query1.finance.yahoo.com/v8/finance/chart/ENR.DE?range=ytd&interval=1d,
ENTG,ENTG,Entegris,beneficiaries;bottleneck-sectors;companies;market-snapshot,True,,USD,142.29,84.25,58.88,21663000000.0,21663000000.0,2026-05-01T20:00:01+00:00,2026-05-04,https://finance.yahoo.com/quote/ENTG/,https://query1.finance.yahoo.com/v8/finance/chart/ENTG?range=ytd&interval=1d,
EOSE,EOSE,Eos Energy Enterprises,scaling,True,,USD,6.45,11.46,-50.27,2190000000.0,2190000000.0,2026-05-01T20:00:01+00:00,2026-05-04,https://finance.yahoo.com/quote/EOSE/,https://query1.finance.yahoo.com/v8/finance/chart/EOSE?range=ytd&interval=1d,
EQIX,EQIX,Equinix,beneficiaries;companies;market-snapshot,True,,USD,1085.7,766.16,42.09,107010000000.0,107010000000.0,2026-05-01T20:00:04+00:00,2026-05-04,https://finance.yahoo.com/quote/EQIX/,https://query1.finance.yahoo.com/v8/finance/chart/EQIX?range=ytd&interval=1d,
ETN,ETN,Eaton,beneficiaries;bottleneck-sectors;companies;market-snapshot,True,,USD,425.55,318.51,30.01,165107000000.0,165107000000.0,2026-05-01T20:00:03+00:00,2026-05-04,https://finance.yahoo.com/quote/ETN/,https://query1.finance.yahoo.com/v8/finance/chart/ETN?range=ytd&interval=1d,
FIX,FIX,FIX,ai-passives;beneficiaries;market-snapshot,True,,USD,1867.02,933.29,86.02,65724000000.0,65724000000.0,2026-05-01T20:01:13+00:00,2026-05-04,https://finance.yahoo.com/quote/FIX/,https://query1.finance.yahoo.com/v8/finance/chart/FIX?range=ytd&interval=1d,
FLEX,FLEX,Flex,ai-passives;bottleneck-sectors;companies;market-snapshot,True,,USD,91.7,60.42,44.0,,,2026-05-01T20:00:01+00:00,2026-05-04,https://finance.yahoo.com/quote/FLEX/,https://query1.finance.yahoo.com/v8/finance/chart/FLEX?range=ytd&interval=1d,
FLR,FLR,FLR,bottleneck-sectors;market-snapshot,True,,USD,53.0,39.63,27.1,7585000000.0,7585000000.0,2026-05-01T20:00:03+00:00,2026-05-04,https://finance.yahoo.com/quote/FLR/,https://query1.finance.yahoo.com/v8/finance/chart/FLR?range=ytd&interval=1d,
FN,FN,Fabrinet,ai-passives;beneficiaries;companies;market-snapshot,True,,USD,706.53,455.28,47.37,22848000000.0,22848000000.0,2026-05-01T20:00:02+00:00,2026-05-04,https://finance.yahoo.com/quote/FN/,https://query1.finance.yahoo.com/v8/finance/chart/FN?range=ytd&interval=1d,
FORM,FORM,FormFactor,beneficiaries;bottleneck-sectors;companies;market-snapshot;signals:twitter_ai_stock_report_2026_04_09;signals:twitter_ai_stock_report_2026_04_14,True,,USD,137.47,55.78,132.25,10709000000.0,10709000000.0,2026-05-01T20:00:03+00:00,2026-05-04,https://finance.yahoo.com/quote/FORM/,https://query1.finance.yahoo.com/v8/finance/chart/FORM?range=ytd&interval=1d,
FSECURE.HE,FSECURE.HE,F-Secure,scaling,True,,EUR,1.83,1.934,-5.18,,,2026-05-04T09:30:41+00:00,2026-05-04,https://finance.yahoo.com/quote/FSECURE.HE/,https://query1.finance.yahoo.com/v8/finance/chart/FSECURE.HE?range=ytd&interval=1d,
GDS,GDS,GDS Holdings,companies,True,,USD,42.41,34.9,10.62,,,2026-05-01T20:00:01+00:00,2026-05-04,https://finance.yahoo.com/quote/GDS/,https://query1.finance.yahoo.com/v8/finance/chart/GDS?range=ytd&interval=1d,
GEV,GEV,GEV,beneficiaries;bottleneck-sectors;market-snapshot,True,,USD,1062.95,653.57,56.42,285636000000.0,285636000000.0,2026-05-01T20:00:02+00:00,2026-05-04,https://finance.yahoo.com/quote/GEV/,https://query1.finance.yahoo.com/v8/finance/chart/GEV?range=ytd&interval=1d,
GFS,GFS,GlobalFoundries,beneficiaries;companies;market-snapshot,True,,USD,64.91,34.92,76.05,35640000000.0,35640000000.0,2026-05-01T20:00:01+00:00,2026-05-04,https://finance.yahoo.com/quote/GFS/,https://query1.finance.yahoo.com/v8/finance/chart/GFS?range=ytd&interval=1d,
GLW,GLW,GLW,ai-passives;bottleneck-sectors;market-snapshot,True,,USD,158.26,87.56,74.55,135954000000.0,135954000000.0,2026-05-01T20:00:02+00:00,2026-05-04,https://finance.yahoo.com/quote/GLW/,https://query1.finance.yahoo.com/v8/finance/chart/GLW?range=ytd&interval=1d,
GNE.NZ,GNE.NZ,Genesis Energy,scaling,True,,NZD,2.44,2.4,1.67,,,2026-05-04T04:59:43+00:00,2026-05-04,https://finance.yahoo.com/quote/GNE.NZ/,https://query1.finance.yahoo.com/v8/finance/chart/GNE.NZ?range=ytd&interval=1d,
GNRC,GNRC,Generac,ai-passives,True,,USD,259.34,136.37,83.8,15252000000.0,15252000000.0,2026-05-01T20:00:02+00:00,2026-05-04,https://finance.yahoo.com/quote/GNRC/,https://query1.finance.yahoo.com/v8/finance/chart/GNRC?range=ytd&interval=1d,
GOOGL,GOOGL,Alphabet,robotics;signals:twitter_ai_stock_report_2026_04_09;signals:twitter_ai_stock_report_2026_04_14,True,,USD,385.69,313.0,22.38,4673000000000.0,4673000000000.0,2026-05-01T20:00:01+00:00,2026-05-04,https://finance.yahoo.com/quote/GOOGL/,https://query1.finance.yahoo.com/v8/finance/chart/GOOGL?range=ytd&interval=1d,
HIMX,HIMX,Himax Technologies,scaling,True,,USD,12.31,8.19,44.31,2006000000.0,2006000000.0,2026-05-01T20:00:01+00:00,2026-05-04,https://finance.yahoo.com/quote/HIMX/,https://query1.finance.yahoo.com/v8/finance/chart/HIMX?range=ytd&interval=1d,
HPE,HPE,Hewlett Packard Enterprise,ai-passives,True,,USD,28.57,24.02,18.2,37908000000.0,37908000000.0,2026-05-01T20:00:23+00:00,2026-05-04,https://finance.yahoo.com/quote/HPE/,https://query1.finance.yahoo.com/v8/finance/chart/HPE?range=ytd&interval=1d,
HPS-A.TO,HPS.A.TO,HPS.A.TO,bottleneck-sectors;market-snapshot,True,,CAD,289.61,159.48,78.22,3306000000.0,2430240600.0,2026-05-01T19:59:59+00:00,2026-05-04,https://finance.yahoo.com/quote/HPS-A.TO/,https://query1.finance.yahoo.com/v8/finance/chart/HPS-A.TO?range=ytd&interval=1d,
HUBB,HUBB,HUBB,ai-passives;bottleneck-sectors;market-snapshot,True,,USD,508.43,444.11,9.8,,,2026-05-01T20:00:02+00:00,2026-05-04,https://finance.yahoo.com/quote/HUBB/,https://query1.finance.yahoo.com/v8/finance/chart/HUBB?range=ytd&interval=1d,
IFX.DE,IFX,Infineon Technologies,ai-passives;companies,True,,EUR,58.12,37.73,51.89,,,2026-05-04T09:16:54+00:00,2026-05-04,https://finance.yahoo.com/quote/IFX.DE/,https://query1.finance.yahoo.com/v8/finance/chart/IFX.DE?range=ytd&interval=1d,
IMOS,IMOS,ChipMOS Technologies,scaling,True,,USD,45.6,29.63,49.31,,,2026-05-01T20:00:01+00:00,2026-05-04,https://finance.yahoo.com/quote/IMOS/,https://query1.finance.yahoo.com/v8/finance/chart/IMOS?range=ytd&interval=1d,
INOXWIND.NS,INOXWIND.NS,Inox Wind,scaling,True,,INR,102.75,123.53,-16.36,,,2026-05-04T09:31:51+00:00,2026-05-04,https://finance.yahoo.com/quote/INOXWIND.NS/,https://query1.finance.yahoo.com/v8/finance/chart/INOXWIND.NS?range=ytd&interval=1d,
INTC,INTC,INTC,bottleneck-sectors;market-snapshot;signals:twitter_ai_stock_report_2026_04_09;signals:twitter_ai_stock_report_2026_04_14,True,,USD,99.61,36.9,152.95,474856000000.0,474856000000.0,2026-05-01T20:00:04+00:00,2026-05-04,https://finance.yahoo.com/quote/INTC/,https://query1.finance.yahoo.com/v8/finance/chart/INTC?range=ytd&interval=1d,
IPGP,IPGP,IPGP,bottleneck-sectors;market-snapshot,True,,USD,122.87,71.6,64.18,5215000000.0,5215000000.0,2026-05-01T20:00:01+00:00,2026-05-04,https://finance.yahoo.com/quote/IPGP/,https://query1.finance.yahoo.com/v8/finance/chart/IPGP?range=ytd&interval=1d,
IQE.L,IQE.L,IQE plc,scaling,True,,GBp,41.15,5.0,699.03,,,2026-05-01T16:29:10+00:00,2026-05-04,https://finance.yahoo.com/quote/IQE.L/,https://query1.finance.yahoo.com/v8/finance/chart/IQE.L?range=ytd&interval=1d,
ISRG,ISRG,Intuitive Surgical,robotics,True,,USD,457.78,566.36,-18.54,162129000000.0,162129000000.0,2026-05-01T20:00:00+00:00,2026-05-04,https://finance.yahoo.com/quote/ISRG/,https://query1.finance.yahoo.com/v8/finance/chart/ISRG?range=ytd&interval=1d,
JBL,JBL,JBL,ai-passives;bottleneck-sectors;market-snapshot;signals:twitter_ai_stock_report_2026_04_09;signals:twitter_ai_stock_report_2026_04_14,True,,USD,342.47,228.02,42.46,35955000000.0,35955000000.0,2026-05-01T20:00:02+00:00,2026-05-04,https://finance.yahoo.com/quote/JBL/,https://query1.finance.yahoo.com/v8/finance/chart/JBL?range=ytd&interval=1d,
JCI,JCI,Johnson Controls,companies,True,,USD,145.08,119.75,18.62,88799000000.0,88799000000.0,2026-05-01T20:00:02+00:00,2026-05-04,https://finance.yahoo.com/quote/JCI/,https://query1.finance.yahoo.com/v8/finance/chart/JCI?range=ytd&interval=1d,
JEN.DE,JEN.DE,JEN.DE,bottleneck-sectors;market-snapshot,True,,EUR,34.18,19.57,68.37,,,2026-05-04T09:24:07+00:00,2026-05-04,https://finance.yahoo.com/quote/JEN.DE/,https://query1.finance.yahoo.com/v8/finance/chart/JEN.DE?range=ytd&interval=1d,
JEN.F,JEN.F,Jenoptik,scaling,True,,EUR,34.36,19.42,71.97,,,2026-05-04T08:32:30+00:00,2026-05-04,https://finance.yahoo.com/quote/JEN.F/,https://query1.finance.yahoo.com/v8/finance/chart/JEN.F?range=ytd&interval=1d,
KEYS,KEYS,Keysight Technologies,companies,True,,USD,352.41,203.19,70.58,60439000000.0,60439000000.0,2026-05-01T20:00:05+00:00,2026-05-04,https://finance.yahoo.com/quote/KEYS/,https://query1.finance.yahoo.com/v8/finance/chart/KEYS?range=ytd&interval=1d,
KFRC,KFRC,KFRC,beneficiaries;market-snapshot,True,,USD,44.03,30.92,40.54,,,2026-05-01T20:00:02+00:00,2026-05-04,https://finance.yahoo.com/quote/KFRC/,https://query1.finance.yahoo.com/v8/finance/chart/KFRC?range=ytd&interval=1d,
KLAC,KLAC,KLA,beneficiaries;bottleneck-sectors;companies;market-snapshot,True,,USD,1726.26,1215.08,35.45,226817000000.0,226817000000.0,2026-05-01T20:00:01+00:00,2026-05-04,https://finance.yahoo.com/quote/KLAC/,https://query1.finance.yahoo.com/v8/finance/chart/KLAC?range=ytd&interval=1d,
KLIC,KLIC,Kulicke & Soffa,companies,True,,USD,86.33,45.56,78.55,4518000000.0,4518000000.0,2026-05-01T20:00:01+00:00,2026-05-04,https://finance.yahoo.com/quote/KLIC/,https://query1.finance.yahoo.com/v8/finance/chart/KLIC?range=ytd&interval=1d,
LASR,LASR,LASR,bottleneck-sectors;market-snapshot,True,,USD,70.98,37.51,84.99,3908000000.0,3908000000.0,2026-05-01T20:00:00+00:00,2026-05-04,https://finance.yahoo.com/quote/LASR/,https://query1.finance.yahoo.com/v8/finance/chart/LASR?range=ytd&interval=1d,
LBIRD.PA,LBIRD.PA,LBIRD.PA,bottleneck-sectors;market-snapshot,True,,EUR,22.05,21.2,3.52,,,2026-05-04T09:27:29+00:00,2026-05-04,https://finance.yahoo.com/quote/LBIRD.PA/,https://query1.finance.yahoo.com/v8/finance/chart/LBIRD.PA?range=ytd&interval=1d,
LFUS,LFUS,Littelfuse,ai-passives;bottleneck-sectors;companies;market-snapshot,True,,USD,407.08,252.92,55.05,10243000000.0,10243000000.0,2026-05-01T20:00:01+00:00,2026-05-04,https://finance.yahoo.com/quote/LFUS/,https://query1.finance.yahoo.com/v8/finance/chart/LFUS?range=ytd&interval=1d,
LIN,LIN,Linde,companies,True,,USD,507.92,426.39,18.37,234835000000.0,234835000000.0,2026-05-01T20:00:01+00:00,2026-05-04,https://finance.yahoo.com/quote/LIN/,https://query1.finance.yahoo.com/v8/finance/chart/LIN?range=ytd&interval=1d,
LITE,LITE,Lumentum,ai-passives;beneficiaries;bottleneck-sectors;companies;market-snapshot;signals:twitter_ai_stock_report_2026_04_09;signals:twitter_ai_stock_report_2026_04_14,True,,USD,949.93,368.59,146.03,67825000000.0,67825000000.0,2026-05-01T20:00:01+00:00,2026-05-04,https://finance.yahoo.com/quote/LITE/,https://query1.finance.yahoo.com/v8/finance/chart/LITE?range=ytd&interval=1d,
LLY,NYSE: LLY,Eli Lilly,carbon-vs-silicon,True,,USD,963.33,1074.68,-10.83,862006000000.0,862006000000.0,2026-05-01T20:00:02+00:00,2026-05-04,https://finance.yahoo.com/quote/LLY/,https://query1.finance.yahoo.com/v8/finance/chart/LLY?range=ytd&interval=1d,
LR.PA,LR,Legrand,ai-passives;bottleneck-sectors;companies;market-snapshot,True,,EUR,152.95,127.25,19.68,,,2026-05-04T09:16:54+00:00,2026-05-04,https://finance.yahoo.com/quote/LR.PA/,https://query1.finance.yahoo.com/v8/finance/chart/LR.PA?range=ytd&interval=1d,
LRCX,LRCX,Lam Research,beneficiaries;bottleneck-sectors;companies;market-snapshot,True,,USD,256.64,171.18,38.68,321047000000.0,321047000000.0,2026-05-01T20:00:04+00:00,2026-05-04,https://finance.yahoo.com/quote/LRCX/,https://query1.finance.yahoo.com/v8/finance/chart/LRCX?range=ytd&interval=1d,
LUMEN.ST,LUMEN.ST,LumenRadio,scaling,True,,SEK,65.6,57.1,15.09,,,2026-05-04T08:54:55+00:00,2026-05-04,https://finance.yahoo.com/quote/LUMEN.ST/,https://query1.finance.yahoo.com/v8/finance/chart/LUMEN.ST?range=ytd&interval=1d,
MCHP,MCHP,Microchip Technology,ai-passives,True,,USD,93.95,63.72,44.47,50840000000.0,50840000000.0,2026-05-01T20:00:01+00:00,2026-05-04,https://finance.yahoo.com/quote/MCHP/,https://query1.finance.yahoo.com/v8/finance/chart/MCHP?range=ytd&interval=1d,
MKSI,MKSI,MKSI,bottleneck-sectors;market-snapshot,True,,USD,279.38,159.8,65.94,18808000000.0,18808000000.0,2026-05-01T20:00:01+00:00,2026-05-04,https://finance.yahoo.com/quote/MKSI/,https://query1.finance.yahoo.com/v8/finance/chart/MKSI?range=ytd&interval=1d,
MOD,MOD,MOD,ai-passives;bottleneck-sectors;market-snapshot,True,,USD,266.83,133.51,89.5,14070000000.0,14070000000.0,2026-05-01T20:00:02+00:00,2026-05-04,https://finance.yahoo.com/quote/MOD/,https://query1.finance.yahoo.com/v8/finance/chart/MOD?range=ytd&interval=1d,
MPWR,MPWR,Monolithic Power Systems,ai-passives;companies,True,,USD,1583.48,906.36,69.12,77777000000.0,77777000000.0,2026-05-01T20:00:01+00:00,2026-05-04,https://finance.yahoo.com/quote/MPWR/,https://query1.finance.yahoo.com/v8/finance/chart/MPWR?range=ytd&interval=1d,
MRK.DE,MRK,Merck KGaA,companies,True,,EUR,109.6,122.6,-9.65,47847000000.0,56086253400.0,2026-05-04T09:16:56+00:00,2026-05-04,https://finance.yahoo.com/quote/MRK.DE/,https://query1.finance.yahoo.com/v8/finance/chart/MRK.DE?range=ytd&interval=1d,
MRVL,MRVL,Marvell Technology,ai-passives;bottleneck-sectors;companies;market-snapshot;signals:twitter_ai_stock_report_2026_04_09;signals:twitter_ai_stock_report_2026_04_14,True,,USD,164.95,84.98,84.53,144242000000.0,144242000000.0,2026-05-01T20:00:00+00:00,2026-05-04,https://finance.yahoo.com/quote/MRVL/,https://query1.finance.yahoo.com/v8/finance/chart/MRVL?range=ytd&interval=1d,
MSFT,MSFT,Microsoft,robotics;signals:twitter_ai_stock_report_2026_04_09;signals:twitter_ai_stock_report_2026_04_14,True,,USD,414.195,483.62,-12.42,3077000000000.0,3077000000000.0,2026-05-01T20:00:05+00:00,2026-05-04,https://finance.yahoo.com/quote/MSFT/,https://query1.finance.yahoo.com/v8/finance/chart/MSFT?range=ytd&interval=1d,
MTRN.TA,MTRN.TA,Maytronics,scaling,True,,ILA,316.2,408.0,-20.63,,,2026-05-04T08:43:36+00:00,2026-05-04,https://finance.yahoo.com/quote/MTRN.TA/,https://query1.finance.yahoo.com/v8/finance/chart/MTRN.TA?range=ytd&interval=1d,
MTRS.ST,MTRS,Munters,bottleneck-sectors;companies;market-snapshot,True,,SEK,206.3,171.9,6.73,,,2026-05-04T09:31:57+00:00,2026-05-04,https://finance.yahoo.com/quote/MTRS.ST/,https://query1.finance.yahoo.com/v8/finance/chart/MTRS.ST?range=ytd&interval=1d,
MTSI,MTSI,MACOM Technology Solutions,ai-passives;companies,True,,USD,284.18,171.28,62.43,21317000000.0,21317000000.0,2026-05-01T20:00:00+00:00,2026-05-04,https://finance.yahoo.com/quote/MTSI/,https://query1.finance.yahoo.com/v8/finance/chart/MTSI?range=ytd&interval=1d,
MU,MU,Micron Technology,ai-passives;beneficiaries;bottleneck-sectors;companies;market-snapshot;signals:twitter_ai_stock_report_2026_04_09;signals:twitter_ai_stock_report_2026_04_14,True,,USD,542.21,285.41,71.9,583219000000.0,583219000000.0,2026-05-01T20:00:01+00:00,2026-05-04,https://finance.yahoo.com/quote/MU/,https://query1.finance.yahoo.com/v8/finance/chart/MU?range=ytd&interval=1d,
MXL,MXL,MaxLinear,companies,True,,USD,77.18,17.43,316.96,6911000000.0,6911000000.0,2026-05-01T20:00:01+00:00,2026-05-04,https://finance.yahoo.com/quote/MXL/,https://query1.finance.yahoo.com/v8/finance/chart/MXL?range=ytd&interval=1d,
NBIS,NBIS,NBIS,beneficiaries;market-snapshot;signals:twitter_ai_stock_report_2026_04_09;signals:twitter_ai_stock_report_2026_04_14,True,,USD,154.49,83.705,71.75,39089000000.0,39089000000.0,2026-05-01T20:00:00+00:00,2026-05-04,https://finance.yahoo.com/quote/NBIS/,https://query1.finance.yahoo.com/v8/finance/chart/NBIS?range=ytd&interval=1d,
NCC.L,NCC.L,NCC Group plc,scaling,True,,GBp,128.6,139.2,-4.32,,,2026-05-01T16:07:17+00:00,2026-05-04,https://finance.yahoo.com/quote/NCC.L/,https://query1.finance.yahoo.com/v8/finance/chart/NCC.L?range=ytd&interval=1d,
NESN.SW,SIX: NESN,Nestlé,carbon-vs-silicon,True,,CHF,78.47,78.74,2.66,,,2026-05-04T09:15:52+00:00,2026-05-04,https://finance.yahoo.com/quote/NESN.SW/,https://query1.finance.yahoo.com/v8/finance/chart/NESN.SW?range=ytd&interval=1d,
NEX.PA,NEX,Nexans,ai-passives,True,,EUR,159.7,125.8,24.47,,,2026-05-04T09:19:22+00:00,2026-05-04,https://finance.yahoo.com/quote/NEX.PA/,https://query1.finance.yahoo.com/v8/finance/chart/NEX.PA?range=ytd&interval=1d,
NKT.CO,NKT,NKT,ai-passives,True,,DKK,953.0,798.5,15.66,,,2026-05-04T09:29:25+00:00,2026-05-04,https://finance.yahoo.com/quote/NKT.CO/,https://query1.finance.yahoo.com/v8/finance/chart/NKT.CO?range=ytd&interval=1d,
NOFR.TA,NOFR.TA,O.Y. Nofar Energy,scaling,True,,ILA,19090.0,11210.0,55.2,,,2026-05-04T09:15:46+00:00,2026-05-04,https://finance.yahoo.com/quote/NOFR.TA/,https://query1.finance.yahoo.com/v8/finance/chart/NOFR.TA?range=ytd&interval=1d,
NOK,NOK,NOK,bottleneck-sectors;market-snapshot,True,,USD,13.3,6.47,104.3,74248000000.0,74248000000.0,2026-05-01T20:01:02+00:00,2026-05-04,https://finance.yahoo.com/quote/NOK/,https://query1.finance.yahoo.com/v8/finance/chart/NOK?range=ytd&interval=1d,
NOVN.SW,SIX: NOVN / NYSE: NVS,Novartis,carbon-vs-silicon,True,,CHF,114.44,109.6,5.47,,,2026-05-04T09:16:58+00:00,2026-05-04,https://finance.yahoo.com/quote/NOVN.SW/,https://query1.finance.yahoo.com/v8/finance/chart/NOVN.SW?range=ytd&interval=1d,
NTAP,NTAP,NetApp,companies,True,,USD,112.08,107.09,5.27,22199000000.0,22199000000.0,2026-05-01T20:00:00+00:00,2026-05-04,https://finance.yahoo.com/quote/NTAP/,https://query1.finance.yahoo.com/v8/finance/chart/NTAP?range=ytd&interval=1d,
NVDA,NVDA,NVIDIA,beneficiaries;carbon-vs-silicon;companies;market-snapshot;robotics;signals:twitter_ai_stock_report_2026_04_09;signals:twitter_ai_stock_report_2026_04_14,True,,USD,198.45,186.5,5.08,4851000000000.0,4851000000000.0,2026-05-01T20:00:00+00:00,2026-05-04,https://finance.yahoo.com/quote/NVDA/,https://query1.finance.yahoo.com/v8/finance/chart/NVDA?range=ytd&interval=1d,
NVMI,NVMI,Nova,companies,True,,USD,494.49,328.39,42.36,15858000000.0,15858000000.0,2026-05-01T20:00:00+00:00,2026-05-04,https://finance.yahoo.com/quote/NVMI/,https://query1.finance.yahoo.com/v8/finance/chart/NVMI?range=ytd&interval=1d,
NVT,NVT,nVent Electric,bottleneck-sectors;companies;market-snapshot,True,,USD,158.92,101.97,48.77,25697000000.0,25697000000.0,2026-05-01T20:00:05+00:00,2026-05-04,https://finance.yahoo.com/quote/NVT/,https://query1.finance.yahoo.com/v8/finance/chart/NVT?range=ytd&interval=1d,
NVTS,NVTS,Navitas Semiconductor,ai-passives,True,,USD,17.45,7.14,108.23,4027000000.0,4027000000.0,2026-05-01T20:00:00+00:00,2026-05-04,https://finance.yahoo.com/quote/NVTS/,https://query1.finance.yahoo.com/v8/finance/chart/NVTS?range=ytd&interval=1d,
NXT.AX,NXT,NEXTDC,companies,True,,AUD,14.08,12.53,12.28,,,2026-05-04T06:11:42+00:00,2026-05-04,https://finance.yahoo.com/quote/NXT.AX/,https://query1.finance.yahoo.com/v8/finance/chart/NXT.AX?range=ytd&interval=1d,
OKLO,OKLO,OKLO,beneficiaries;market-snapshot,True,,USD,70.4,71.76,-9.51,12244000000.0,12244000000.0,2026-05-01T20:00:02+00:00,2026-05-04,https://finance.yahoo.com/quote/OKLO/,https://query1.finance.yahoo.com/v8/finance/chart/OKLO?range=ytd&interval=1d,
ON,ON,onsemi,ai-passives;companies,True,,USD,103.03,54.15,81.71,39651000000.0,39651000000.0,2026-05-01T20:00:03+00:00,2026-05-04,https://finance.yahoo.com/quote/ON/,https://query1.finance.yahoo.com/v8/finance/chart/ON?range=ytd&interval=1d,
ONTO,ONTO,Onto Innovation,beneficiaries;bottleneck-sectors;companies;market-snapshot;signals:twitter_ai_stock_report_2026_04_09;signals:twitter_ai_stock_report_2026_04_14,True,,USD,292.92,157.86,76.6,14571000000.0,14571000000.0,2026-05-01T20:00:02+00:00,2026-05-04,https://finance.yahoo.com/quote/ONTO/,https://query1.finance.yahoo.com/v8/finance/chart/ONTO?range=ytd&interval=1d,
OUST,OUST,Ouster,robotics,True,,USD,26.45,21.64,13.18,1684000000.0,1684000000.0,2026-05-01T20:00:00+00:00,2026-05-04,https://finance.yahoo.com/quote/OUST/,https://query1.finance.yahoo.com/v8/finance/chart/OUST?range=ytd&interval=1d,
PDFS,PDFS,PDF Solutions,scaling,True,,USD,44.55,28.53,50.76,1855000000.0,1855000000.0,2026-05-01T20:00:00+00:00,2026-05-04,https://finance.yahoo.com/quote/PDFS/,https://query1.finance.yahoo.com/v8/finance/chart/PDFS?range=ytd&interval=1d,
PLXS,PLXS,Plexus,ai-passives,True,,USD,264.6,147.0,73.82,7088000000.0,7088000000.0,2026-05-01T20:00:00+00:00,2026-05-04,https://finance.yahoo.com/quote/PLXS/,https://query1.finance.yahoo.com/v8/finance/chart/PLXS?range=ytd&interval=1d,
PNG.V,PNG.V,Kraken Robotics,scaling,True,,CAD,7.45,6.4,9.72,,,2026-05-01T19:59:59+00:00,2026-05-04,https://finance.yahoo.com/quote/PNG.V/,https://query1.finance.yahoo.com/v8/finance/chart/PNG.V?range=ytd&interval=1d,
POET,POET,POET Technologies,scaling;signals:twitter_ai_stock_report_2026_04_09;signals:twitter_ai_stock_report_2026_04_14,True,,USD,7.31,6.33,2.09,1116000000.0,1116000000.0,2026-05-01T20:00:00+00:00,2026-05-04,https://finance.yahoo.com/quote/POET/,https://query1.finance.yahoo.com/v8/finance/chart/POET?range=ytd&interval=1d,
POWI,POWI,Power Integrations,ai-passives,True,,USD,73.32,35.54,96.57,4084000000.0,4084000000.0,2026-05-01T20:00:00+00:00,2026-05-04,https://finance.yahoo.com/quote/POWI/,https://query1.finance.yahoo.com/v8/finance/chart/POWI?range=ytd&interval=1d,
POWL,POWL,POWL,ai-passives;bottleneck-sectors;market-snapshot,True,,USD,275.33,106.26,134.31,,,2026-05-01T20:00:00+00:00,2026-05-04,https://finance.yahoo.com/quote/POWL/,https://query1.finance.yahoo.com/v8/finance/chart/POWL?range=ytd&interval=1d,
PRY.MI,PRY,Prysmian,ai-passives,True,,EUR,129.5,86.38,44.08,,,2026-05-04T09:18:29+00:00,2026-05-04,https://finance.yahoo.com/quote/PRY.MI/,https://query1.finance.yahoo.com/v8/finance/chart/PRY.MI?range=ytd&interval=1d,
PSTG,PSTG,Pure Storage,ai-passives;companies,True,,USD,67.8,67.01,-1.75,,,2026-04-16T20:03:20+00:00,2026-05-04,https://finance.yahoo.com/quote/PSTG/,https://query1.finance.yahoo.com/v8/finance/chart/PSTG?range=ytd&interval=1d,
PWR,PWR,PWR,ai-passives;beneficiaries;bottleneck-sectors;market-snapshot,True,,USD,742.21,422.06,68.81,111374000000.0,111374000000.0,2026-05-01T20:00:05+00:00,2026-05-04,https://finance.yahoo.com/quote/PWR/,https://query1.finance.yahoo.com/v8/finance/chart/PWR?range=ytd&interval=1d,
QCOM,QCOM,Qualcomm,robotics,True,,USD,177.035,171.05,2.34,186595000000.0,186595000000.0,2026-05-01T20:00:05+00:00,2026-05-04,https://finance.yahoo.com/quote/QCOM/,https://query1.finance.yahoo.com/v8/finance/chart/QCOM?range=ytd&interval=1d,
REHN.SW,REHN.SW,Romande Energie,scaling,True,,CHF,52.2,43.4,20.83,,,2026-05-04T07:01:44+00:00,2026-05-04,https://finance.yahoo.com/quote/REHN.SW/,https://query1.finance.yahoo.com/v8/finance/chart/REHN.SW?range=ytd&interval=1d,
RMBS,RMBS,RMBS,ai-passives;beneficiaries;bottleneck-sectors;market-snapshot,True,,USD,111.93,91.89,12.74,12131000000.0,12131000000.0,2026-05-01T20:00:00+00:00,2026-05-04,https://finance.yahoo.com/quote/RMBS/,https://query1.finance.yahoo.com/v8/finance/chart/RMBS?range=ytd&interval=1d,
ROG,ROG,Rogers Corp,ai-passives,True,,USD,134.44,91.57,46.18,,,2026-05-01T20:00:02+00:00,2026-05-04,https://finance.yahoo.com/quote/ROG/,https://query1.finance.yahoo.com/v8/finance/chart/ROG?range=ytd&interval=1d,
RR.L,RR.L,RR.L,bottleneck-sectors;market-snapshot,True,,GBp,1199.2,1150.0,0.18,,,2026-05-01T18:14:39+00:00,2026-05-04,https://finance.yahoo.com/quote/RR.L/,https://query1.finance.yahoo.com/v8/finance/chart/RR.L?range=ytd&interval=1d,
RRX,RRX,Regal Rexnord,ai-passives,True,,USD,213.02,140.32,45.8,,,2026-05-01T20:00:02+00:00,2026-05-04,https://finance.yahoo.com/quote/RRX/,https://query1.finance.yahoo.com/v8/finance/chart/RRX?range=ytd&interval=1d,
SANM,SANM,SANM,ai-passives;bottleneck-sectors;market-snapshot,True,,USD,223.27,150.07,40.17,11675000000.0,11675000000.0,2026-05-01T20:00:00+00:00,2026-05-04,https://finance.yahoo.com/quote/SANM/,https://query1.finance.yahoo.com/v8/finance/chart/SANM?range=ytd&interval=1d,
SCT.NZ,SCT.NZ,Scott Technology,scaling,True,,NZD,2.25,2.91,-22.15,,,2026-05-04T02:19:29+00:00,2026-05-04,https://finance.yahoo.com/quote/SCT.NZ/,https://query1.finance.yahoo.com/v8/finance/chart/SCT.NZ?range=ytd&interval=1d,
SENS.SW,SENS.SW,Sensirion Holding,scaling,True,,CHF,69.0,61.6,11.29,,,2026-05-04T09:06:43+00:00,2026-05-04,https://finance.yahoo.com/quote/SENS.SW/,https://query1.finance.yahoo.com/v8/finance/chart/SENS.SW?range=ytd&interval=1d,
SERV,SERV,Serve Robotics,robotics;scaling,True,,USD,9.4,10.38,-20.54,,,2026-05-01T20:00:00+00:00,2026-05-04,https://finance.yahoo.com/quote/SERV/,https://query1.finance.yahoo.com/v8/finance/chart/SERV?range=ytd&interval=1d,
SIE.DE,SIE,Siemens,companies,True,,EUR,254.1,239.15,5.39,,,2026-05-04T09:17:03+00:00,2026-05-04,https://finance.yahoo.com/quote/SIE.DE/,https://query1.finance.yahoo.com/v8/finance/chart/SIE.DE?range=ytd&interval=1d,
SIMO,SIMO,Silicon Motion,companies;signals:twitter_ai_stock_report_2026_04_09;signals:twitter_ai_stock_report_2026_04_14,True,,USD,234.52,92.7,150.13,7970000000.0,7970000000.0,2026-05-01T20:00:00+00:00,2026-05-04,https://finance.yahoo.com/quote/SIMO/,https://query1.finance.yahoo.com/v8/finance/chart/SIMO?range=ytd&interval=1d,
SITM,SITM,SiTime,companies,True,,USD,558.63,353.19,51.0,,,2026-05-01T20:00:00+00:00,2026-05-04,https://finance.yahoo.com/quote/SITM/,https://query1.finance.yahoo.com/v8/finance/chart/SITM?range=ytd&interval=1d,
SIVE.ST,SIVE.ST,Sivers Semiconductors,signals:twitter_ai_stock_report_2026_04_09;signals:twitter_ai_stock_report_2026_04_14,True,,SEK,48.48,4.154,1032.71,,,2026-05-04T09:32:06+00:00,2026-05-04,https://finance.yahoo.com/quote/SIVE.ST/,https://query1.finance.yahoo.com/v8/finance/chart/SIVE.ST?range=ytd&interval=1d,
SKYT,SKYT,SkyWater Technology,scaling,True,,USD,31.99,18.16,42.62,1631000000.0,1631000000.0,2026-05-01T20:00:00+00:00,2026-05-04,https://finance.yahoo.com/quote/SKYT/,https://query1.finance.yahoo.com/v8/finance/chart/SKYT?range=ytd&interval=1d,
SMCI,SMCI,Super Micro Computer,ai-passives;companies,True,,USD,27.09,29.27,-12.5,16267000000.0,16267000000.0,2026-05-01T20:00:00+00:00,2026-05-04,https://finance.yahoo.com/quote/SMCI/,https://query1.finance.yahoo.com/v8/finance/chart/SMCI?range=ytd&interval=1d,
SMHN.DE,SMHN.DE,SÜSS MicroTec,scaling,True,,EUR,77.15,39.14,88.91,988273000.0,1158453610.6,2026-05-04T09:06:03+00:00,2026-05-04,https://finance.yahoo.com/quote/SMHN.DE/,https://query1.finance.yahoo.com/v8/finance/chart/SMHN.DE?range=ytd&interval=1d,
SMR,SMR,SMR,beneficiaries;market-snapshot,True,,USD,12.14,14.17,-25.57,3930000000.0,3930000000.0,2026-05-01T20:00:46+00:00,2026-05-04,https://finance.yahoo.com/quote/SMR/,https://query1.finance.yahoo.com/v8/finance/chart/SMR?range=ytd&interval=1d,
SNPS,SNPS,Synopsys,beneficiaries;companies;market-snapshot,True,,USD,489.02,469.72,1.79,93678000000.0,93678000000.0,2026-05-01T20:00:00+00:00,2026-05-04,https://finance.yahoo.com/quote/SNPS/,https://query1.finance.yahoo.com/v8/finance/chart/SNPS?range=ytd&interval=1d,
SOI.PA,SOI.PA,SOI.PA,beneficiaries;market-snapshot;signals:twitter_ai_stock_report_2026_04_09;signals:twitter_ai_stock_report_2026_04_14,True,,EUR,146.2,23.19,487.86,,,2026-05-04T09:17:03+00:00,2026-05-04,https://finance.yahoo.com/quote/SOI.PA/,https://query1.finance.yahoo.com/v8/finance/chart/SOI.PA?range=ytd&interval=1d,
STLTECH.NS,STLTECH.NS,Sterlite Technologies,scaling,True,,INR,309.5,103.2,201.95,,,2026-05-04T09:32:06+00:00,2026-05-04,https://finance.yahoo.com/quote/STLTECH.NS/,https://query1.finance.yahoo.com/v8/finance/chart/STLTECH.NS?range=ytd&interval=1d,
STM,STM,STMicroelectronics,ai-passives;bottleneck-sectors;companies;market-snapshot,True,,USD,55.75,25.94,103.69,49550000000.0,49550000000.0,2026-05-01T20:00:02+00:00,2026-05-04,https://finance.yahoo.com/quote/STM/,https://query1.finance.yahoo.com/v8/finance/chart/STM?range=ytd&interval=1d,
STX,STX,Seagate Technology,companies,True,,USD,726.93,275.39,152.81,162999000000.0,162999000000.0,2026-05-01T20:00:00+00:00,2026-05-04,https://finance.yahoo.com/quote/STX/,https://query1.finance.yahoo.com/v8/finance/chart/STX?range=ytd&interval=1d,
SU.PA,SU,Schneider Electric,ai-passives;beneficiaries;bottleneck-sectors;companies;market-snapshot,True,,EUR,267.4,234.9,12.8,,,2026-05-04T09:17:06+00:00,2026-05-04,https://finance.yahoo.com/quote/SU.PA/,https://query1.finance.yahoo.com/v8/finance/chart/SU.PA?range=ytd&interval=1d,
SYM,SYM,Symbotic,robotics,True,,USD,58.89,59.5,-9.22,36474000000.0,36474000000.0,2026-05-01T20:00:00+00:00,2026-05-04,https://finance.yahoo.com/quote/SYM/,https://query1.finance.yahoo.com/v8/finance/chart/SYM?range=ytd&interval=1d,
TEJASNET.NS,TEJASNET.NS,Tejas Networks,scaling,True,,INR,418.2,449.65,-7.5,,,2026-05-04T09:32:08+00:00,2026-05-04,https://finance.yahoo.com/quote/TEJASNET.NS/,https://query1.finance.yahoo.com/v8/finance/chart/TEJASNET.NS?range=ytd&interval=1d,
TEL,TEL,TE Connectivity,ai-passives;companies,True,,USD,207.43,227.51,-11.06,60548000000.0,60548000000.0,2026-05-01T20:00:03+00:00,2026-05-04,https://finance.yahoo.com/quote/TEL/,https://query1.finance.yahoo.com/v8/finance/chart/TEL?range=ytd&interval=1d,
TER,TER,Teradyne,companies;signals:twitter_ai_stock_report_2026_04_09;signals:twitter_ai_stock_report_2026_04_14,True,,USD,345.42,193.56,66.42,54079000000.0,54079000000.0,2026-05-01T20:00:00+00:00,2026-05-04,https://finance.yahoo.com/quote/TER/,https://query1.finance.yahoo.com/v8/finance/chart/TER?range=ytd&interval=1d,
TLN,TLN,TLN,beneficiaries;market-snapshot,True,,USD,372.16,374.84,-6.19,,,2026-05-01T20:00:00+00:00,2026-05-04,https://finance.yahoo.com/quote/TLN/,https://query1.finance.yahoo.com/v8/finance/chart/TLN?range=ytd&interval=1d,
TSEM,TSEM,Tower Semiconductor,signals:twitter_ai_stock_report_2026_04_09;signals:twitter_ai_stock_report_2026_04_14,True,,USD,218.01,117.42,79.08,25941000000.0,25941000000.0,2026-05-01T20:00:00+00:00,2026-05-04,https://finance.yahoo.com/quote/TSEM/,https://query1.finance.yahoo.com/v8/finance/chart/TSEM?range=ytd&interval=1d,
TSLA,TSLA,Tesla,robotics,True,,USD,390.82,449.72,-10.79,1468000000000.0,1468000000000.0,2026-05-01T20:00:00+00:00,2026-05-04,https://finance.yahoo.com/quote/TSLA/,https://query1.finance.yahoo.com/v8/finance/chart/TSLA?range=ytd&interval=1d,
TSM,TSM,TSMC,beneficiaries;bottleneck-sectors;companies;market-snapshot;robotics,True,,USD,397.67,303.89,24.42,2062000000000.0,2062000000000.0,2026-05-01T20:00:02+00:00,2026-05-04,https://finance.yahoo.com/quote/TSM/,https://query1.finance.yahoo.com/v8/finance/chart/TSM?range=ytd&interval=1d,
TT,TT,Trane Technologies,bottleneck-sectors;companies;market-snapshot,True,,USD,486.48,389.2,22.23,107571000000.0,107571000000.0,2026-05-01T20:00:04+00:00,2026-05-04,https://finance.yahoo.com/quote/TT/,https://query1.finance.yahoo.com/v8/finance/chart/TT?range=ytd&interval=1d,
TTG.L,TTG,TT Electronics,ai-passives,True,,GBp,115.0,114.4,-2.54,,,2026-05-01T15:38:44+00:00,2026-05-04,https://finance.yahoo.com/quote/TTG.L/,https://query1.finance.yahoo.com/v8/finance/chart/TTG.L?range=ytd&interval=1d,
TTMI,TTMI,TTMI,ai-passives;bottleneck-sectors;market-snapshot,True,,USD,158.99,69.0,125.17,,,2026-05-01T20:00:00+00:00,2026-05-04,https://finance.yahoo.com/quote/TTMI/,https://query1.finance.yahoo.com/v8/finance/chart/TTMI?range=ytd&interval=1d,
TXN,TXN,Texas Instruments,ai-passives,True,,USD,280.95,173.49,58.26,255691000000.0,255691000000.0,2026-05-01T20:00:02+00:00,2026-05-04,https://finance.yahoo.com/quote/TXN/,https://query1.finance.yahoo.com/v8/finance/chart/TXN?range=ytd&interval=1d,
UBXN.SW,UBXN.SW,u-blox,scaling,True,,CHF,133.2,135.0,-1.33,,,2026-05-04T07:01:44+00:00,2026-05-04,https://finance.yahoo.com/quote/UBXN.SW/,https://query1.finance.yahoo.com/v8/finance/chart/UBXN.SW?range=ytd&interval=1d,
UMC,UMC,UMC,companies,True,,USD,13.05,7.86,66.45,32826000000.0,32826000000.0,2026-05-01T20:00:02+00:00,2026-05-04,https://finance.yahoo.com/quote/UMC/,https://query1.finance.yahoo.com/v8/finance/chart/UMC?range=ytd&interval=1d,
VGO.WA,VGO.WA,VIGO Photonics,scaling,True,,PLN,532.0,450.0,12.71,,,2026-05-04T09:17:07+00:00,2026-05-04,https://finance.yahoo.com/quote/VGO.WA/,https://query1.finance.yahoo.com/v8/finance/chart/VGO.WA?range=ytd&interval=1d,
VICR,VICR,Vicor,ai-passives,True,,USD,268.51,109.6,129.77,12183000000.0,12183000000.0,2026-05-01T20:00:02+00:00,2026-05-04,https://finance.yahoo.com/quote/VICR/,https://query1.finance.yahoo.com/v8/finance/chart/VICR?range=ytd&interval=1d,
VLN,VLN,Valens Semiconductor,scaling,True,,USD,2.34,1.42,50.0,242700000.0,242700000.0,2026-05-01T20:00:02+00:00,2026-05-04,https://finance.yahoo.com/quote/VLN/,https://query1.finance.yahoo.com/v8/finance/chart/VLN?range=ytd&interval=1d,
VLTSA.PA,VLTSA.PA,Voltalia,scaling,True,,EUR,7.1,7.79,-13.04,,,2026-05-04T09:10:28+00:00,2026-05-04,https://finance.yahoo.com/quote/VLTSA.PA/,https://query1.finance.yahoo.com/v8/finance/chart/VLTSA.PA?range=ytd&interval=1d,
VOLTAMP.NS,VOLTAMP.NS,Voltamp Transformers,scaling,True,,INR,12299.0,7852.0,57.87,,,2026-05-04T09:32:07+00:00,2026-05-04,https://finance.yahoo.com/quote/VOLTAMP.NS/,https://query1.finance.yahoo.com/v8/finance/chart/VOLTAMP.NS?range=ytd&interval=1d,
VPG,VPG,Vishay Precision Group,ai-passives,True,,USD,60.22,38.5,53.31,,,2026-05-01T20:00:02+00:00,2026-05-04,https://finance.yahoo.com/quote/VPG/,https://query1.finance.yahoo.com/v8/finance/chart/VPG?range=ytd&interval=1d,
VRT,VRT,Vertiv,ai-passives;beneficiaries;bottleneck-sectors;companies;market-snapshot,True,,USD,328.31,162.01,86.95,117606000000.0,117606000000.0,2026-05-01T20:00:03+00:00,2026-05-04,https://finance.yahoo.com/quote/VRT/,https://query1.finance.yahoo.com/v8/finance/chart/VRT?range=ytd&interval=1d,
VSH,VSH,Vishay Intertechnology,ai-passives;bottleneck-sectors;companies;market-snapshot,True,,USD,29.58,14.49,93.46,4026000000.0,4026000000.0,2026-05-01T20:00:02+00:00,2026-05-04,https://finance.yahoo.com/quote/VSH/,https://query1.finance.yahoo.com/v8/finance/chart/VSH?range=ytd&interval=1d,
VST,VST,VST,beneficiaries;market-snapshot,True,,USD,155.28,161.33,-6.02,52570000000.0,52570000000.0,2026-05-01T20:00:02+00:00,2026-05-04,https://finance.yahoo.com/quote/VST/,https://query1.finance.yahoo.com/v8/finance/chart/VST?range=ytd&interval=1d,
WAF.F,WAF.F,Siltronic,scaling,True,,EUR,80.2,46.38,60.4,,,2026-05-04T09:06:27+00:00,2026-05-04,https://finance.yahoo.com/quote/WAF.F/,https://query1.finance.yahoo.com/v8/finance/chart/WAF.F?range=ytd&interval=1d,
WDC,WDC,Western Digital,ai-passives;companies,True,,USD,431.52,172.27,129.9,147536000000.0,147536000000.0,2026-05-01T20:00:03+00:00,2026-05-04,https://finance.yahoo.com/quote/WDC/,https://query1.finance.yahoo.com/v8/finance/chart/WDC?range=ytd&interval=1d,
WITH.HE,WITH.HE,WithSecure Oyj,scaling,True,,EUR,1.718,1.712,0.35,,,2026-03-24T16:29:31+00:00,2026-05-04,https://finance.yahoo.com/quote/WITH.HE/,https://query1.finance.yahoo.com/v8/finance/chart/WITH.HE?range=ytd&interval=1d,
WMT,NYSE: WMT,Walmart,carbon-vs-silicon,True,,USD,131.6,111.41,16.71,1049000000000.0,1049000000000.0,2026-05-01T20:00:00+00:00,2026-05-04,https://finance.yahoo.com/quote/WMT/,https://query1.finance.yahoo.com/v8/finance/chart/WMT?range=ytd&interval=1d,
WOLF,WOLF,Wolfspeed,companies;scaling,True,,USD,36.76,17.41,94.19,1777000000.0,1777000000.0,2026-05-01T20:01:46+00:00,2026-05-04,https://finance.yahoo.com/quote/WOLF/,https://query1.finance.yahoo.com/v8/finance/chart/WOLF?range=ytd&interval=1d,
WWD,WWD,WWD,bottleneck-sectors;market-snapshot,True,,USD,362.99,302.32,16.77,21640000000.0,21640000000.0,2026-05-01T20:00:00+00:00,2026-05-04,https://finance.yahoo.com/quote/WWD/,https://query1.finance.yahoo.com/v8/finance/chart/WWD?range=ytd&interval=1d,
XFAB.PA,XFAB.PA,X-FAB,scaling,True,,EUR,6.39,5.17,21.02,,,2026-05-04T09:14:21+00:00,2026-05-04,https://finance.yahoo.com/quote/XFAB.PA/,https://query1.finance.yahoo.com/v8/finance/chart/XFAB.PA?range=ytd&interval=1d,
YSN.F,YSN.F,secunet,scaling,True,,EUR,186.4,183.6,3.1,,,2026-05-04T08:58:22+00:00,2026-05-04,https://finance.yahoo.com/quote/YSN.F/,https://query1.finance.yahoo.com/v8/finance/chart/YSN.F?range=ytd&interval=1d,
YUBICO.ST,YUBICO.ST,Yubico,scaling,True,,SEK,49.0,76.42,-32.88,,,2026-05-04T09:31:59+00:00,2026-05-04,https://finance.yahoo.com/quote/YUBICO.ST/,https://query1.finance.yahoo.com/v8/finance/chart/YUBICO.ST?range=ytd&interval=1d,
